{"objectID":"_advent_of_code.html#day_8_treetop_tree_house","parent":"_advent_of_code.html#get_ready_for_advent_of_code","pageViews":0,"url":"https://kotlinlang.org/docs/advent-of-code.html#day-8-treetop-tree-house","mainTitle":"Advent of Code puzzles in idiomatic Kotlin","product":"","headings":"Advent of Code puzzles in idiomatic Kotlin,Day 8: Treetop tree house","content":"See the sequence builder in action, and how far a first draft of a program and an idiomatic Kotlin solution can differ (with special guest Roman Elizarov!).\n- Read the puzzle description on Advent of Code\n- Check out the solution in the video:\nYouTube Advent of Code 2022 Day 8 | Kotlin\n","pageTitle":"Day 8: Treetop tree house","metaDescription":"","type":"Documentation","breadcrumbs":"Learning materials","root":0,"depth":1}