{"objectID":"_advent_of_code.html#day_2_rock_paper_scissors","parent":"_advent_of_code.html#get_ready_for_advent_of_code","pageViews":0,"url":"https://kotlinlang.org/docs/advent-of-code.html#day-2-rock-paper-scissors","mainTitle":"Advent of Code puzzles in idiomatic Kotlin","product":"","headings":"Advent of Code puzzles in idiomatic Kotlin,Day 2: Rock paper scissors","content":"Understand operations on the Char type in Kotlin, see how the Pair type and the to constructor work well with pattern matching. Understand how to order your own objects using the compareTo() function.\n- Read the puzzle description on Advent of Code\n- Check out the solution in the video:\nYouTube Advent of Code 2022 Day 2 | Kotlin\n","pageTitle":"Day 2: Rock paper scissors","metaDescription":"","type":"Documentation","breadcrumbs":"Learning materials","root":0,"depth":1}