{"objectID":"_advent_of_code.html#day_1_sonar_sweep","parent":"_advent_of_code.html#get_ready_for_advent_of_code","pageViews":0,"url":"https://kotlinlang.org/docs/advent-of-code.html#day-1-sonar-sweep","mainTitle":"Advent of Code puzzles in idiomatic Kotlin","product":"","headings":"Advent of Code puzzles in idiomatic Kotlin,Day 1: Sonar sweep","content":"Apply windowed and count functions to work with pairs and triplets of integers.\n- Read the puzzle description on Advent of Code\n- Check out the solution from Anton Arhipov on the Kotlin Blog or watch the video:\nYouTube Advent of Code 2021 in Kotlin, Day 1: Sonar Sweep\n","pageTitle":"Day 1: Sonar sweep","metaDescription":"","type":"Documentation","breadcrumbs":"Learning materials","root":0,"depth":1}