{"objectID":"_advent_of_code.html#day_3_rucksack_reorganization","parent":"_advent_of_code.html#get_ready_for_advent_of_code","pageViews":0,"url":"https://kotlinlang.org/docs/advent-of-code.html#day-3-rucksack-reorganization","mainTitle":"Advent of Code puzzles in idiomatic Kotlin","product":"","headings":"Advent of Code puzzles in idiomatic Kotlin,Day 3: Rucksack reorganization","content":"Learn how the kotlinx.benchmark library helps you understand the performance characteristics of your code. See how set operations like intersect can help you select overlapping data, and see performance comparisons between different implementations of the same solution.\n- Read the puzzle description on Advent of Code\n- Check out the solution in the video:\nYouTube Advent of Code 2022 Day 3 | Kotlin\n","pageTitle":"Day 3: Rucksack reorganization","metaDescription":"","type":"Documentation","breadcrumbs":"Learning materials","root":0,"depth":1}