{"objectID":"_advent_of_code.html#day_2_dive","parent":"_advent_of_code.html#get_ready_for_advent_of_code","pageViews":0,"url":"https://kotlinlang.org/docs/advent-of-code.html#day-2-dive","mainTitle":"Advent of Code puzzles in idiomatic Kotlin","product":"","headings":"Advent of Code puzzles in idiomatic Kotlin,Day 2: Dive!","content":"Learn about destructuring declarations and the when expression.\n- Read the puzzle description on Advent of Code\n- Check out the solution from Pasha Finkelshteyn on GitHub or watch the video:\nYouTube Advent of Code 2021 in Kotlin, Day 2: Dive!\n","pageTitle":"Day 2: Dive!","metaDescription":"","type":"Documentation","breadcrumbs":"Learning materials","root":0,"depth":1}