{"objectID":"_advent_of_code.html#day_5_supply_stacks","parent":"_advent_of_code.html#get_ready_for_advent_of_code","pageViews":0,"url":"https://kotlinlang.org/docs/advent-of-code.html#day-5-supply-stacks","mainTitle":"Advent of Code puzzles in idiomatic Kotlin","product":"","headings":"Advent of Code puzzles in idiomatic Kotlin,Day 5: Supply stacks","content":"Learn about constructing more complex objects with factory functions, how to use regular expressions, and the double-ended ArrayDeque type.\n- Read the puzzle description on Advent of Code\n- Check out the solution in the video:\nYouTube Advent of Code 2022 Day 5 | Kotlin\n","pageTitle":"Day 5: Supply stacks","metaDescription":"","type":"Documentation","breadcrumbs":"Learning materials","root":0,"depth":1}