{"objectID":"_advent_of_code.html#day_8_handheld_halting","parent":"_advent_of_code.html#get_ready_for_advent_of_code","pageViews":0,"url":"https://kotlinlang.org/docs/advent-of-code.html#day-8-handheld-halting","mainTitle":"Advent of Code puzzles in idiomatic Kotlin","product":"","headings":"Advent of Code puzzles in idiomatic Kotlin,Day 8: Handheld halting","content":"Apply sealed classes and lambdas to represent instructions, apply Kotlin sets to discover loops in the program execution, use sequences and the sequence { } builder function to construct a lazy collection, and try the experimental measureTimedValue() function to check performance metrics.\n- Read the puzzle description on Advent of Code\n- Check out the solution from Sebastian Aigner on the Kotlin Blog or watch the video:\nYouTube Learn Kotlin with the Kotlin Team: Advent of Code 2020 #8\n","pageTitle":"Day 8: Handheld halting","metaDescription":"","type":"Documentation","breadcrumbs":"Learning materials","root":0,"depth":1}