{"objectID":"_advent_of_code.html#day_6_custom_customs","parent":"_advent_of_code.html#get_ready_for_advent_of_code","pageViews":0,"url":"https://kotlinlang.org/docs/advent-of-code.html#day-6-custom-customs","mainTitle":"Advent of Code puzzles in idiomatic Kotlin","product":"","headings":"Advent of Code puzzles in idiomatic Kotlin,Day 6: Custom customs","content":"Learn how to group and count characters in strings and collections using the standard library functions: map(), reduce(), sumOf(), intersect(), and union().\n- Read the puzzle description on Advent of Code\n- Check out the solution from Anton Arhipov on the Kotlin Blog or watch the video:\nYouTube Learn Kotlin with the Kotlin Team: Advent of Code 2020 #6\n","pageTitle":"Day 6: Custom customs","metaDescription":"","type":"Documentation","breadcrumbs":"Learning materials","root":0,"depth":1}