{"objectID":"_advent_of_code.html#get_ready_for_advent_of_code","parent":"_advent_of_code.html#get_ready_for_advent_of_code","pageViews":0,"url":"https://kotlinlang.org/docs/advent-of-code.html#get-ready-for-advent-of-code","mainTitle":"Advent of Code puzzles in idiomatic Kotlin","product":"","headings":"Advent of Code puzzles in idiomatic Kotlin,Get ready for Advent of Code","content":"We\u0027ll take you through the basic tips on how to get up and running with solving Advent of Code challenges with Kotlin:\n- Use this GitHub template to create projects\n- Check out the welcome video by Kotlin Developer Advocate, Sebastian Aigner:\n","pageTitle":"Get ready for Advent of Code","metaDescription":"","type":"Documentation","breadcrumbs":"Learning materials","root":0,"depth":1}