{"objectID":"_advent_of_code.html#advent_of_code_2020","parent":"_advent_of_code.html#get_ready_for_advent_of_code","pageViews":0,"url":"https://kotlinlang.org/docs/advent-of-code.html#advent-of-code-2020","mainTitle":"Advent of Code puzzles in idiomatic Kotlin","product":"","headings":"Advent of Code puzzles in idiomatic Kotlin,Advent of Code 2020","content":"You can find all the solutions for the Advent of Code 2020 puzzles in our GitHub repository.\n","pageTitle":"Advent of Code 2020","metaDescription":"","type":"Documentation","breadcrumbs":"Learning materials","root":0,"depth":1}