{"objectID":"_all_open_plugin.html#command_line_compiler","parent":"_all_open_plugin.html#gradle","pageViews":0,"url":"https://kotlinlang.org/docs/all-open-plugin.html#command-line-compiler","mainTitle":"All-open compiler plugin","product":"","headings":"All-open compiler plugin,Command-line compiler","content":"All-open compiler plugin JAR is available in the binary distribution of the Kotlin compiler. You can attach the plugin by providing the path to its JAR file using the -Xplugin kotlinc option:\n-Xplugin\u003d$KOTLIN_HOME/lib/allopen-compiler-plugin.jar\nYou can specify all-open annotations directly, using the annotation plugin option, or enable the preset:\n# The plugin option format is: \"-P plugin:\u0026lt;plugin id\u0026gt;:\u0026lt;key\u0026gt;\u003d\u0026lt;value\u0026gt;\". \n# Options can be repeated.\n\n-P plugin:org.jetbrains.kotlin.allopen:annotation\u003dcom.my.Annotation\n-P plugin:org.jetbrains.kotlin.allopen:preset\u003dspring\nPresets that available for the all-open plugin are: spring, micronaut, and quarkus.\n","pageTitle":"Command-line compiler","metaDescription":"","type":"Documentation","breadcrumbs":"Compiler and plugins///Kotlin compiler plugins","root":0,"depth":2}