{"objectID":"_all_open_plugin.html#gradle","parent":"_all_open_plugin.html#gradle","pageViews":0,"url":"https://kotlinlang.org/docs/all-open-plugin.html#gradle","mainTitle":"All-open compiler plugin","product":"","headings":"All-open compiler plugin,Gradle","content":"Add the plugin in your build.gradle(.kts) file:\n\u003cb\u003eKotlin\u003c/b\u003e plugins {\n    kotlin(\"plugin.allopen\") version \"2.2.0\"\n}\n\u003cb\u003eGroovy\u003c/b\u003e plugins {\n    id \"org.jetbrains.kotlin.plugin.allopen\" version \"2.2.0\"\n}\nThen specify the list of annotations that will make classes open:\n\u003cb\u003eKotlin\u003c/b\u003e allOpen {\n    annotation(\"com.my.Annotation\")\n    // annotations(\"com.another.Annotation\", \"com.third.Annotation\")\n}\n\u003cb\u003eGroovy\u003c/b\u003e allOpen {\n    annotation(\"com.my.Annotation\")\n    // annotations(\"com.another.Annotation\", \"com.third.Annotation\")\n}\nIf the class (or any of its superclasses) is annotated with com.my.Annotation, the class itself and all its members will become open.\nIt also works with meta-annotations:\n@com.my.Annotation\nannotation class MyFrameworkAnnotation\n\n@MyFrameworkAnnotation\nclass MyClass // will be all-open\nMyFrameworkAnnotation is annotated with the all-open meta-annotation com.my.Annotation, so it becomes an all-open annotation as well.\n","pageTitle":"Gradle","metaDescription":"","type":"Documentation","breadcrumbs":"Compiler and plugins///Kotlin compiler plugins","root":0,"depth":2}