{"objectID":"_annotations.html#limitations","parent":"_annotations.html#usage","pageViews":0,"url":"https://kotlinlang.org/docs/annotations.html#limitations","mainTitle":"Annotations","product":"","headings":"Annotations,Limitations","content":"The all target comes with some limitations:\n- It does not propagate an annotation to types, potential extension receivers, or context receivers or parameters.\n- It cannot be used with multiple annotations:\n@all:[A B] // forbidden, use `@all:A @all:B`\nval x: Int \u003d 5\n- It cannot be used with delegated properties.\n","pageTitle":"Limitations","metaDescription":"","type":"Documentation","breadcrumbs":"Concepts","root":0,"depth":1}