{"objectID":"_annotations.html#arrays_as_annotation_parameters","parent":"_annotations.html#usage","pageViews":0,"url":"https://kotlinlang.org/docs/annotations.html#arrays-as-annotation-parameters","mainTitle":"Annotations","product":"","headings":"Annotations,Arrays as annotation parameters","content":"If the value argument in Java has an array type, it becomes a vararg parameter in Kotlin:\n// Java\npublic @interface AnnWithArrayValue {\n    String[] value();\n}\n// Kotlin\n@AnnWithArrayValue(\"abc\", \"foo\", \"bar\") class C\nFor other arguments that have an array type, you need to use the array literal syntax or arrayOf(...):\n// Java\npublic @interface AnnWithArrayMethod {\n    String[] names();\n}\n@AnnWithArrayMethod(names \u003d [\"abc\", \"foo\", \"bar\"]) \nclass C\n","pageTitle":"Arrays as annotation parameters","metaDescription":"","type":"Documentation","breadcrumbs":"Concepts","root":0,"depth":1}