{"objectID":"_ant.html#kotlinc_attributes","parent":"_ant.html#getting_the_ant_tasks","pageViews":0,"url":"https://kotlinlang.org/docs/ant.html#kotlinc-attributes","mainTitle":"Ant","product":"","headings":"Ant,kotlinc attributes","content":"Name Description Required Default Value\noutput Destination directory or .jar file name Yes\nclasspath Compilation class path No\nclasspathref Compilation class path reference No\nincludeRuntime If output is a .jar file, whether Kotlin runtime library is included in the jar No true\nmoduleName Name of the module being compiled No The name of the target (if specified) or the project\n","pageTitle":"kotlinc attributes","metaDescription":"","type":"Documentation","breadcrumbs":"Tools///Build tools","root":0,"depth":2}