{"objectID":"_ant.html#targeting_javascript_with_prefix_postfix_and_sourcemap_options","parent":"_ant.html#getting_the_ant_tasks","pageViews":0,"url":"https://kotlinlang.org/docs/ant.html#targeting-javascript-with-prefix-postfix-and-sourcemap-options","mainTitle":"Ant","product":"","headings":"Ant,Targeting JavaScript with Prefix, PostFix and sourcemap options","content":"\u0026lt;project name\u003d\"Ant Task Test\" default\u003d\"build\"\u0026gt;\n    \u0026lt;taskdef resource\u003d\"org/jetbrains/kotlin/ant/antlib.xml\" classpath\u003d\"${kotlin.lib}/kotlin-ant.jar\"/\u0026gt;\n\n    \u0026lt;target name\u003d\"build\"\u0026gt;\n        \u0026lt;kotlin2js src\u003d\"root1\" output\u003d\"out.js\" outputPrefix\u003d\"prefix\" outputPostfix\u003d\"postfix\" sourcemap\u003d\"true\"/\u0026gt;\n    \u0026lt;/target\u0026gt;\n\u0026lt;/project\u0026gt;\n","pageTitle":"Targeting JavaScript with Prefix, PostFix and sourcemap options","metaDescription":"","type":"Documentation","breadcrumbs":"Tools///Build tools","root":0,"depth":2}