{"objectID":"_apple_framework.html#create_a_kotlin_library","parent":"_apple_framework.html#create_a_kotlin_library","pageViews":0,"url":"https://kotlinlang.org/docs/apple-framework.html#create-a-kotlin-library","mainTitle":"Kotlin/Native as an Apple framework – tutorial","product":"","headings":"Kotlin/Native as an Apple framework – tutorial,Create a Kotlin library","content":"See the Get started with Kotlin/Native tutorial for detailed first steps and instructions on how to create a new Kotlin/Native project and open it in IntelliJ IDEA.\nThe Kotlin/Native compiler can produce a framework for macOS and iOS from the Kotlin code. The created framework contains all declarations and binaries needed to use it with Swift/Objective-C.\nLet\u0027s first create a Kotlin library:\n2. In the src/nativeMain/kotlin directory, create the lib.kt file with the library contents:\npackage example\n\nobject Object {\n    val field \u003d \"A\"\n}\n\ninterface Interface {\n    fun iMember() {}\n}\n\nclass Clazz : Interface {\n    fun member(p: Int): ULong? \u003d 42UL\n}\n\nfun forIntegers(b: Byte, s: UShort, i: Int, l: ULong?) { }\nfun forFloats(f: Float, d: Double?) { }\n\nfun strings(str: String?) : String {\n    return \"That is \u0027$str\u0027 from C\"\n}\n\nfun acceptFun(f: (String) -\u0026gt; String?) \u003d f(\"Kotlin/Native rocks!\")\nfun supplyFun() : (String) -\u0026gt; String? \u003d { \"$it is cool!\" }\n4. Update your build.gradle(.kts) Gradle build file with the following:\n\u003cb\u003eKotlin\u003c/b\u003e plugins {\n    kotlin(\"multiplatform\") version \"2.2.0\"\n}\n\nrepositories {\n    mavenCentral()\n}\n\nkotlin {\n    iosArm64(\"native\") {\n        binaries {\n            framework {\n                baseName \u003d \"Demo\"\n            }\n        }\n    }\n}\n\ntasks.wrapper {\n    gradleVersion \u003d \"8.14\"\n    distributionType \u003d Wrapper.DistributionType.ALL\n}\n\u003cb\u003eGroovy\u003c/b\u003e plugins {\n    id \u0027org.jetbrains.kotlin.multiplatform\u0027 version \u00272.2.0\u0027\n}\n\nrepositories {\n    mavenCentral()\n}\n\nkotlin {\n    iosArm64(\"native\") {\n        binaries {\n            framework {\n                baseName \u003d \"Demo\"\n            }\n        }\n    }\n}\n\nwrapper {\n    gradleVersion \u003d \"8.14\"\n    distributionType \u003d \"ALL\"\n}\nThe binaries {} block configures the project to generate a dynamic or shared library.\nKotlin/Native supports the iosArm64, iosX64, and iosSimulatorArm64 targets for iOS, as well as macosX64 and macosArm64 targets for macOS. So, you can replace the iosArm64() with the respective Gradle function for your target platform:\nTarget platform/device Gradle function\nmacOS x86_64 macosX64()\nmacOS ARM64 macosArm64()\niOS ARM64 iosArm64()\niOS Simulator (x86_64) iosX64()\niOS Simulator (ARM64) iosSimulatorArm64()\nFor information on other supported Apple targets, see Kotlin/Native target support.\n6. Run the linkDebugFrameworkNative Gradle task in the IDE or use the following console command in your terminal to build the framework:\n./gradlew linkDebugFrameworkNative\nThe build generates the framework into the build/bin/native/debugFramework directory.\nYou can also use the linkNative Gradle task to generate both debug and release variants of the framework.\n","pageTitle":"Create a Kotlin library","metaDescription":"","type":"Documentation","breadcrumbs":"Platforms///Native///Objective-C interop","root":0,"depth":3}