{"objectID":"_apple_framework.html#kotlin_numbers_and_nsnumber","parent":"_apple_framework.html#create_a_kotlin_library","pageViews":0,"url":"https://kotlinlang.org/docs/apple-framework.html#kotlin-numbers-and-nsnumber","mainTitle":"Kotlin/Native as an Apple framework – tutorial","product":"","headings":"Kotlin/Native as an Apple framework – tutorial,Kotlin numbers and NSNumber","content":"The next part of the Demo.h file contains type mappings between Kotlin/Native number types and NSNumber. The base class is called DemoNumber in Objective-C and KotlinNumber in Swift. It extends NSNumber.\nFor each Kotlin number type, there is a corresponding predefined child class:\nKotlin Swift Objective-C Simple type\n- KotlinNumber \u0026lt;Package\u0026gt;Number -\nByte KotlinByte \u0026lt;Package\u0026gt;Byte char\nUByte KotlinUByte \u0026lt;Package\u0026gt;UByte unsigned char\nShort KotlinShort \u0026lt;Package\u0026gt;Short short\nUShort KotlinUShort \u0026lt;Package\u0026gt;UShort unsigned short\nInt KotlinInt \u0026lt;Package\u0026gt;Int int\nUInt KotlinUInt \u0026lt;Package\u0026gt;UInt unsigned int\nLong KotlinLong \u0026lt;Package\u0026gt;Long long long\nULong KotlinULong \u0026lt;Package\u0026gt;ULong unsigned long long\nFloat KotlinFloat \u0026lt;Package\u0026gt;Float float\nDouble KotlinDouble \u0026lt;Package\u0026gt;Double double\nBoolean KotlinBoolean \u0026lt;Package\u0026gt;Boolean BOOL/Bool\nEvery number type has a class method to create a new instance from the corresponding simple type. Also, there is an instance method to extract a simple value back. Schematically, all such declarations look like that:\n__attribute__((swift_name(\"Kotlin__TYPE__\")))\n@interface Demo__TYPE__ : DemoNumber\n- (instancetype)initWith__TYPE__:(__CTYPE__)value;\n+ (instancetype)numberWith__TYPE__:(__CTYPE__)value;\n@end;\nHere, __TYPE__ is one of the simple type names, and __CTYPE__ is the corresponding Objective-C type, for example, initWithChar(char).\nThese types are used to map boxed Kotlin number types to Swift/Objective-C. In Swift, you can call the constructor to create an instance, for example, KotlinLong(value: 42).\n","pageTitle":"Kotlin numbers and NSNumber","metaDescription":"","type":"Documentation","breadcrumbs":"Platforms///Native///Objective-C interop","root":0,"depth":3}