{"objectID":"_apple_framework.html#","parent":"_apple_framework.html#create_a_kotlin_library","pageViews":0,"url":"https://kotlinlang.org/docs/apple-framework.html","mainTitle":"Kotlin/Native as an Apple framework – tutorial","product":"","headings":"Kotlin/Native as an Apple framework – tutorial","content":"The Objective-C libraries import is in Beta. All Kotlin declarations generated by the cinterop tool from Objective-C libraries should have the @ExperimentalForeignApi annotation.\nNative platform libraries shipped with Kotlin/Native (like Foundation, UIKit, and POSIX) require opt-in only for some APIs.\nKotlin/Native provides bidirectional interoperability with Swift/Objective-C. You can both use Objective-C frameworks and libraries in Kotlin code, and Kotlin modules in Swift/Objective-C code.\nKotlin/Native comes with a set of pre-imported system frameworks; it\u0027s also possible to import an existing framework and use it from Kotlin. In this tutorial, you\u0027ll learn how to create your own framework and use Kotlin/Native code from Swift/Objective-C applications on macOS and iOS.\nIn this tutorial, you will:\n- Create a Kotlin library and compile it to a framework\n- Examine the generated Swift/Objective-C API code\n- Use the framework from Objective-C\n- Use the framework from Swift\nYou can use the command line to generate a Kotlin framework, either directly or with a script file (such as .sh or .bat file). However, this approach doesn\u0027t scale well for larger projects that have hundreds of files and libraries. Using a build system simplifies the process by downloading and caching the Kotlin/Native compiler binaries and libraries with transitive dependencies, as well as by running the compiler and tests. Kotlin/Native can use the Gradle build system through the Kotlin Multiplatform plugin.\nIf you use a Mac and want to create and run applications for iOS or other Apple targets, you also need to install the Xcode Command Line Tools, launch it, and accept the license terms first.\n","pageTitle":"Kotlin/Native as an Apple framework – tutorial","metaDescription":"","type":"Documentation","breadcrumbs":"Platforms///Native///Objective-C interop","root":0,"depth":3}