{"objectID":"_apple_framework.html#use_code_from_objective_c","parent":"_apple_framework.html#create_a_kotlin_library","pageViews":0,"url":"https://kotlinlang.org/docs/apple-framework.html#use-code-from-objective-c","mainTitle":"Kotlin/Native as an Apple framework – tutorial","product":"","headings":"Kotlin/Native as an Apple framework – tutorial,Use code from Objective-C","content":"Let\u0027s call the framework from Objective-C. In the framework directory, create the main.m file with the following code:\n#import \u0026lt;Foundation/Foundation.h\u0026gt;\n#import \u0026lt;Demo/Demo.h\u0026gt;\n\nint main(int argc, const char * argv[]) {\n    @autoreleasepool {\n        [DemoObject.shared field];\n        \n        DemoClazz* clazz \u003d [[ DemoClazz alloc] init];\n        [clazz memberP:42];\n        \n        [DemoLibKt forIntegersB:1 s:1 i:3 l:[DemoULong numberWithUnsignedLongLong:4]];\n        [DemoLibKt forIntegersB:1 s:1 i:3 l:nil];\n        \n        [DemoLibKt forFloatsF:2.71 d:[DemoDouble numberWithDouble:2.71]];\n        [DemoLibKt forFloatsF:2.71 d:nil];\n        \n        NSString* ret \u003d [DemoLibKt acceptFunF:^NSString * _Nullable(NSString * it) {\n            return [it stringByAppendingString:@\" Kotlin is fun\"];\n        }];\n        \n        NSLog(@\"%@\", ret);\n        return 0;\n    }\n}\nHere, you call Kotlin classes directly from Objective-C code. A Kotlin object uses the \u0026lt;object name\u0026gt;.shared class property, which allows you to get the object\u0027s only instance and call object methods on it.\nThe widespread pattern is used to create an instance of the Clazz class. You call the [[ DemoClazz alloc] init] on Objective-C. You can also use [DemoClazz new] for constructors without parameters.\nGlobal declarations from the Kotlin sources are scoped under the DemoLibKt class in Objective-C. All Kotlin functions are turned into class methods of that class.\nThe strings function is turned into DemoLibKt.stringsStr function in Objective-C, so you can pass NSString directly to it. The return value is visible as NSString too.\n","pageTitle":"Use code from Objective-C","metaDescription":"","type":"Documentation","breadcrumbs":"Platforms///Native///Objective-C interop","root":0,"depth":3}