{"objectID":"_arrays.html#nested_arrays","parent":"_arrays.html#when_to_use_arrays","pageViews":0,"url":"https://kotlinlang.org/docs/arrays.html#nested-arrays","mainTitle":"Arrays","product":"","headings":"Arrays,Nested arrays","content":"Arrays can be nested within each other to create multidimensional arrays:\nfun main() {\n//sampleStart\n    // Creates a two-dimensional array\n    val twoDArray \u003d Array(2) { Array\u0026lt;Int\u0026gt;(2) { 0 } }\n    println(twoDArray.contentDeepToString())\n    // [[0, 0], [0, 0]]\n\n    // Creates a three-dimensional array\n    val threeDArray \u003d Array(3) { Array(3) { Array\u0026lt;Int\u0026gt;(3) { 0 } } }\n    println(threeDArray.contentDeepToString())\n    // [[[0, 0, 0], [0, 0, 0], [0, 0, 0]], [[0, 0, 0], [0, 0, 0], [0, 0, 0]], [[0, 0, 0], [0, 0, 0], [0, 0, 0]]]\n//sampleEnd\n}\nNested arrays don\u0027t have to be the same type or the same size.\n","pageTitle":"Nested arrays","metaDescription":"","type":"Documentation","breadcrumbs":"Concepts///Types///Basic types","root":0,"depth":3}