{"objectID":"_arrays.html#transform_arrays","parent":"_arrays.html#when_to_use_arrays","pageViews":0,"url":"https://kotlinlang.org/docs/arrays.html#transform-arrays","mainTitle":"Arrays","product":"","headings":"Arrays,Transform arrays","content":"Kotlin has many useful functions to transform arrays. This document highlights a few but this isn\u0027t an exhaustive list. For the full list of functions, see our API reference.\n","pageTitle":"Transform arrays","metaDescription":"","type":"Documentation","breadcrumbs":"Concepts///Types///Basic types","root":0,"depth":3}