{"objectID":"_arrays.html#convert_arrays_to_collections","parent":"_arrays.html#when_to_use_arrays","pageViews":0,"url":"https://kotlinlang.org/docs/arrays.html#convert-arrays-to-collections","mainTitle":"Arrays","product":"","headings":"Arrays,Convert arrays to collections","content":"If you work with different APIs where some use arrays and some use collections, then you can convert your arrays to collections and vice versa.\n","pageTitle":"Convert arrays to collections","metaDescription":"","type":"Documentation","breadcrumbs":"Concepts///Types///Basic types","root":0,"depth":3}