{"objectID":"_arrays.html#convert_to_list_or_set","parent":"_arrays.html#when_to_use_arrays","pageViews":0,"url":"https://kotlinlang.org/docs/arrays.html#convert-to-list-or-set","mainTitle":"Arrays","product":"","headings":"Arrays,Convert to List or Set","content":"To convert an array to a List or Set, use the .toList() and .toSet() functions.\nfun main() {\n//sampleStart\n    val simpleArray \u003d arrayOf(\"a\", \"b\", \"c\", \"c\")\n\n    // Converts to a Set\n    println(simpleArray.toSet())\n    // [a, b, c]\n\n    // Converts to a List\n    println(simpleArray.toList())\n    // [a, b, c, c]\n//sampleEnd\n}\n","pageTitle":"Convert to List or Set","metaDescription":"","type":"Documentation","breadcrumbs":"Concepts///Types///Basic types","root":0,"depth":3}