{"objectID":"_async_programming.html#coroutines","parent":"_async_programming.html#threading","pageViews":0,"url":"https://kotlinlang.org/docs/async-programming.html#coroutines","mainTitle":"Asynchronous programming techniques","product":"","headings":"Asynchronous programming techniques,Coroutines","content":"Kotlin\u0027s approach to working with asynchronous code is using coroutines, which is the idea of suspendable computations, i.e. the idea that a function can suspend its execution at some point and resume later on.\nOne of the benefits however of coroutines is that when it comes to the developer, writing non-blocking code is essentially the same as writing blocking code. The programming model in itself doesn\u0027t really change.\nTake for instance the following code:\nfun postItem(item: Item) {\n    launch {\n        val token \u003d preparePost()\n        val post \u003d submitPost(token, item)\n        processPost(post)\n    }\n}\n\nsuspend fun preparePost(): Token {\n    // makes a request and suspends the coroutine\n    return suspendCoroutine { /* ... */ } \n}\nThis code will launch a long-running operation without blocking the main thread. The preparePost is what\u0027s called a suspendable function, thus the keyword suspend prefixing it. What this means as stated above, is that the function will execute, pause execution and resume at some point in time.\n- The function signature remains exactly the same. The only difference is suspend being added to it. The return type however is the type we want to be returned.\n- The code is still written as if we were writing synchronous code, top-down, without the need of any special syntax, beyond the use of a function called launch which essentially kicks off the coroutine (covered in other tutorials).\n- The programming model and APIs remain the same. We can continue to use loops, exception handling, etc. and there\u0027s no need to learn a complete set of new APIs.\n- It is platform independent. Whether we\u0027re targeting JVM, JavaScript or any other platform, the code we write is the same. Under the covers the compiler takes care of adapting it to each platform.\nCoroutines are not a new concept, let alone invented by Kotlin. They\u0027ve been around for decades and are popular in some other programming languages such as Go. What is important to note though is that the way they\u0027re implemented in Kotlin, most of the functionality is delegated to libraries. In fact, beyond the suspend keyword, no other keywords are added to the language. This is somewhat different from languages such as C# that have async and await as part of the syntax. With Kotlin, these are just library functions.\nFor more information, see the Coroutines reference.\n","pageTitle":"Coroutines","metaDescription":"","type":"Documentation","breadcrumbs":"Concepts","root":0,"depth":1}