{"objectID":"_basic_syntax.html#for_loop","parent":"_basic_syntax.html#package_definition_and_imports","pageViews":0,"url":"https://kotlinlang.org/docs/basic-syntax.html#for-loop","mainTitle":"Basic syntax","product":"","headings":"Basic syntax,for loop","content":"fun main() {\n//sampleStart\n    val items \u003d listOf(\"apple\", \"banana\", \"kiwifruit\")\n    for (item in items) {\n        println(item)\n    }\n//sampleEnd\n}\nor:\nfun main() {\n//sampleStart\n    val items \u003d listOf(\"apple\", \"banana\", \"kiwifruit\")\n    for (index in items.indices) {\n        println(\"item at $index is ${items[index]}\")\n    }\n//sampleEnd\n}\nSee for loop.\n","pageTitle":"for loop","metaDescription":"","type":"Documentation","breadcrumbs":"Basics","root":0,"depth":1}