{"objectID":"_basic_syntax.html#ranges","parent":"_basic_syntax.html#package_definition_and_imports","pageViews":0,"url":"https://kotlinlang.org/docs/basic-syntax.html#ranges","mainTitle":"Basic syntax","product":"","headings":"Basic syntax,Ranges","content":"Check if a number is within a range using in operator:\nfun main() {\n//sampleStart\n    val x \u003d 10\n    val y \u003d 9\n    if (x in 1..y+1) {\n        println(\"fits in range\")\n    }\n//sampleEnd\n}\nCheck if a number is out of range:\nfun main() {\n//sampleStart\n    val list \u003d listOf(\"a\", \"b\", \"c\")\n    \n    if (-1 !in 0..list.lastIndex) {\n        println(\"-1 is out of range\")\n    }\n    if (list.size !in list.indices) {\n        println(\"list size is out of valid list indices range, too\")\n    }\n//sampleEnd\n}\nIterate over a range:\nfun main() {\n//sampleStart\n    for (x in 1..5) {\n        print(x)\n    }\n//sampleEnd\n}\nOr over a progression:\nfun main() {\n//sampleStart\n    for (x in 1..10 step 2) {\n        print(x)\n    }\n    println()\n    for (x in 9 downTo 0 step 3) {\n        print(x)\n    }\n//sampleEnd\n}\nSee Ranges and progressions.\n","pageTitle":"Ranges","metaDescription":"","type":"Documentation","breadcrumbs":"Basics","root":0,"depth":1}