{"objectID":"_basic_syntax.html#when_expression","parent":"_basic_syntax.html#package_definition_and_imports","pageViews":0,"url":"https://kotlinlang.org/docs/basic-syntax.html#when-expression","mainTitle":"Basic syntax","product":"","headings":"Basic syntax,when expression","content":"//sampleStart\nfun describe(obj: Any): String \u003d\n    when (obj) {\n        1          -\u0026gt; \"One\"\n        \"Hello\"    -\u0026gt; \"Greeting\"\n        is Long    -\u0026gt; \"Long\"\n        !is String -\u0026gt; \"Not a string\"\n        else       -\u0026gt; \"Unknown\"\n    }\n//sampleEnd\n\nfun main() {\n    println(describe(1))\n    println(describe(\"Hello\"))\n    println(describe(1000L))\n    println(describe(2))\n    println(describe(\"other\"))\n}\nSee when expressions and statements.\n","pageTitle":"when expression","metaDescription":"","type":"Documentation","breadcrumbs":"Basics","root":0,"depth":1}