{"objectID":"_browser_api_dom.html#","parent":"_browser_api_dom.html#interaction_with_the_dom","pageViews":0,"url":"https://kotlinlang.org/docs/browser-api-dom.html","mainTitle":"Browser and DOM API","product":"","headings":"Browser and DOM API","content":"The Kotlin/JS standard library lets you access browser-specific functionality using the kotlinx.browser package, which includes typical top-level objects such as document and window. The standard library provides typesafe wrappers for the functionality exposed by these objects wherever possible. As a fallback, the dynamic type is used to provide interaction with functions that do not map well into the Kotlin type system.\n","pageTitle":"Browser and DOM API","metaDescription":"","type":"Documentation","breadcrumbs":"Platforms///JavaScript///Kotlin for the JS platform","root":0,"depth":3}