{"objectID":"_build_tools_api.html#","parent":"_build_tools_api.html#integration_with_gradle","pageViews":0,"url":"https://kotlinlang.org/docs/build-tools-api.html","mainTitle":"Build tools API","product":"","headings":"Build tools API","content":"Kotlin 2.2.0 introduces an experimental Build tools API (BTA) that simplifies how build systems integrate with the Kotlin compiler.\nPreviously, adding full Kotlin support to a build system (like incremental compilation, Kotlin compiler plugins, daemons, and Kotlin Multiplatform) required significant effort. The BTA aims to reduce this complexity by providing a unified API between build systems and the Kotlin compiler ecosystem.\nThe BTA defines a single entry point that build systems can implement. This removes the need to deeply integrate with internal compiler details.\nThe BTA itself is not yet publicly available for direct use in your own build tool integrations. If you\u0027re interested in the proposal or want to share feedback, see the KEEP. Follow the status of its implementation in YouTrack.\n","pageTitle":"Build tools API","metaDescription":"","type":"Documentation","breadcrumbs":"Tools///Build tools","root":0,"depth":2}