{"objectID":"_classes.html#companion_objects","parent":"_classes.html#constructors","pageViews":0,"url":"https://kotlinlang.org/docs/classes.html#companion-objects","mainTitle":"Classes","product":"","headings":"Classes,Companion objects","content":"If you need to write a function that can be called without having a class instance but that needs access to the internals of a class (such as a factory method), you can write it as a member of an object declaration inside that class.\nEven more specifically, if you declare a companion object inside your class, you can access its members using only the class name as a qualifier.\n","pageTitle":"Companion objects","metaDescription":"","type":"Documentation","breadcrumbs":"Concepts///Classes and objects","root":0,"depth":2}