{"objectID":"_code_style_migration_guide.html#migration_to_a_new_code_style","parent":"_code_style_migration_guide.html#kotlin_coding_conventions_and_intellij_idea_formatter","pageViews":0,"url":"https://kotlinlang.org/docs/code-style-migration-guide.html#migration-to-a-new-code-style","mainTitle":"Migrate to Kotlin code style","product":"","headings":"Migrate to Kotlin code style,Migration to a new code style","content":"Switching to the Kotlin Coding Conventions code style can be done in Settings/Preferences | Editor | Code Style | Kotlin dialog. Switch scheme to Project and activate Set from... | Kotlin style guide.\nIn order to share those changes for all project developers .idea/codeStyle folder have to be committed to VCS.\nIf an external build system is used for configuring the project, and it\u0027s been decided not to share .idea/codeStyle folder, Kotlin coding conventions can be forced with an additional property:\n","pageTitle":"Migration to a new code style","metaDescription":"","type":"Documentation","breadcrumbs":"Tools","root":0,"depth":1}