{"objectID":"_code_style_migration_guide.html#store_old_code_style_in_project","parent":"_code_style_migration_guide.html#kotlin_coding_conventions_and_intellij_idea_formatter","pageViews":0,"url":"https://kotlinlang.org/docs/code-style-migration-guide.html#store-old-code-style-in-project","mainTitle":"Migrate to Kotlin code style","product":"","headings":"Migrate to Kotlin code style,Store old code style in project","content":"It\u0027s always possible to explicitly set the IntelliJ IDEA code style as the correct code style for the project:\n2. In Settings/Preferences | Editor | Code Style | Kotlin, switch to the Project scheme.\n4. Open the Load/Save tab and in the Use defaults from select Kotlin obsolete IntelliJ IDEA codestyle.\nIn order to share the changes across the project developers .idea/codeStyle folder, it has to be committed to VCS. Alternatively, kotlin.code.style\u003dobsolete can be used for projects configured with Gradle or Maven.\n","pageTitle":"Store old code style in project","metaDescription":"","type":"Documentation","breadcrumbs":"Tools","root":0,"depth":1}