{"objectID":"_coding_conventions.html#string_templates","parent":"_coding_conventions.html#configure_style_in_ide","pageViews":0,"url":"https://kotlinlang.org/docs/coding-conventions.html#string-templates","mainTitle":"Coding conventions","product":"","headings":"Coding conventions,String templates","content":"Don\u0027t use curly braces when inserting a simple variable into a string template. Use curly braces only for longer expressions.\nprintln(\"$name has ${children.size} children\")\n","pageTitle":"String templates","metaDescription":"","type":"Documentation","breadcrumbs":"Basics","root":0,"depth":1}