{"objectID":"_coding_conventions.html#annotations","parent":"_coding_conventions.html#configure_style_in_ide","pageViews":0,"url":"https://kotlinlang.org/docs/coding-conventions.html#annotations","mainTitle":"Coding conventions","product":"","headings":"Coding conventions,Annotations","content":"Place annotations on separate lines before the declaration to which they are attached, and with the same indentation:\n@Target(AnnotationTarget.PROPERTY)\nannotation class JsonExclude\nAnnotations without arguments may be placed on the same line:\n@JsonExclude @JvmField\nvar x: String\nA single annotation without arguments may be placed on the same line as the corresponding declaration:\n@Test fun foo() { /*...*/ }\n","pageTitle":"Annotations","metaDescription":"","type":"Documentation","breadcrumbs":"Basics","root":0,"depth":1}