{"objectID":"_coding_conventions.html#type_aliases","parent":"_coding_conventions.html#configure_style_in_ide","pageViews":0,"url":"https://kotlinlang.org/docs/coding-conventions.html#type-aliases","mainTitle":"Coding conventions","product":"","headings":"Coding conventions,Type aliases","content":"If you have a functional type or a type with type parameters which is used multiple times in a codebase, prefer defining a type alias for it:\ntypealias MouseClickHandler \u003d (Any, MouseEvent) -\u0026gt; Unit\ntypealias PersonIndex \u003d Map\u0026lt;String, Person\u0026gt;\nIf you use a private or internal type alias for avoiding name collision, prefer the import ... as ... mentioned in Packages and Imports.\n","pageTitle":"Type aliases","metaDescription":"","type":"Documentation","breadcrumbs":"Basics","root":0,"depth":1}