{"objectID":"_coding_conventions.html#platform_types","parent":"_coding_conventions.html#configure_style_in_ide","pageViews":0,"url":"https://kotlinlang.org/docs/coding-conventions.html#platform-types","mainTitle":"Coding conventions","product":"","headings":"Coding conventions,Platform types","content":"A public function/method returning an expression of a platform type must declare its Kotlin type explicitly:\nfun apiCall(): String \u003d MyJavaApi.getProperty(\"name\")\nAny property (package-level or class-level) initialized with an expression of a platform type must declare its Kotlin type explicitly:\nclass Person {\n    val name: String \u003d MyJavaApi.getProperty(\"name\")\n}\nA local value initialized with an expression of a platform type may or may not have a type declaration:\nfun main() {\n    val name \u003d MyJavaApi.getProperty(\"name\")\n    println(name)\n}\n","pageTitle":"Platform types","metaDescription":"","type":"Documentation","breadcrumbs":"Basics","root":0,"depth":1}