{"objectID":"_coding_conventions.html#","parent":"_coding_conventions.html#configure_style_in_ide","pageViews":0,"url":"https://kotlinlang.org/docs/coding-conventions.html","mainTitle":"Coding conventions","product":"","headings":"Coding conventions","content":"Commonly known and easy-to-follow coding conventions are vital for any programming language. Here we provide guidelines on the code style and code organization for projects that use Kotlin.\n","pageTitle":"Coding conventions","metaDescription":"","type":"Documentation","breadcrumbs":"Basics","root":0,"depth":1}