{"objectID":"_coding_conventions.html#interface_implementation_layout","parent":"_coding_conventions.html#configure_style_in_ide","pageViews":0,"url":"https://kotlinlang.org/docs/coding-conventions.html#interface-implementation-layout","mainTitle":"Coding conventions","product":"","headings":"Coding conventions,Interface implementation layout","content":"When implementing an interface, keep the implementing members in the same order as members of the interface (if necessary, interspersed with additional private methods used for the implementation).\n","pageTitle":"Interface implementation layout","metaDescription":"","type":"Documentation","breadcrumbs":"Basics","root":0,"depth":1}