{"objectID":"_coding_conventions.html#function_names","parent":"_coding_conventions.html#configure_style_in_ide","pageViews":0,"url":"https://kotlinlang.org/docs/coding-conventions.html#function-names","mainTitle":"Coding conventions","product":"","headings":"Coding conventions,Function names","content":"Names of functions, properties and local variables start with a lowercase letter and use camel case with no underscores:\nfun processDeclarations() { /*...*/ }\nvar declarationCount \u003d 1\nException: factory functions used to create instances of classes can have the same name as the abstract return type:\ninterface Foo { /*...*/ }\n\nclass FooImpl : Foo { /*...*/ }\n\nfun Foo(): Foo { return FooImpl() }\n","pageTitle":"Function names","metaDescription":"","type":"Documentation","breadcrumbs":"Basics","root":0,"depth":1}