{"objectID":"_coding_conventions.html#infix_functions","parent":"_coding_conventions.html#configure_style_in_ide","pageViews":0,"url":"https://kotlinlang.org/docs/coding-conventions.html#infix-functions","mainTitle":"Coding conventions","product":"","headings":"Coding conventions,Infix functions","content":"Declare a function as infix only when it works on two objects which play a similar role. Good examples: and, to, zip. Bad example: add.\nDo not declare a method as infix if it mutates the receiver object.\n","pageTitle":"Infix functions","metaDescription":"","type":"Documentation","breadcrumbs":"Basics","root":0,"depth":1}