{"objectID":"_coding_conventions.html#lambdas","parent":"_coding_conventions.html#configure_style_in_ide","pageViews":0,"url":"https://kotlinlang.org/docs/coding-conventions.html#lambdas","mainTitle":"Coding conventions","product":"","headings":"Coding conventions,Lambdas","content":"In lambda expressions, spaces should be used around the curly braces, as well as around the arrow which separates the parameters from the body. If a call takes a single lambda, pass it outside parentheses whenever possible.\nlist.filter { it \u0026gt; 10 }\nIf assigning a label for a lambda, do not put a space between the label and the opening curly brace:\nfun foo() {\n    ints.forEach lit@{\n        // ...\n    }\n}\nWhen declaring parameter names in a multiline lambda, put the names on the first line, followed by the arrow and the newline:\nappendCommaSeparated(properties) { prop -\u0026gt;\n    val propertyValue \u003d prop.get(obj)  // ...\n}\nIf the parameter list is too long to fit on a line, put the arrow on a separate line:\nfoo {\n   context: Context,\n   environment: Env\n   -\u0026gt;\n   context.configureEnv(environment)\n}\n","pageTitle":"Lambdas","metaDescription":"","type":"Documentation","breadcrumbs":"Basics","root":0,"depth":1}