{"objectID":"_coding_conventions.html#source_file_names","parent":"_coding_conventions.html#configure_style_in_ide","pageViews":0,"url":"https://kotlinlang.org/docs/coding-conventions.html#source-file-names","mainTitle":"Coding conventions","product":"","headings":"Coding conventions,Source file names","content":"If a Kotlin file contains a single class or interface (potentially with related top-level declarations), its name should be the same as the name of the class, with the .kt extension appended. It applies to all types of classes and interfaces. If a file contains multiple classes, or only top-level declarations, choose a name describing what the file contains, and name the file accordingly. Use upper camel case, where the first letter of each word is capitalized. For example, ProcessDeclarations.kt.\nThe name of the file should describe what the code in the file does. Therefore, you should avoid using meaningless words such as Util in file names.\n","pageTitle":"Source file names","metaDescription":"","type":"Documentation","breadcrumbs":"Basics","root":0,"depth":1}