{"objectID":"_coding_conventions.html#factory_functions","parent":"_coding_conventions.html#configure_style_in_ide","pageViews":0,"url":"https://kotlinlang.org/docs/coding-conventions.html#factory-functions","mainTitle":"Coding conventions","product":"","headings":"Coding conventions,Factory functions","content":"If you declare a factory function for a class, avoid giving it the same name as the class itself. Prefer using a distinct name, making it clear why the behavior of the factory function is special. Only if there is really no special semantics, you can use the same name as the class.\nclass Point(val x: Double, val y: Double) {\n    companion object {\n        fun fromPolar(angle: Double, radius: Double) \u003d Point(...)\n    }\n}\nIf you have an object with multiple overloaded constructors that don\u0027t call different superclass constructors and can\u0027t be reduced to a single constructor with default argument values, prefer to replace the overloaded constructors with factory functions.\n","pageTitle":"Factory functions","metaDescription":"","type":"Documentation","breadcrumbs":"Basics","root":0,"depth":1}