{"objectID":"_coding_conventions.html#type_parameters","parent":"_coding_conventions.html#configure_style_in_ide","pageViews":0,"url":"https://kotlinlang.org/docs/coding-conventions.html#type-parameters","mainTitle":"Coding conventions","product":"","headings":"Coding conventions,Type parameters","content":"class MyMap\u0026lt;\n        MyKey,\n        MyValue, // trailing comma\n        \u0026gt; {}\n","pageTitle":"Type parameters","metaDescription":"","type":"Documentation","breadcrumbs":"Basics","root":0,"depth":1}