{"objectID":"_coding_conventions.html#apply_the_style_guide","parent":"_coding_conventions.html#configure_style_in_ide","pageViews":0,"url":"https://kotlinlang.org/docs/coding-conventions.html#apply-the-style-guide","mainTitle":"Coding conventions","product":"","headings":"Coding conventions,Apply the style guide","content":"2. Go to Settings/Preferences | Editor | Code Style | Kotlin.\n4. Click Set from....\n6. Select Kotlin style guide .\n","pageTitle":"Apply the style guide","metaDescription":"","type":"Documentation","breadcrumbs":"Basics","root":0,"depth":1}