{"objectID":"_coding_conventions.html#immutability","parent":"_coding_conventions.html#configure_style_in_ide","pageViews":0,"url":"https://kotlinlang.org/docs/coding-conventions.html#immutability","mainTitle":"Coding conventions","product":"","headings":"Coding conventions,Immutability","content":"Prefer using immutable data to mutable. Always declare local variables and properties as val rather than var if they are not modified after initialization.\nAlways use immutable collection interfaces (Collection, List, Set, Map) to declare collections which are not mutated. When using factory functions to create collection instances, always use functions that return immutable collection types when possible:\n// Bad: use of a mutable collection type for value which will not be mutated\nfun validateValue(actualValue: String, allowedValues: HashSet\u0026lt;String\u0026gt;) { ... }\n\n// Good: immutable collection type used instead\nfun validateValue(actualValue: String, allowedValues: Set\u0026lt;String\u0026gt;) { ... }\n\n// Bad: arrayListOf() returns ArrayList\u0026lt;T\u0026gt;, which is a mutable collection type\nval allowedValues \u003d arrayListOf(\"a\", \"b\", \"c\")\n\n// Good: listOf() returns List\u0026lt;T\u0026gt;\nval allowedValues \u003d listOf(\"a\", \"b\", \"c\")\n","pageTitle":"Immutability","metaDescription":"","type":"Documentation","breadcrumbs":"Basics","root":0,"depth":1}