{"objectID":"_coding_conventions.html#idiomatic_use_of_language_features","parent":"_coding_conventions.html#configure_style_in_ide","pageViews":0,"url":"https://kotlinlang.org/docs/coding-conventions.html#idiomatic-use-of-language-features","mainTitle":"Coding conventions","product":"","headings":"Coding conventions,Idiomatic use of language features","content":"","pageTitle":"Idiomatic use of language features","metaDescription":"","type":"Documentation","breadcrumbs":"Basics","root":0,"depth":1}