{"objectID":"_coding_conventions.html#method_calls","parent":"_coding_conventions.html#configure_style_in_ide","pageViews":0,"url":"https://kotlinlang.org/docs/coding-conventions.html#method-calls","mainTitle":"Coding conventions","product":"","headings":"Coding conventions,Method calls","content":"In long argument lists, put a line break after the opening parenthesis. Indent arguments by four spaces. Group multiple closely related arguments on the same line.\ndrawSquare(\n    x \u003d 10, y \u003d 10,\n    width \u003d 100, height \u003d 100,\n    fill \u003d true\n)\nPut spaces around the \u003d sign separating the argument name and value.\n","pageTitle":"Method calls","metaDescription":"","type":"Documentation","breadcrumbs":"Basics","root":0,"depth":1}