{"objectID":"_coding_conventions.html#indexing_suffix","parent":"_coding_conventions.html#configure_style_in_ide","pageViews":0,"url":"https://kotlinlang.org/docs/coding-conventions.html#indexing-suffix","mainTitle":"Coding conventions","product":"","headings":"Coding conventions,Indexing suffix","content":"class Surface {\n    operator fun get(x: Int, y: Int) \u003d 2 * x + 4 * y - 10\n}\nfun getZValue(mySurface: Surface, xValue: Int, yValue: Int) \u003d\n    mySurface[\n        xValue,\n        yValue, // trailing comma\n    ]\n","pageTitle":"Indexing suffix","metaDescription":"","type":"Documentation","breadcrumbs":"Basics","root":0,"depth":1}