{"objectID":"_coding_conventions.html#choose_good_names","parent":"_coding_conventions.html#configure_style_in_ide","pageViews":0,"url":"https://kotlinlang.org/docs/coding-conventions.html#choose-good-names","mainTitle":"Coding conventions","product":"","headings":"Coding conventions,Choose good names","content":"The name of a class is usually a noun or a noun phrase explaining what the class is: List, PersonReader.\nThe name of a method is usually a verb or a verb phrase saying what the method does: close, readPersons. The name should also suggest if the method is mutating the object or returning a new one. For instance sort is sorting a collection in place, while sorted is returning a sorted copy of the collection.\nThe names should make it clear what the purpose of the entity is, so it\u0027s best to avoid using meaningless words (Manager, Wrapper) in names.\nWhen using an acronym as part of a declaration name, follow these rules:\n- For two-letter acronyms, use uppercase for both letters. For example, IOStream.\n- For acronyms longer than two letters, capitalize only the first letter. For example, XmlFormatter or HttpInputStream.\n","pageTitle":"Choose good names","metaDescription":"","type":"Documentation","breadcrumbs":"Basics","root":0,"depth":1}