{"objectID":"_coding_conventions.html#verify_that_your_code_follows_the_style_guide","parent":"_coding_conventions.html#configure_style_in_ide","pageViews":0,"url":"https://kotlinlang.org/docs/coding-conventions.html#verify-that-your-code-follows-the-style-guide","mainTitle":"Coding conventions","product":"","headings":"Coding conventions,Verify that your code follows the style guide","content":"2. Go to Settings/Preferences | Editor | Inspections | General.\n4. Switch on Incorrect formatting inspection. Additional inspections that verify other issues described in the style guide (such as naming conventions) are enabled by default.\n","pageTitle":"Verify that your code follows the style guide","metaDescription":"","type":"Documentation","breadcrumbs":"Basics","root":0,"depth":1}