{"objectID":"_coding_conventions.html#type_arguments","parent":"_coding_conventions.html#configure_style_in_ide","pageViews":0,"url":"https://kotlinlang.org/docs/coding-conventions.html#type-arguments","mainTitle":"Coding conventions","product":"","headings":"Coding conventions,Type arguments","content":"fun \u0026lt;T1, T2\u0026gt; foo() {}\nfun main() {\n    foo\u0026lt;\n            Comparable\u0026lt;Number\u0026gt;,\n            Iterable\u0026lt;Number\u0026gt;, // trailing comma\n            \u0026gt;()\n}\n","pageTitle":"Type arguments","metaDescription":"","type":"Documentation","breadcrumbs":"Basics","root":0,"depth":1}