{"objectID":"_coding_conventions.html#naming_rules","parent":"_coding_conventions.html#configure_style_in_ide","pageViews":0,"url":"https://kotlinlang.org/docs/coding-conventions.html#naming-rules","mainTitle":"Coding conventions","product":"","headings":"Coding conventions,Naming rules","content":"Package and class naming rules in Kotlin are quite simple:\n- Names of packages are always lowercase and do not use underscores (org.example.project). Using multi-word names is generally discouraged, but if you do need to use multiple words, you can either just concatenate them together or use camel case (org.example.myProject).\n- Names of classes and objects use upper camel case:\nopen class DeclarationProcessor { /*...*/ }\n\nobject EmptyDeclarationProcessor : DeclarationProcessor() { /*...*/ }\n","pageTitle":"Naming rules","metaDescription":"","type":"Documentation","breadcrumbs":"Basics","root":0,"depth":1}