{"objectID":"_coding_conventions.html#trailing_commas","parent":"_coding_conventions.html#configure_style_in_ide","pageViews":0,"url":"https://kotlinlang.org/docs/coding-conventions.html#trailing-commas","mainTitle":"Coding conventions","product":"","headings":"Coding conventions,Trailing commas","content":"A trailing comma is a comma symbol after the last item in a series of elements:\nclass Person(\n    val firstName: String,\n    val lastName: String,\n    val age: Int, // trailing comma\n)\nUsing trailing commas has several benefits:\n- It makes version-control diffs cleaner – as all the focus is on the changed value.\n- It makes it easy to add and reorder elements – there is no need to add or delete the comma if you manipulate elements.\n- It simplifies code generation, for example, for object initializers. The last element can also have a comma.\nTrailing commas are entirely optional – your code will still work without them. The Kotlin style guide encourages the use of trailing commas at the declaration site and leaves it at your discretion for the call site.\nTo enable trailing commas in the IntelliJ IDEA formatter, go to Settings/Preferences | Editor | Code Style | Kotlin, open the Other tab and select the Use trailing comma option.\n","pageTitle":"Trailing commas","metaDescription":"","type":"Documentation","breadcrumbs":"Basics","root":0,"depth":1}