{"objectID":"_coding_conventions.html#colon","parent":"_coding_conventions.html#configure_style_in_ide","pageViews":0,"url":"https://kotlinlang.org/docs/coding-conventions.html#colon","mainTitle":"Coding conventions","product":"","headings":"Coding conventions,Colon","content":"Put a space before : in the following scenarios:\n- When it\u0027s used to separate a type and a supertype.\n- When delegating to a superclass constructor or a different constructor of the same class.\n- After the object keyword.\nDon\u0027t put a space before : when it separates a declaration and its type.\nAlways put a space after :.\nabstract class Foo\u0026lt;out T : Any\u0026gt; : IFoo {\n    abstract fun foo(a: Int): T\n}\n\nclass FooImpl : Foo() {\n    constructor(x: String) : this(x) { /*...*/ }\n    \n    val x \u003d object : IFoo { /*...*/ } \n} \n","pageTitle":"Colon","metaDescription":"","type":"Documentation","breadcrumbs":"Basics","root":0,"depth":1}