{"objectID":"_coding_conventions.html#lambda_parameters","parent":"_coding_conventions.html#configure_style_in_ide","pageViews":0,"url":"https://kotlinlang.org/docs/coding-conventions.html#lambda-parameters","mainTitle":"Coding conventions","product":"","headings":"Coding conventions,Lambda parameters","content":"In lambdas which are short and not nested, it\u0027s recommended to use the it convention instead of declaring the parameter explicitly. In nested lambdas with parameters, always declare parameters explicitly.\n","pageTitle":"Lambda parameters","metaDescription":"","type":"Documentation","breadcrumbs":"Basics","root":0,"depth":1}