{"objectID":"_coding_conventions.html#conditional_statements","parent":"_coding_conventions.html#configure_style_in_ide","pageViews":0,"url":"https://kotlinlang.org/docs/coding-conventions.html#conditional-statements","mainTitle":"Coding conventions","product":"","headings":"Coding conventions,Conditional statements","content":"Prefer using the expression form of try, if, and when.\nreturn if (x) foo() else bar()\nreturn when(x) {\n    0 -\u0026gt; \"zero\"\n    else -\u0026gt; \"nonzero\"\n}\nThe above is preferable to:\nif (x)\n    return foo()\nelse\n    return bar()\nwhen(x) {\n    0 -\u0026gt; return \"zero\"\n    else -\u0026gt; return \"nonzero\"\n}    \n","pageTitle":"Conditional statements","metaDescription":"","type":"Documentation","breadcrumbs":"Basics","root":0,"depth":1}