{"objectID":"_coding_conventions.html#when_entry","parent":"_coding_conventions.html#configure_style_in_ide","pageViews":0,"url":"https://kotlinlang.org/docs/coding-conventions.html#when-entry","mainTitle":"Coding conventions","product":"","headings":"Coding conventions,when entry","content":"fun isReferenceApplicable(myReference: KClass\u0026lt;*\u0026gt;) \u003d when (myReference) {\n    Comparable::class,\n    Iterable::class,\n    String::class, // trailing comma\n        -\u0026gt; true\n    else -\u0026gt; false\n}\n","pageTitle":"when entry","metaDescription":"","type":"Documentation","breadcrumbs":"Basics","root":0,"depth":1}