{"objectID":"_coding_conventions.html#enumerations","parent":"_coding_conventions.html#configure_style_in_ide","pageViews":0,"url":"https://kotlinlang.org/docs/coding-conventions.html#enumerations","mainTitle":"Coding conventions","product":"","headings":"Coding conventions,Enumerations","content":"enum class Direction {\n    NORTH,\n    SOUTH,\n    WEST,\n    EAST, // trailing comma\n}\n","pageTitle":"Enumerations","metaDescription":"","type":"Documentation","breadcrumbs":"Basics","root":0,"depth":1}