{"objectID":"_coding_conventions.html#scope_functions_apply_with_run_also_let","parent":"_coding_conventions.html#configure_style_in_ide","pageViews":0,"url":"https://kotlinlang.org/docs/coding-conventions.html#scope-functions-apply-with-run-also-let","mainTitle":"Coding conventions","product":"","headings":"Coding conventions,Scope functions apply/with/run/also/let","content":"Kotlin provides a set of functions to execute a block of code in the context of a given object: let, run, with, apply, and also. For the guidance on choosing the right scope function for your case, refer to Scope Functions.\n","pageTitle":"Scope functions apply/with/run/also/let","metaDescription":"","type":"Documentation","breadcrumbs":"Basics","root":0,"depth":1}