{"objectID":"_coding_conventions.html#expression_bodies","parent":"_coding_conventions.html#configure_style_in_ide","pageViews":0,"url":"https://kotlinlang.org/docs/coding-conventions.html#expression-bodies","mainTitle":"Coding conventions","product":"","headings":"Coding conventions,Expression bodies","content":"If the function has an expression body whose first line doesn\u0027t fit on the same line as the declaration, put the \u003d sign on the first line and indent the expression body by four spaces.\nfun f(x: String, y: String, z: String) \u003d\n    veryLongFunctionCallWithManyWords(andLongParametersToo(), x, y, z)\n","pageTitle":"Expression bodies","metaDescription":"","type":"Documentation","breadcrumbs":"Basics","root":0,"depth":1}