{"objectID":"_coding_conventions.html#technical_details","parent":"_coding_conventions.html#configure_style_in_ide","pageViews":0,"url":"https://kotlinlang.org/docs/coding-conventions.html#technical-details","mainTitle":"Coding conventions","product":"","headings":"Coding conventions,Technical details","content":"We recommend following this file naming scheme in multiplatform projects due to JVM limitations: it doesn\u0027t allow top-level members (functions, properties).\nTo work around this, the Kotlin JVM compiler creates wrapper classes (so-called \u0026quot;file facades\u0026quot;) that contain top-level member declarations. File facades have an internal name derived from the file name.\nIn turn, JVM doesn\u0027t allow several classes with the same fully qualified name (FQN). This might lead to situations when a Kotlin project cannot be compiled to JVM:\nroot\n|- commonMain/kotlin/myPackage/Platform.kt // contains \u0027fun count() { }\u0027\n|- jvmMain/kotlin/myPackage/Platform.kt // contains \u0027fun multiply() { }\u0027\nHere both Platform.kt files are in the same package, so the Kotlin JVM compiler produces two file facades, both of which have FQN myPackage.PlatformKt. This produces the \u0026quot;Duplicate JVM classes\u0026quot; error.\nThe simplest way to avoid that is renaming one of the files according to the guideline above. This naming scheme helps avoid clashes while retaining code readability.\nThere are two scenarios where these recommendations may seem redundant, but we still advise to follow them:\n- Non-JVM platforms don\u0027t have issues with duplicating file facades. However, this naming scheme can help you keep file naming consistent.\n- On JVM, if source files don\u0027t have top-level declarations, the file facades aren\u0027t generated, and you won\u0027t face naming clashes.\nHowever, this naming scheme can help you avoid situations when a simple refactoring or an addition could include a top-level function and result in the same \u0026quot;Duplicate JVM classes\u0026quot; error.\n","pageTitle":"Technical details","metaDescription":"","type":"Documentation","breadcrumbs":"Basics","root":0,"depth":1}