{"objectID":"_coding_conventions.html#parameters_with_optional_type_including_setters","parent":"_coding_conventions.html#configure_style_in_ide","pageViews":0,"url":"https://kotlinlang.org/docs/coding-conventions.html#parameters-with-optional-type-including-setters","mainTitle":"Coding conventions","product":"","headings":"Coding conventions,Parameters with optional type (including setters)","content":"val sum: (Int, Int, Int) -\u0026gt; Int \u003d fun(\n    x,\n    y,\n    z, // trailing comma\n): Int {\n    return x + y + x\n}\nprintln(sum(8, 8, 8))\n","pageTitle":"Parameters with optional type (including setters)","metaDescription":"","type":"Documentation","breadcrumbs":"Basics","root":0,"depth":1}