{"objectID":"_coding_conventions.html#loops","parent":"_coding_conventions.html#configure_style_in_ide","pageViews":0,"url":"https://kotlinlang.org/docs/coding-conventions.html#loops","mainTitle":"Coding conventions","product":"","headings":"Coding conventions,Loops","content":"Prefer using higher-order functions (filter, map etc.) to loops. Exception: forEach (prefer using a regular for loop instead, unless the receiver of forEach is nullable or forEach is used as part of a longer call chain).\nWhen making a choice between a complex expression using multiple higher-order functions and a loop, understand the cost of the operations being performed in each case and keep performance considerations in mind.\n","pageTitle":"Loops","metaDescription":"","type":"Documentation","breadcrumbs":"Basics","root":0,"depth":1}