{"objectID":"_collections_overview.html#map","parent":"_collections_overview.html#collection_types","pageViews":0,"url":"https://kotlinlang.org/docs/collections-overview.html#map","mainTitle":"Collections overview","product":"","headings":"Collections overview,Map","content":"Map\u0026lt;K, V\u0026gt; is not an inheritor of the Collection interface; however, it\u0027s a Kotlin collection type as well. A Map stores key-value pairs (or entries); keys are unique, but different keys can be paired with equal values. The Map interface provides specific functions, such as access to value by key, searching keys and values, and so on.\nfun main() {\n//sampleStart\n    val numbersMap \u003d mapOf(\"key1\" to 1, \"key2\" to 2, \"key3\" to 3, \"key4\" to 1)\n    \n    println(\"All keys: ${numbersMap.keys}\")\n    println(\"All values: ${numbersMap.values}\")\n    if (\"key2\" in numbersMap) println(\"Value by key \\\"key2\\\": ${numbersMap[\"key2\"]}\")    \n    if (1 in numbersMap.values) println(\"The value 1 is in the map\")\n    if (numbersMap.containsValue(1)) println(\"The value 1 is in the map\") // same as previous\n//sampleEnd\n}\nTwo maps containing the equal pairs are equal regardless of the pair order.\nfun main() {\n//sampleStart\n    val numbersMap \u003d mapOf(\"key1\" to 1, \"key2\" to 2, \"key3\" to 3, \"key4\" to 1)    \n    val anotherMap \u003d mapOf(\"key2\" to 2, \"key1\" to 1, \"key4\" to 1, \"key3\" to 3)\n    \n    println(\"The maps are equal: ${numbersMap \u003d\u003d anotherMap}\")\n//sampleEnd\n}\nMutableMap is a Map with map write operations, for example, you can add a new key-value pair or update the value associated with the given key.\nfun main() {\n//sampleStart\n    val numbersMap \u003d mutableMapOf(\"one\" to 1, \"two\" to 2)\n    numbersMap.put(\"three\", 3)\n    numbersMap[\"one\"] \u003d 11\n\n    println(numbersMap)\n//sampleEnd\n}\nThe default implementation of MutableMap – LinkedHashMap – preserves the order of elements insertion when iterating the map. In turn, an alternative implementation – HashMap – says nothing about the elements order.\n","pageTitle":"Map","metaDescription":"","type":"Documentation","breadcrumbs":"Standard library///Collections","root":0,"depth":2}