{"objectID":"_collection_parts.html#windowed","parent":"_collection_parts.html#slice","pageViews":0,"url":"https://kotlinlang.org/docs/collection-parts.html#windowed","mainTitle":"Retrieve collection parts","product":"","headings":"Retrieve collection parts,Windowed","content":"You can retrieve all possible ranges of the collection elements of a given size. The function for getting them is called windowed(): it returns a list of element ranges that you would see if you were looking at the collection through a sliding window of the given size. Unlike chunked(), windowed() returns element ranges (windows) starting from each collection element. All the windows are returned as elements of a single List.\n\nfun main() {\n//sampleStart\n    val numbers \u003d listOf(\"one\", \"two\", \"three\", \"four\", \"five\")    \n    println(numbers.windowed(3))\n//sampleEnd\n}\nwindowed() provides more flexibility with optional parameters:\n- step defines a distance between first elements of two adjacent windows. By default the value is 1, so the result contains windows starting from all elements. If you increase the step to 2, you will receive only windows starting from odd elements: first, third, and so on.\n- partialWindows includes windows of smaller sizes that start from the elements at the end of the collection. For example, if you request windows of three elements, you can\u0027t build them for the last two elements. Enabling partialWindows in this case includes two more lists of sizes 2 and 1.\nFinally, you can apply a transformation to the returned ranges right away. To do this, provide the transformation as a lambda function when calling windowed().\n\nfun main() {\n//sampleStart\n    val numbers \u003d (1..10).toList()\n    println(numbers.windowed(3, step \u003d 2, partialWindows \u003d true))\n    println(numbers.windowed(3) { it.sum() })\n//sampleEnd\n}\nTo build two-element windows, there is a separate function - zipWithNext(). It creates pairs of adjacent elements of the receiver collection. Note that zipWithNext() doesn\u0027t break the collection into pairs; it creates a Pair for each element except the last one, so its result on [1, 2, 3, 4] is [[1, 2], [2, 3], [3, 4]], not [[1, 2], [3, 4]]. zipWithNext() can be called with a transformation function as well; it should take two elements of the receiver collection as arguments.\n\nfun main() {\n//sampleStart\n    val numbers \u003d listOf(\"one\", \"two\", \"three\", \"four\", \"five\")    \n    println(numbers.zipWithNext())\n    println(numbers.zipWithNext() { s1, s2 -\u0026gt; s1.length \u0026gt; s2.length})\n//sampleEnd\n}\n","pageTitle":"Windowed","metaDescription":"","type":"Documentation","breadcrumbs":"Standard library///Collections","root":0,"depth":2}