{"objectID":"_collections_overview.html#collection_types","parent":"_collections_overview.html#collection_types","pageViews":0,"url":"https://kotlinlang.org/docs/collections-overview.html#collection-types","mainTitle":"Collections overview","product":"","headings":"Collections overview,Collection types","content":"The Kotlin Standard Library provides implementations for basic collection types: sets, lists, and maps. A pair of interfaces represent each collection type:\n- A read-only interface that provides operations for accessing collection elements.\n- A mutable interface that extends the corresponding read-only interface with write operations: adding, removing, and updating its elements.\nNote that a mutable collection doesn\u0027t have to be assigned to a var. Write operations with a mutable collection are still possible even if it is assigned to a val. The benefit of assigning mutable collections to val is that you protect the reference to the mutable collection from modification. Over time, as your code grows and becomes more complex, it becomes even more important to prevent unintentional modification to references. Use val as much as possible for safer and more robust code. If you try to reassign a val collection, you get a compilation error:\nfun main() {\n//sampleStart\n    val numbers \u003d mutableListOf(\"one\", \"two\", \"three\", \"four\")\n    numbers.add(\"five\")   // this is OK\n    println(numbers)\n    //numbers \u003d mutableListOf(\"six\", \"seven\")      // compilation error\n//sampleEnd\n\n}\nThe read-only collection types are covariant. This means that, if a Rectangle class inherits from Shape, you can use a List\u0026lt;Rectangle\u0026gt; anywhere the List\u0026lt;Shape\u0026gt; is required. In other words, the collection types have the same subtyping relationship as the element types. Maps are covariant on the value type, but not on the key type.\nIn turn, mutable collections aren\u0027t covariant; otherwise, this would lead to runtime failures. If MutableList\u0026lt;Rectangle\u0026gt; was a subtype of MutableList\u0026lt;Shape\u0026gt;, you could insert other Shape inheritors (for example, Circle) into it, thus violating its Rectangle type argument.\nBelow is a diagram of the Kotlin collection interfaces:\nCollection interfaces hierarchy Let\u0027s walk through the interfaces and their implementations. To learn about Collection, read the section below. To learn about List, Set, and Map, you can either read the corresponding sections or watch a video by Sebastian Aigner, Kotlin Developer Advocate:\n","pageTitle":"Collection types","metaDescription":"","type":"Documentation","breadcrumbs":"Standard library///Collections","root":0,"depth":2}