{"objectID":"_collection_elements.html#check_element_existence","parent":"_collection_elements.html#retrieve_by_position","pageViews":0,"url":"https://kotlinlang.org/docs/collection-elements.html#check-element-existence","mainTitle":"Retrieve single elements","product":"","headings":"Retrieve single elements,Check element existence","content":"To check the presence of an element in a collection, use the contains() function. It returns true if there is a collection element that equals() the function argument. You can call contains() in the operator form with the in keyword.\nTo check the presence of multiple instances together at once, call containsAll() with a collection of these instances as an argument.\n\nfun main() {\n//sampleStart\n    val numbers \u003d listOf(\"one\", \"two\", \"three\", \"four\", \"five\", \"six\")\n    println(numbers.contains(\"four\"))\n    println(\"zero\" in numbers)\n    \n    println(numbers.containsAll(listOf(\"four\", \"two\")))\n    println(numbers.containsAll(listOf(\"one\", \"zero\")))\n//sampleEnd\n}\nAdditionally, you can check if the collection contains any elements by calling isEmpty() or isNotEmpty().\n\nfun main() {\n//sampleStart\n    val numbers \u003d listOf(\"one\", \"two\", \"three\", \"four\", \"five\", \"six\")\n    println(numbers.isEmpty())\n    println(numbers.isNotEmpty())\n    \n    val empty \u003d emptyList\u0026lt;String\u0026gt;()\n    println(empty.isEmpty())\n    println(empty.isNotEmpty())\n//sampleEnd\n}\n","pageTitle":"Check element existence","metaDescription":"","type":"Documentation","breadcrumbs":"Standard library///Collections","root":0,"depth":2}