{"objectID":"_collection_elements.html#retrieve_by_condition","parent":"_collection_elements.html#retrieve_by_position","pageViews":0,"url":"https://kotlinlang.org/docs/collection-elements.html#retrieve-by-condition","mainTitle":"Retrieve single elements","product":"","headings":"Retrieve single elements,Retrieve by condition","content":"Functions first() and last() also let you search a collection for elements matching a given predicate. When you call first() with a predicate that tests a collection element, you\u0027ll receive the first element on which the predicate yields true. In turn, last() with a predicate returns the last element matching it.\n\nfun main() {\n//sampleStart\n    val numbers \u003d listOf(\"one\", \"two\", \"three\", \"four\", \"five\", \"six\")\n    println(numbers.first { it.length \u0026gt; 3 })\n    println(numbers.last { it.startsWith(\"f\") })\n//sampleEnd\n}\nIf no elements match the predicate, both functions throw exceptions. To avoid them, use firstOrNull() and lastOrNull() instead: they return null if no matching elements are found.\n\nfun main() {\n//sampleStart\n    val numbers \u003d listOf(\"one\", \"two\", \"three\", \"four\", \"five\", \"six\")\n    println(numbers.firstOrNull { it.length \u0026gt; 6 })\n//sampleEnd\n}\nUse the aliases if their names suit your situation better:\n- find() instead of firstOrNull()\n- findLast() instead of lastOrNull()\n\nfun main() {\n//sampleStart\n    val numbers \u003d listOf(1, 2, 3, 4)\n    println(numbers.find { it % 2 \u003d\u003d 0 })\n    println(numbers.findLast { it % 2 \u003d\u003d 0 })\n//sampleEnd\n}\n","pageTitle":"Retrieve by condition","metaDescription":"","type":"Documentation","breadcrumbs":"Standard library///Collections","root":0,"depth":2}