{"objectID":"_collection_filtering.html#","parent":"_collection_filtering.html#filter_by_predicate","pageViews":0,"url":"https://kotlinlang.org/docs/collection-filtering.html","mainTitle":"Filtering collections","product":"","headings":"Filtering collections","content":"Filtering is one of the most popular tasks in collection processing. In Kotlin, filtering conditions are defined by predicates – lambda functions that take a collection element and return a boolean value: true means that the given element matches the predicate, false means the opposite.\nThe standard library contains a group of extension functions that let you filter collections in a single call. These functions leave the original collection unchanged, so they are available for both mutable and read-only collections. To operate the filtering result, you should assign it to a variable or chain the functions after filtering.\n","pageTitle":"Filtering collections","metaDescription":"","type":"Documentation","breadcrumbs":"Standard library///Collections","root":0,"depth":2}