{"objectID":"_collection_elements.html#retrieve_by_position","parent":"_collection_elements.html#retrieve_by_position","pageViews":0,"url":"https://kotlinlang.org/docs/collection-elements.html#retrieve-by-position","mainTitle":"Retrieve single elements","product":"","headings":"Retrieve single elements,Retrieve by position","content":"For retrieving an element at a specific position, there is the function elementAt(). Call it with the integer number as an argument, and you\u0027ll receive the collection element at the given position. The first element has the position 0, and the last one is (size - 1).\nelementAt() is useful for collections that do not provide indexed access, or are not statically known to provide one. In case of List, it\u0027s more idiomatic to use indexed access operator (get() or []).\n\nfun main() {\n//sampleStart\n    val numbers \u003d linkedSetOf(\"one\", \"two\", \"three\", \"four\", \"five\")\n    println(numbers.elementAt(3))    \n\n    val numbersSortedSet \u003d sortedSetOf(\"one\", \"two\", \"three\", \"four\")\n    println(numbersSortedSet.elementAt(0)) // elements are stored in the ascending order\n//sampleEnd\n}\nThere are also useful aliases for retrieving the first and the last element of the collection: first() and last().\n\nfun main() {\n//sampleStart\n    val numbers \u003d listOf(\"one\", \"two\", \"three\", \"four\", \"five\")\n    println(numbers.first())    \n    println(numbers.last())    \n//sampleEnd\n}\nTo avoid exceptions when retrieving element with non-existing positions, use safe variations of elementAt():\n- elementAtOrNull() returns null when the specified position is out of the collection bounds.\n- elementAtOrElse() additionally takes a lambda function that maps an Int argument to an instance of the collection element type. When called with an out-of-bounds position, the elementAtOrElse() returns the result of the lambda on the given value.\n\nfun main() {\n//sampleStart\n    val numbers \u003d listOf(\"one\", \"two\", \"three\", \"four\", \"five\")\n    println(numbers.elementAtOrNull(5))\n    println(numbers.elementAtOrElse(5) { index -\u0026gt; \"The value for index $index is undefined\"})\n//sampleEnd\n}\n","pageTitle":"Retrieve by position","metaDescription":"","type":"Documentation","breadcrumbs":"Standard library///Collections","root":0,"depth":2}