{"objectID":"_collection_elements.html#retrieve_with_selector","parent":"_collection_elements.html#retrieve_by_position","pageViews":0,"url":"https://kotlinlang.org/docs/collection-elements.html#retrieve-with-selector","mainTitle":"Retrieve single elements","product":"","headings":"Retrieve single elements,Retrieve with selector","content":"If you need to map the collection before retrieving the element, there is a function firstNotNullOf(). It combines 2 actions:\n- Maps the collection with the selector function\n- Returns the first non-null value in the result\nfirstNotNullOf() throws the NoSuchElementException if the resulting collection doesn\u0027t have a non-nullable element. Use the counterpart firstNotNullOfOrNull() to return null in this case.\nfun main() {\n//sampleStart\n    val list \u003d listOf\u0026lt;Any\u0026gt;(0, \"true\", false)\n    // Converts each element to string and returns the first one that has required length\n    val longEnough \u003d list.firstNotNullOf { item -\u0026gt; item.toString().takeIf { it.length \u0026gt;\u003d 4 } }\n    println(longEnough)\n//sampleEnd\n}\n","pageTitle":"Retrieve with selector","metaDescription":"","type":"Documentation","breadcrumbs":"Standard library///Collections","root":0,"depth":2}