{"objectID":"_collection_write.html#adding_elements","parent":"_collection_write.html#adding_elements","pageViews":0,"url":"https://kotlinlang.org/docs/collection-write.html#adding-elements","mainTitle":"Collection write operations","product":"","headings":"Collection write operations,Adding elements","content":"To add a single element to a list or a set, use the add() function. The specified object is appended to the end of the collection.\n\nfun main() {\n//sampleStart\n    val numbers \u003d mutableListOf(1, 2, 3, 4)\n    numbers.add(5)\n    println(numbers)\n//sampleEnd\n}\naddAll() adds every element of the argument object to a list or a set. The argument can be an Iterable, a Sequence, or an Array. The types of the receiver and the argument may be different, for example, you can add all items from a Set to a List.\nWhen called on lists, addAll() adds new elements in the same order as they go in the argument. You can also call addAll() specifying an element position as the first argument. The first element of the argument collection will be inserted at this position. Other elements of the argument collection will follow it, shifting the receiver elements to the end.\n\nfun main() {\n//sampleStart\n    val numbers \u003d mutableListOf(1, 2, 5, 6)\n    numbers.addAll(arrayOf(7, 8))\n    println(numbers)\n    numbers.addAll(2, setOf(3, 4))\n    println(numbers)\n//sampleEnd\n}\nYou can also add elements using the in-place version of the plus operator - plusAssign (+\u003d) When applied to a mutable collection, +\u003d appends the second operand (an element or another collection) to the end of the collection.\n\nfun main() {\n//sampleStart\n    val numbers \u003d mutableListOf(\"one\", \"two\")\n    numbers +\u003d \"three\"\n    println(numbers)\n    numbers +\u003d listOf(\"four\", \"five\")    \n    println(numbers)\n//sampleEnd\n}\n","pageTitle":"Adding elements","metaDescription":"","type":"Documentation","breadcrumbs":"Standard library///Collections","root":0,"depth":2}