{"objectID":"_collection_aggregate.html#fold_and_reduce","parent":"_collection_aggregate.html#fold_and_reduce","pageViews":0,"url":"https://kotlinlang.org/docs/collection-aggregate.html#fold-and-reduce","mainTitle":"Aggregate operations","product":"","headings":"Aggregate operations,Fold and reduce","content":"For more specific cases, there are the functions reduce() and fold() that apply the provided operation to the collection elements sequentially and return the accumulated result. The operation takes two arguments: the previously accumulated value and the collection element.\nThe difference between the two functions is that fold() takes an initial value and uses it as the accumulated value on the first step, whereas the first step of reduce() uses the first and the second elements as operation arguments on the first step.\nfun main() {\n//sampleStart\n    val numbers \u003d listOf(5, 2, 10, 4)\n\n    val simpleSum \u003d numbers.reduce { sum, element -\u0026gt; sum + element }\n    println(simpleSum)\n    val sumDoubled \u003d numbers.fold(0) { sum, element -\u0026gt; sum + element * 2 }\n    println(sumDoubled)\n\n    //incorrect: the first element isn\u0027t doubled in the result\n    //val sumDoubledReduce \u003d numbers.reduce { sum, element -\u0026gt; sum + element * 2 } \n    //println(sumDoubledReduce)\n//sampleEnd\n}\nThe example above shows the difference: fold() is used for calculating the sum of doubled elements. If you pass the same function to reduce(), it will return another result because it uses the list\u0027s first and second elements as arguments on the first step, so the first element won\u0027t be doubled.\nTo apply a function to elements in the reverse order, use functions reduceRight() and foldRight(). They work in a way similar to fold() and reduce() but start from the last element and then continue to previous. Note that when folding or reducing right, the operation arguments change their order: first goes the element, and then the accumulated value.\n\nfun main() {\n//sampleStart\n    val numbers \u003d listOf(5, 2, 10, 4)\n    val sumDoubledRight \u003d numbers.foldRight(0) { element, sum -\u0026gt; sum + element * 2 }\n    println(sumDoubledRight)\n//sampleEnd\n}\nYou can also apply operations that take element indices as parameters. For this purpose, use functions reduceIndexed() and foldIndexed() passing element index as the first argument of the operation.\nFinally, there are functions that apply such operations to collection elements from right to left - reduceRightIndexed() and foldRightIndexed().\n\nfun main() {\n//sampleStart\n    val numbers \u003d listOf(5, 2, 10, 4)\n    val sumEven \u003d numbers.foldIndexed(0) { idx, sum, element -\u0026gt; if (idx % 2 \u003d\u003d 0) sum + element else sum }\n    println(sumEven)\n\n    val sumEvenRight \u003d numbers.foldRightIndexed(0) { idx, element, sum -\u0026gt; if (idx % 2 \u003d\u003d 0) sum + element else sum }\n    println(sumEvenRight)\n//sampleEnd\n}\nAll reduce operations throw an exception on empty collections. To receive null instead, use their *OrNull() counterparts:\n- reduceOrNull()\n- reduceRightOrNull()\n- reduceIndexedOrNull()\n- reduceRightIndexedOrNull()\nFor cases where you want to save intermediate accumulator values, there are functions runningFold() (or its synonym scan()) and runningReduce().\n\nfun main() {\n//sampleStart\n    val numbers \u003d listOf(0, 1, 2, 3, 4, 5)\n    val runningReduceSum \u003d numbers.runningReduce { sum, item -\u0026gt; sum + item }\n    val runningFoldSum \u003d numbers.runningFold(10) { sum, item -\u0026gt; sum + item }\n//sampleEnd\n    val transform \u003d { index: Int, element: Int -\u0026gt; \"N \u003d ${index + 1}: $element\" }\n    println(runningReduceSum.mapIndexed(transform).joinToString(\"\\n\", \"Sum of first N elements with runningReduce:\\n\"))\n    println(runningFoldSum.mapIndexed(transform).joinToString(\"\\n\", \"Sum of first N elements with runningFold:\\n\"))\n}\nIf you need an index in the operation parameter, use runningFoldIndexed() or runningReduceIndexed().\n","pageTitle":"Fold and reduce","metaDescription":"","type":"Documentation","breadcrumbs":"Standard library///Collections","root":0,"depth":2}