{"objectID":"_collection_ordering.html#","parent":"_collection_ordering.html#natural_order","pageViews":0,"url":"https://kotlinlang.org/docs/collection-ordering.html","mainTitle":"Ordering","product":"","headings":"Ordering","content":"The order of elements is an important aspect of certain collection types. For example, two lists of the same elements are not equal if their elements are ordered differently.\nIn Kotlin, the orders of objects can be defined in several ways.\nFirst, there is natural order. It is defined for implementations of the Comparable interface. Natural order is used for sorting them when no other order is specified.\nMost built-in types are comparable:\n- Numeric types use the traditional numerical order: 1 is greater than 0; -3.4f is greater than -5f, and so on.\n- Char and String use the lexicographical order: b is greater than a; world is greater than hello.\nTo define a natural order for a user-defined type, make the type an implementer of Comparable. This requires implementing the compareTo() function. compareTo() must take another object of the same type as an argument and return an integer value showing which object is greater:\n- Positive values show that the receiver object is greater.\n- Negative values show that it\u0027s less than the argument.\n- Zero shows that the objects are equal.\nBelow is a class for ordering versions that consist of the major and the minor part.\nclass Version(val major: Int, val minor: Int): Comparable\u0026lt;Version\u0026gt; {\n    override fun compareTo(other: Version): Int \u003d when {\n        this.major !\u003d other.major -\u0026gt; this.major compareTo other.major // compareTo() in the infix form \n        this.minor !\u003d other.minor -\u0026gt; this.minor compareTo other.minor\n        else -\u0026gt; 0\n    }\n}\n\nfun main() {    \n    println(Version(1, 2) \u0026gt; Version(1, 3))\n    println(Version(2, 0) \u0026gt; Version(1, 5))\n}\nCustom orders let you sort instances of any type in a way you like. Particularly, you can define an order for non-comparable objects or define an order other than natural for a comparable type. To define a custom order for a type, create a Comparator for it. Comparator contains the compare() function: it takes two instances of a class and returns the integer result of the comparison between them. The result is interpreted in the same way as the result of a compareTo() as is described above.\nfun main() {\n//sampleStart\n    val lengthComparator \u003d Comparator { str1: String, str2: String -\u0026gt; str1.length - str2.length }\n    println(listOf(\"aaa\", \"bb\", \"c\").sortedWith(lengthComparator))\n//sampleEnd\n}\nHaving the lengthComparator, you are able to arrange strings by their length instead of the default lexicographical order.\nA shorter way to define a Comparator is the compareBy() function from the standard library. compareBy() takes a lambda function that produces a Comparable value from an instance and defines the custom order as the natural order of the produced values.\nWith compareBy(), the length comparator from the example above looks like this:\nfun main() {\n//sampleStart    \n    println(listOf(\"aaa\", \"bb\", \"c\").sortedWith(compareBy { it.length }))\n//sampleEnd\n}\nYou can also define an order based on multiple criteria. For example, to sort strings by their length and alphabetically when the lengths are equal, you can write:\nfun main() {\n//sampleStart\n    val sortedStrings \u003d listOf(\"aaa\", \"bb\", \"c\", \"b\", \"a\", \"aa\", \"ccc\")\n        .sortedWith { a, b -\u0026gt; \n           when (val compareLengths \u003d a.length.compareTo(b.length)) {\n             0 -\u0026gt; a.compareTo(b)\n             else -\u0026gt; compareLengths\n           }\n         }\n\n    println(sortedStrings)\n    // [a, b, c, aa, bb, aaa, ccc]\n//sampleEnd\n}\nSince sorting by multiple criteria is a common scenario, the Kotlin standard library provides the thenBy() function that you can use to add a secondary sorting rule.\nFor example, you can combine compareBy() with thenBy() to sort strings by their length first and alphabetically second, just like in the previous example:\nfun main() {\n//sampleStart\n    val sortedStrings \u003d listOf(\"aaa\", \"bb\", \"c\", \"b\", \"a\", \"aa\", \"ccc\")\n        .sortedWith(compareBy\u0026lt;String\u0026gt; { it.length }.thenBy { it })\n\n    println(sortedStrings)\n    // [a, b, c, aa, bb, aaa, ccc]\n//sampleEnd\n}\nThe Kotlin collections package provides functions for sorting collections in natural, custom, and even random orders. On this page, we\u0027ll describe sorting functions that apply to read-only collections. These functions return their result as a new collection containing the elements of the original collection in the requested order. To learn about functions for sorting mutable collections in place, see the List-specific operations.\n","pageTitle":"Ordering","metaDescription":"","type":"Documentation","breadcrumbs":"Standard library///Collections","root":0,"depth":2}