{"objectID":"_collection_parts.html#chunked","parent":"_collection_parts.html#slice","pageViews":0,"url":"https://kotlinlang.org/docs/collection-parts.html#chunked","mainTitle":"Retrieve collection parts","product":"","headings":"Retrieve collection parts,Chunked","content":"To break a collection into parts of a given size, use the chunked() function. chunked() takes a single argument – the size of the chunk – and returns a List of Lists of the given size. The first chunk starts from the first element and contains the size elements, the second chunk holds the next size elements, and so on. The last chunk may have a smaller size.\n\nfun main() {\n//sampleStart\n    val numbers \u003d (0..13).toList()\n    println(numbers.chunked(3))\n//sampleEnd\n}\nYou can also apply a transformation for the returned chunks right away. To do this, provide the transformation as a lambda function when calling chunked(). The lambda argument is a chunk of the collection. When chunked() is called with a transformation, the chunks are short-living Lists that should be consumed right in that lambda.\n\nfun main() {\n//sampleStart\n    val numbers \u003d (0..13).toList() \n    println(numbers.chunked(3) { it.sum() })  // `it` is a chunk of the original collection\n//sampleEnd\n}\n","pageTitle":"Chunked","metaDescription":"","type":"Documentation","breadcrumbs":"Standard library///Collections","root":0,"depth":2}