{"objectID":"_collection_ordering.html#random_order","parent":"_collection_ordering.html#natural_order","pageViews":0,"url":"https://kotlinlang.org/docs/collection-ordering.html#random-order","mainTitle":"Ordering","product":"","headings":"Ordering,Random order","content":"Finally, there is a function that returns a new List containing the collection elements in a random order - shuffled(). You can call it without arguments or with a Random object.\nfun main() {\n//sampleStart\n     val numbers \u003d listOf(\"one\", \"two\", \"three\", \"four\")\n     println(numbers.shuffled())\n//sampleEnd\n}\n","pageTitle":"Random order","metaDescription":"","type":"Documentation","breadcrumbs":"Standard library///Collections","root":0,"depth":2}