{"objectID":"_collections_overview.html#collection","parent":"_collections_overview.html#collection_types","pageViews":0,"url":"https://kotlinlang.org/docs/collections-overview.html#collection","mainTitle":"Collections overview","product":"","headings":"Collections overview,Collection","content":"Collection\u0026lt;T\u0026gt; is the root of the collection hierarchy. This interface represents the common behavior of a read-only collection: retrieving size, checking item membership, and so on. Collection inherits from the Iterable\u0026lt;T\u0026gt; interface that defines the operations for iterating elements. You can use Collection as a parameter of a function that applies to different collection types. For more specific cases, use the Collection\u0027s inheritors: List and Set.\nfun printAll(strings: Collection\u0026lt;String\u0026gt;) {\n    for(s in strings) print(\"$s \")\n    println()\n}\n    \nfun main() {\n    val stringList \u003d listOf(\"one\", \"two\", \"one\")\n    printAll(stringList)\n    \n    val stringSet \u003d setOf(\"one\", \"two\", \"three\")\n    printAll(stringSet)\n}\nMutableCollection\u0026lt;T\u0026gt; is a Collection with write operations, such as add and remove.\nfun List\u0026lt;String\u0026gt;.getShortWordsTo(shortWords: MutableList\u0026lt;String\u0026gt;, maxLength: Int) {\n    this.filterTo(shortWords) { it.length \u0026lt;\u003d maxLength }\n    // throwing away the articles\n    val articles \u003d setOf(\"a\", \"A\", \"an\", \"An\", \"the\", \"The\")\n    shortWords -\u003d articles\n}\n\nfun main() {\n    val words \u003d \"A long time ago in a galaxy far far away\".split(\" \")\n    val shortWords \u003d mutableListOf\u0026lt;String\u0026gt;()\n    words.getShortWordsTo(shortWords, 3)\n    println(shortWords)\n}\n","pageTitle":"Collection","metaDescription":"","type":"Documentation","breadcrumbs":"Standard library///Collections","root":0,"depth":2}