{"objectID":"_collection_operations.html#","parent":"_collection_operations.html#extension_and_member_functions","pageViews":0,"url":"https://kotlinlang.org/docs/collection-operations.html","mainTitle":"Collection operations overview","product":"","headings":"Collection operations overview","content":"The Kotlin standard library offers a broad variety of functions for performing operations on collections. This includes simple operations, such as getting or adding elements, as well as more complex ones including search, sorting, filtering, transformations, and so on.\n","pageTitle":"Collection operations overview","metaDescription":"","type":"Documentation","breadcrumbs":"Standard library///Collections","root":0,"depth":2}