{"objectID":"_collection_write.html#updating_elements","parent":"_collection_write.html#adding_elements","pageViews":0,"url":"https://kotlinlang.org/docs/collection-write.html#updating-elements","mainTitle":"Collection write operations","product":"","headings":"Collection write operations,Updating elements","content":"Lists and maps also provide operations for updating elements. They are described in List-specific Operations and Map Specific Operations. For sets, updating doesn\u0027t make sense since it\u0027s actually removing an element and adding another one.\n","pageTitle":"Updating elements","metaDescription":"","type":"Documentation","breadcrumbs":"Standard library///Collections","root":0,"depth":2}