{"objectID":"_collections_overview.html#arraydeque","parent":"_collections_overview.html#collection_types","pageViews":0,"url":"https://kotlinlang.org/docs/collections-overview.html#arraydeque","mainTitle":"Collections overview","product":"","headings":"Collections overview,ArrayDeque","content":"ArrayDeque\u0026lt;T\u0026gt; is an implementation of a double-ended queue, which allows you to add or remove elements both at the beginning or end of the queue. As such, ArrayDeque also fills the role of both a Stack and Queue data structure in Kotlin. Behind the scenes, ArrayDeque is realized using a resizable array that automatically adjusts in size when required:\nfun main() {\n    val deque \u003d ArrayDeque(listOf(1, 2, 3))\n\n    deque.addFirst(0)\n    deque.addLast(4)\n    println(deque) // [0, 1, 2, 3, 4]\n\n    println(deque.first()) // 0\n    println(deque.last()) // 4\n\n    deque.removeFirst()\n    deque.removeLast()\n    println(deque) // [1, 2, 3]\n}\n","pageTitle":"ArrayDeque","metaDescription":"","type":"Documentation","breadcrumbs":"Standard library///Collections","root":0,"depth":2}