{"objectID":"_command_line.html#run_scripts","parent":"_command_line.html#install_the_compiler","pageViews":0,"url":"https://kotlinlang.org/docs/command-line.html#run-scripts","mainTitle":"Kotlin command-line compiler","product":"","headings":"Kotlin command-line compiler,Run scripts","content":"You can use Kotlin as a scripting language. A Kotlin script is a Kotlin source file (.kts) with top-level executable code.\nimport java.io.File\n\n// Get the passed in path, i.e. \"-d some/path\" or use the current path.\nval path \u003d if (args.contains(\"-d\")) args[1 + args.indexOf(\"-d\")]\n           else \".\"\n\nval folders \u003d File(path).listFiles { file -\u0026gt; file.isDirectory() }\nfolders?.forEach { folder -\u0026gt; println(folder) }\nTo run a script, pass the -script option to the compiler with the corresponding script file:\nkotlinc -script list_folders.kts -- -d \u0026lt;path_to_folder_to_inspect\u0026gt;\nKotlin provides experimental support for script customization, such as adding external properties, providing static or dynamic dependencies, and so on. Customizations are defined by so-called script definitions – annotated kotlin classes with the appropriate support code. The script filename extension is used to select the appropriate definition. Learn more about Kotlin custom scripting.\nProperly prepared script definitions are detected and applied automatically when the appropriate jars are included in the compilation classpath. Alternatively, you can specify definitions manually by passing the -script-templates option to the compiler:\nkotlinc -script-templates org.example.CustomScriptDefinition -script custom.script1.kts\nFor additional details, see the KEEP-75.\n","pageTitle":"Run scripts","metaDescription":"","type":"Documentation","breadcrumbs":"Compiler and plugins///Kotlin compiler","root":0,"depth":2}