{"objectID":"_compatibility_guide_14.html#change_initialization_order_of_default_values_for_tail_recursive_optimized_functions","parent":"_compatibility_guide_14.html#basic_terms","pageViews":0,"url":"https://kotlinlang.org/docs/compatibility-guide-14.html#change-initialization-order-of-default-values-for-tail-recursive-optimized-functions","mainTitle":"Compatibility guide for Kotlin 1.4","product":"","headings":"Compatibility guide for Kotlin 1.4,Change initialization order of default values for tail-recursive optimized functions","content":"Issue: KT-31540\nComponent: Kotlin/JVM\nIncompatible change type: behavioral\nShort summary: Since Kotlin 1.4, the initialization order for tail-recursive functions will be the same as for regular functions\nDeprecation cycle:\n- \u0026lt; 1.4: report a warning at declaration-site for problematic functions\n- \u0026gt;\u003d 1.4: behavior changed, -XXLanguage:-ProperComputationOrderOfTailrecDefaultParameters can be used to temporarily revert to pre-1.4 behavior\n","pageTitle":"Change initialization order of default values for tail-recursive optimized functions","metaDescription":"","type":"Documentation","breadcrumbs":"Other resources///Kotlin compatibility guides","root":0,"depth":2}