{"objectID":"_compatibility_guide_19.html#remove_gradle_conventions","parent":"_compatibility_guide_19.html#basic_terms","pageViews":0,"url":"https://kotlinlang.org/docs/compatibility-guide-19.html#remove-gradle-conventions","mainTitle":"Compatibility guide for Kotlin 1.9","product":"","headings":"Compatibility guide for Kotlin 1.9,Remove Gradle conventions","content":"Issue: KT-52976\nComponent: Gradle\nIncompatible change type: source\nShort summary: Gradle conventions were deprecated in Gradle 7.1 and have been removed in Gradle 8.\nDeprecation cycle:\n- 1.7.20: Gradle conventions deprecated\n- 1.9.0: Gradle conventions removed\n","pageTitle":"Remove Gradle conventions","metaDescription":"","type":"Documentation","breadcrumbs":"Other resources///Kotlin compatibility guides","root":0,"depth":2}