{"objectID":"_competitive_programming.html#more_tips_and_tricks","parent":"_competitive_programming.html#simple_example_reachable_numbers_problem","pageViews":0,"url":"https://kotlinlang.org/docs/competitive-programming.html#more-tips-and-tricks","mainTitle":"Kotlin for competitive programming","product":"","headings":"Kotlin for competitive programming,More tips and tricks","content":"Competitive programming problems often have input like this:\nThe first line of the input contains two integers n and k\nIn Kotlin this line can be concisely parsed with the following statement using destructuring declaration from a list of integers:\nval (n, k) \u003d readInts()\nIt might be temping to use JVM\u0027s java.util.Scanner class to parse less structured input formats. Kotlin is designed to interoperate well with JVM libraries, so that their use feels quite natural in Kotlin. However, beware that java.util.Scanner is extremely slow. So slow, in fact, that parsing 105 or more integers with it might not fit into a typical 2 second time-limit, which a simple Kotlin\u0027s split(\u0026quot; \u0026quot;).map { it.toInt() } would handle.\nWriting output in Kotlin is usually straightforward with println(...) calls and using Kotlin\u0027s string templates. However, care must be taken when output contains on order of 105 lines or more. Issuing so many println calls is too slow, since the output in Kotlin is automatically flushed after each line. A faster way to write many lines from an array or a list is using joinToString() function with \u0026quot;\\n\u0026quot; as the separator, like this:\nprintln(a.joinToString(\"\\n\")) // each element of array/list of a separate line\n","pageTitle":"More tips and tricks","metaDescription":"","type":"Documentation","breadcrumbs":"Kotlin overview","root":0,"depth":1}