{"objectID":"_compatibility_guide_22.html#deprecate_abstractdoubletimesource","parent":"_compatibility_guide_22.html#basic_terms","pageViews":0,"url":"https://kotlinlang.org/docs/compatibility-guide-22.html#deprecate-abstractdoubletimesource","mainTitle":"Compatibility guide for Kotlin 2.2","product":"","headings":"Compatibility guide for Kotlin 2.2,Deprecate","content":"Issue: KT-72137\nComponent: kotlin-stdlib\nIncompatible change type: source\nShort summary: AbstractDoubleTimeSource is deprecated; use AbstractLongTimeSource instead.\nDeprecation cycle:\n- 1.8.20: report a warning when using AbstractDoubleTimeSource\n- 2.2.0: raise the warning to an error\n","pageTitle":"Deprecate","metaDescription":"","type":"Documentation","breadcrumbs":"Other resources///Kotlin compatibility guides","root":0,"depth":2}