{"objectID":"_compatibility_guide_21.html#correct_the_handling_of_member_extension_property_overrides_in_java_subclasses","parent":"_compatibility_guide_21.html#basic_terms","pageViews":0,"url":"https://kotlinlang.org/docs/compatibility-guide-21.html#correct-the-handling-of-member-extension-property-overrides-in-java-subclasses","mainTitle":"Compatibility guide for Kotlin 2.1","product":"","headings":"Compatibility guide for Kotlin 2.1,Correct the handling of member-extension property overrides in Java subclasses","content":"Issue: KTLC-35\nComponent: Core language\nIncompatible change type: behavioral\nShort summary: The getter for member-extension properties overridden by Java subclasses is now hidden in the subclass\u0027s scope, aligning its behavior with that of regular Kotlin properties.\nDeprecation cycle:\n- 2.1.0: enable the new behavior\n","pageTitle":"Correct the handling of member-extension property overrides in Java subclasses","metaDescription":"","type":"Documentation","breadcrumbs":"Other resources///Kotlin compatibility guides","root":0,"depth":2}