{"objectID":"_compatibility_guide_19.html#prohibit_implicit_inferring_a_type_variable_into_an_upper_bound_in_the_builder_inference_context","parent":"_compatibility_guide_19.html#basic_terms","pageViews":0,"url":"https://kotlinlang.org/docs/compatibility-guide-19.html#prohibit-implicit-inferring-a-type-variable-into-an-upper-bound-in-the-builder-inference-context","mainTitle":"Compatibility guide for Kotlin 1.9","product":"","headings":"Compatibility guide for Kotlin 1.9,Prohibit implicit inferring a type variable into an upper bound in the builder inference context","content":"Issue: KT-47986\nComponent: Core language\nIncompatible change type: source\nShort summary: Kotlin 2.0 will prohibit inferring a type variable into the corresponding type parameter\u0027s upper bound in the absence of any use-site type information in the scope of builder inference lambda functions, the same way as it does currently in other contexts.\nDeprecation cycle:\n- 1.7.20: report a warning (or an error in the progressive mode) when a type parameter is inferred into declared upper bounds in the absence of use-site type information\n- 2.0.0: raise the warning to an error\n","pageTitle":"Prohibit implicit inferring a type variable into an upper bound in the builder inference context","metaDescription":"","type":"Documentation","breadcrumbs":"Other resources///Kotlin compatibility guides","root":0,"depth":2}