{"objectID":"_compatibility_guide_22.html#deprecate_basekapt_annotationprocessoroptionproviders_property","parent":"_compatibility_guide_22.html#basic_terms","pageViews":0,"url":"https://kotlinlang.org/docs/compatibility-guide-22.html#deprecate-basekapt-annotationprocessoroptionproviders-property","mainTitle":"Compatibility guide for Kotlin 2.2","product":"","headings":"Compatibility guide for Kotlin 2.2,Deprecate  property","content":"Issue: KT-58009\nComponent: Gradle\nIncompatible change type: source\nShort summary: The BaseKapt.annotationProcessorOptionProviders property is deprecated in favor of BaseKapt.annotationProcessorOptionsProviders, which accepts a ListProperty\u0026lt;CommandLineArgumentProvider\u0026gt; instead of a MutableList\u0026lt;Any\u0026gt;. This clearly defines the expected element type and prevents runtime failures caused by adding incorrect elements, such as nested lists. If your current code adds a list as a single element, replace the add() function with the addAll() function.\nDeprecation cycle:\n- 2.2.0: enforce the new type in the API\n","pageTitle":"Deprecate  property","metaDescription":"","type":"Documentation","breadcrumbs":"Other resources///Kotlin compatibility guides","root":0,"depth":2}