{"objectID":"_compatibility_guide_20.html#remove_deprecated_platform_plugin_ids","parent":"_compatibility_guide_20.html#basic_terms","pageViews":0,"url":"https://kotlinlang.org/docs/compatibility-guide-20.html#remove-deprecated-platform-plugin-ids","mainTitle":"Compatibility guide for Kotlin 2.0","product":"","headings":"Compatibility guide for Kotlin 2.0,Remove deprecated platform plugin IDs","content":"Issue: KT-65187\nComponent: Gradle\nIncompatible change type: source\nShort summary: support for these platform plugin IDs have been removed:\n- kotlin-platform-android\n- kotlin-platform-jvm\n- kotlin-platform-js\n- org.jetbrains.kotlin.platform.android\n- org.jetbrains.kotlin.platform.jvm\n- org.jetbrains.kotlin.platform.js\nDeprecation cycle:\n- 1.3: the platform plugin IDs are deprecated\n- 2.0.0: the platform plugin IDs are no longer supported\n","pageTitle":"Remove deprecated platform plugin IDs","metaDescription":"","type":"Documentation","breadcrumbs":"Other resources///Kotlin compatibility guides","root":0,"depth":2}