{"objectID":"_compatibility_guide_22.html#deprecate_commonization_parameters","parent":"_compatibility_guide_22.html#basic_terms","pageViews":0,"url":"https://kotlinlang.org/docs/compatibility-guide-22.html#deprecate-commonization-parameters","mainTitle":"Compatibility guide for Kotlin 2.2","product":"","headings":"Compatibility guide for Kotlin 2.2,Deprecate commonization parameters","content":"Issue: KT-75161\nComponent: Gradle\nIncompatible change type: source\nShort summary: The parameters for experimental commonization modes are deprecated in the Kotlin Gradle plugin. These parameters may produce invalid compilation artifacts that are then cached. To delete affected artifacts:\n2. Remove the following options from your gradle.properties file:\nkotlin.mpp.enableOptimisticNumberCommonization\nkotlin.mpp.enablePlatformIntegerCommonization\n4. Clear the commonization cache in the ~/.konan/*/klib/commonized directory or run the following command:\n./gradlew cleanNativeDistributionCommonization\nDeprecation cycle:\n- 2.2.0: deprecate commonization parameters with an error\n- 2.2.20: remove commonization parameters\n","pageTitle":"Deprecate commonization parameters","metaDescription":"","type":"Documentation","breadcrumbs":"Other resources///Kotlin compatibility guides","root":0,"depth":2}