{"objectID":"_compiler_reference.html#entry_name_e_name","parent":"_compiler_reference.html#compiler_options","pageViews":0,"url":"https://kotlinlang.org/docs/compiler-reference.html#entry-name-e-name","mainTitle":"Kotlin compiler options","product":"","headings":"Kotlin compiler options,-entry  (-e )","content":"Specify the qualified entry point name.\n","pageTitle":"-entry  (-e )","metaDescription":"","type":"Documentation","breadcrumbs":"Compiler and plugins///Kotlin compiler","root":0,"depth":2}