{"objectID":"_compatibility_guide_22.html#forbid_non_local_returns_in_lambdas_used_as_parameter_s_default_value","parent":"_compatibility_guide_22.html#basic_terms","pageViews":0,"url":"https://kotlinlang.org/docs/compatibility-guide-22.html#forbid-non-local-returns-in-lambdas-used-as-parameter-s-default-value","mainTitle":"Compatibility guide for Kotlin 2.2","product":"","headings":"Compatibility guide for Kotlin 2.2,Forbid non-local returns in lambdas used as parameter\u0027s default value","content":"Issue: KTLC-286\nComponent: Core language\nIncompatible change type: source\nShort summary: Non-local return statements are no longer allowed in lambdas used as parameter\u0027s default value. This pattern previously compiled but led to runtime crashes. To migrate, rewrite the lambda to avoid non-local returns or move the logic outside the default value.\nDeprecation cycle:\n- 2.2.0: report an error for non-local returns in lambdas used as parameter\u0027s default value\n","pageTitle":"Forbid non-local returns in lambdas used as parameter\u0027s default value","metaDescription":"","type":"Documentation","breadcrumbs":"Other resources///Kotlin compatibility guides","root":0,"depth":2}