{"objectID":"_compatibility_guide_18.html#prohibit_null_safety_violation_in_lambdas_passed_to_functions_overloaded_by_lambda_return_type","parent":"_compatibility_guide_18.html#basic_terms","pageViews":0,"url":"https://kotlinlang.org/docs/compatibility-guide-18.html#prohibit-null-safety-violation-in-lambdas-passed-to-functions-overloaded-by-lambda-return-type","mainTitle":"Compatibility guide for Kotlin 1.8","product":"","headings":"Compatibility guide for Kotlin 1.8,Prohibit null-safety violation in lambdas passed to functions overloaded by lambda return type","content":"Issue: KT-49658\nComponent: Core language\nIncompatible change type: source\nShort summary: Kotlin 1.8 will prohibit returning null from lambdas passed to functions overloaded by those lambdas\u0027 return types when overloads don\u0027t allow a nullable return type. Previously, it was allowed when null was returned from one of the branches of the when operator\nDeprecation cycle:\n- 1.6.20: report a type mismatch warning (or an error in the progressive mode)\n- 1.8.0: raise the warning to an error, -XXLanguage:-DontLoseDiagnosticsDuringOverloadResolutionByReturnType can be used to temporarily revert to the pre-1.8 behavior\n","pageTitle":"Prohibit null-safety violation in lambdas passed to functions overloaded by lambda return type","metaDescription":"","type":"Documentation","breadcrumbs":"Other resources///Kotlin compatibility guides","root":0,"depth":2}