{"objectID":"_compatibility_guide_22.html#deprecate_target_presets_apis","parent":"_compatibility_guide_22.html#basic_terms","pageViews":0,"url":"https://kotlinlang.org/docs/compatibility-guide-22.html#deprecate-target-presets-apis","mainTitle":"Compatibility guide for Kotlin 2.2","product":"","headings":"Compatibility guide for Kotlin 2.2,Deprecate target presets APIs","content":"Issue: KT-71698\nComponent: Gradle\nIncompatible change type: source\nShort summary: Target presets for Kotlin Multiplatform targets became obsolete; target DSL functions like jvm() or iosSimulatorArm64() now cover the same use cases. All presets-related APIs are deprecated:\n- The presets property in org.jetbrains.kotlin.gradle.dsl.KotlinMultiplatformExtension\n- The org.jetbrains.kotlin.gradle.plugin.KotlinTargetPreset interface and all its inheritors\n- The fromPreset overloads\nDeprecation cycle:\n- 1.9.20: report a warning on any usages of the presets-related API\n- 2.0.0: raise this warning to an error\n- 2.2.0: remove the presets-related API from the public API of the Kotlin Gradle plugin; sources that still use it fail with \u0026quot;unresolved reference\u0026quot; errors, and binaries (for example, Gradle plugins) might fail with linkage errors unless recompiled against the latest versions of the Kotlin Gradle plugin\n","pageTitle":"Deprecate target presets APIs","metaDescription":"","type":"Documentation","breadcrumbs":"Other resources///Kotlin compatibility guides","root":0,"depth":2}