{"objectID":"_compatibility_guide_17.html#deprecate_floating_point_array_functions_contains_indexof_lastindexof","parent":"_compatibility_guide_17.html#basic_terms","pageViews":0,"url":"https://kotlinlang.org/docs/compatibility-guide-17.html#deprecate-floating-point-array-functions-contains-indexof-lastindexof","mainTitle":"Compatibility guide for Kotlin 1.7","product":"","headings":"Compatibility guide for Kotlin 1.7,Deprecate floating-point array functions: contains, indexOf, lastIndexOf","content":"Issue: KT-28753\nComponent: kotlin-stdlib\nIncompatible change type: source\nShort summary: Kotlin deprecates floating-point array functions contains, indexOf, lastIndexOf that compare values using the IEEE-754 order instead of the total order\nDeprecation cycle:\n- 1.4.0: deprecate the affected functions with a warning\n- 1.6.0: raise the deprecation level to an error\n- 1.7.0: hide the deprecated functions from the public API\n","pageTitle":"Deprecate floating-point array functions: contains, indexOf, lastIndexOf","metaDescription":"","type":"Documentation","breadcrumbs":"Other resources///Kotlin compatibility guides","root":0,"depth":2}