{"objectID":"_compatibility_guide_16.html#remove_several_compiler_options","parent":"_compatibility_guide_16.html#basic_terms","pageViews":0,"url":"https://kotlinlang.org/docs/compatibility-guide-16.html#remove-several-compiler-options","mainTitle":"Compatibility guide for Kotlin 1.6","product":"","headings":"Compatibility guide for Kotlin 1.6,Remove several compiler options","content":"Issue: KT-48847\nComponent: Gradle\nIncompatible change type: source\nShort summary: remove the deprecated noReflect and includeRuntime compiler options\nDeprecation cycle:\n- 1.5.0: raise the deprecation level to an error\n- 1.6.0: remove the deprecated options\n","pageTitle":"Remove several compiler options","metaDescription":"","type":"Documentation","breadcrumbs":"Other resources///Kotlin compatibility guides","root":0,"depth":2}