{"objectID":"_compatibility_guide_15.html#inconsistent_case_insensitive_comparison_of_characters_in_kotlin_text_functions","parent":"_compatibility_guide_15.html#basic_terms","pageViews":0,"url":"https://kotlinlang.org/docs/compatibility-guide-15.html#inconsistent-case-insensitive-comparison-of-characters-in-kotlin-text-functions","mainTitle":"Compatibility guide for Kotlin 1.5","product":"","headings":"Compatibility guide for Kotlin 1.5,Inconsistent case-insensitive comparison of characters in kotlin.text functions","content":"Issue: KT-45496\nComponent: kotlin-stdlib\nIncompatible change type: behavioral\nShort summary: Since Kotlin 1.5, Char.equals will be improved in case-insensitive case by first comparing whether the uppercase variants of characters are equal, then whether the lowercase variants of those uppercase variants (as opposed to the characters themselves) are equal\nDeprecation cycle:\n- \u0026lt; 1.5: old behavior (see details in the issue)\n- 1.5: change behavior for Char.equals function\n","pageTitle":"Inconsistent case-insensitive comparison of characters in kotlin.text functions","metaDescription":"","type":"Documentation","breadcrumbs":"Other resources///Kotlin compatibility guides","root":0,"depth":2}