{"objectID":"_components_stability.html#language_tools","parent":"_components_stability.html#stability_levels_explained","pageViews":0,"url":"https://kotlinlang.org/docs/components-stability.html#language-tools","mainTitle":"Stability of Kotlin components","product":"","headings":"Stability of Kotlin components,Language tools","content":"Component Status Status since version Comments\nScripting syntax and semantics Alpha 1.2.0\nScripting embedding and extension API Beta 1.5.0\nScripting IDE support Beta Available since IntelliJ IDEA 2023.1 and later\nCLI scripting Alpha 1.2.0\n","pageTitle":"Language tools","metaDescription":"","type":"Documentation","breadcrumbs":"Kotlin evolution and roadmap","root":0,"depth":1}