{"objectID":"_compatibility_guide_13.html#","parent":"_compatibility_guide_13.html#basic_terms","pageViews":0,"url":"https://kotlinlang.org/docs/compatibility-guide-13.html","mainTitle":"Compatibility guide for Kotlin 1.3","product":"","headings":"Compatibility guide for Kotlin 1.3","content":"Keeping the Language Modern and Comfortable Updates are among the fundamental principles in Kotlin Language Design. The former says that constructs which obstruct language evolution should be removed, and the latter says that this removal should be well-communicated beforehand to make code migration as smooth as possible.\nWhile most of the language changes were already announced through other channels, like update changelogs or compiler warnings, this document summarizes them all, providing a complete reference for migration from Kotlin 1.2 to Kotlin 1.3.\n","pageTitle":"Compatibility guide for Kotlin 1.3","metaDescription":"","type":"Documentation","breadcrumbs":"Other resources///Kotlin compatibility guides","root":0,"depth":2}