{"objectID":"_compiler_reference.html#linker_options_args","parent":"_compiler_reference.html#compiler_options","pageViews":0,"url":"https://kotlinlang.org/docs/compiler-reference.html#linker-options-args","mainTitle":"Kotlin compiler options","product":"","headings":"Kotlin compiler options,-linker-options","content":"Pass multiple arguments to the linker during binary building. Separate arguments with whitespaces.\n","pageTitle":"-linker-options","metaDescription":"","type":"Documentation","breadcrumbs":"Compiler and plugins///Kotlin compiler","root":0,"depth":2}