{"objectID":"_compatibility_guide_14.html#compiler_arguments_with_delimiter_characters_must_be_passed_in_double_quotes_on_windows","parent":"_compatibility_guide_14.html#basic_terms","pageViews":0,"url":"https://kotlinlang.org/docs/compatibility-guide-14.html#compiler-arguments-with-delimiter-characters-must-be-passed-in-double-quotes-on-windows","mainTitle":"Compatibility guide for Kotlin 1.4","product":"","headings":"Compatibility guide for Kotlin 1.4,Compiler arguments with delimiter characters must be passed in double quotes on Windows","content":"Issue: KT-41309\nComponent: CLI\nIncompatible change type: behavioral\nShort summary: on Windows, kotlinc.bat arguments that contain delimiter characters (whitespace, \u003d, ;, ,) now require double quotes (\u0026quot;)\nDeprecation cycle:\n- \u0026lt; 1.4: all compiler arguments are passed without quotes\n- \u0026gt;\u003d 1.4: compiler arguments that contain delimiter characters (whitespace, \u003d, ;, ,) require double quotes (\u0026quot;)\n","pageTitle":"Compiler arguments with delimiter characters must be passed in double quotes on Windows","metaDescription":"","type":"Documentation","breadcrumbs":"Other resources///Kotlin compatibility guides","root":0,"depth":2}