{"objectID":"_comparison_to_java.html#what_java_has_that_kotlin_does_not","parent":"_comparison_to_java.html#some_java_issues_addressed_in_kotlin","pageViews":0,"url":"https://kotlinlang.org/docs/comparison-to-java.html#what-java-has-that-kotlin-does-not","mainTitle":"Comparison to Java","product":"","headings":"Comparison to Java,What Java has that Kotlin does not","content":"- Checked exceptions\n- Primitive types that are not classes. The byte-code uses primitives where possible, but they are not explicitly available.\n- Static members are replaced with companion objects, top-level functions, extension functions, or @JvmStatic.\n- Wildcard-types are replaced with declaration-site variance and type projections.\n- Ternary-operator a ? b : c is replaced with if expression.\n- Records\n- Pattern Matching\n- package-private visibility modifier\n","pageTitle":"What Java has that Kotlin does not","metaDescription":"","type":"Documentation","breadcrumbs":"Platforms///JVM","root":0,"depth":2}