{"objectID":"_compatibility_guide_18.html#raise_deprecation_level_of_classpath_property_of_kotlincompile_task","parent":"_compatibility_guide_18.html#basic_terms","pageViews":0,"url":"https://kotlinlang.org/docs/compatibility-guide-18.html#raise-deprecation-level-of-classpath-property-of-kotlincompile-task","mainTitle":"Compatibility guide for Kotlin 1.8","product":"","headings":"Compatibility guide for Kotlin 1.8,Raise deprecation level of classpath property of KotlinCompile task","content":"Issue: KT-51679\nComponent: Gradle\nIncompatible change type: source\nShort summary: the classpath property of the KotlinCompile task is deprecated\nDeprecation cycle:\n- 1.7.0: the classpath property is deprecated\n- 1.8.0: raise the deprecation level to an error\n- \u0026gt;\u003d1.9.0: remove the deprecated functions from the public API\n","pageTitle":"Raise deprecation level of classpath property of KotlinCompile task","metaDescription":"","type":"Documentation","breadcrumbs":"Other resources///Kotlin compatibility guides","root":0,"depth":2}