{"objectID":"_compatibility_guide_14.html#outer_finally_block_inserted_before_return_is_not_excluded_from_the_catch_interval_of_the_inner_try_block_without_finally","parent":"_compatibility_guide_14.html#basic_terms","pageViews":0,"url":"https://kotlinlang.org/docs/compatibility-guide-14.html#outer-finally-block-inserted-before-return-is-not-excluded-from-the-catch-interval-of-the-inner-try-block-without-finally","mainTitle":"Compatibility guide for Kotlin 1.4","product":"","headings":"Compatibility guide for Kotlin 1.4,Outer finally block inserted before return is not excluded from the catch interval of the inner try block without finally","content":"Issue: KT-31923\nComponent: Kotlin/JVM\nIncompatible change type: behavioral\nShort summary: since Kotlin 1.4, the catch interval will be computed properly for nested try/catch blocks\nDeprecation cycle:\n- \u0026lt; 1.4: old behavior (see details in the issue)\n- \u0026gt;\u003d 1.4: behavior changed, -XXLanguage:-ProperFinally can be used to temporarily revert to pre-1.4 behavior\n","pageTitle":"Outer finally block inserted before return is not excluded from the catch interval of the inner try block without finally","metaDescription":"","type":"Documentation","breadcrumbs":"Other resources///Kotlin compatibility guides","root":0,"depth":2}