{"objectID":"_compatibility_guide_21.html#report_implicit_usages_of_inaccessible_types","parent":"_compatibility_guide_21.html#basic_terms","pageViews":0,"url":"https://kotlinlang.org/docs/compatibility-guide-21.html#report-implicit-usages-of-inaccessible-types","mainTitle":"Compatibility guide for Kotlin 2.1","product":"","headings":"Compatibility guide for Kotlin 2.1,Report implicit usages of inaccessible types","content":"Issue: KTLC-3\nComponent: Core language\nIncompatible change type: source\nShort summary: The compiler now reports usages of inaccessible types in function literals and type arguments, preventing compilation and runtime failures caused by incomplete type information.\nDeprecation cycle:\n- 2.0.0: report warnings for function literals with parameters or receivers of inaccessible non-generic types and for types with inaccessible type argument; report errors for function literals with parameters or receivers of inaccessible generic types and for types with inaccessible generic type arguments in specific scenarios\n- 2.1.0: raise warnings to errors for function literals with parameters and receivers of inaccessible non-generic types\n- 2.2.0: raise warnings to errors for types with inaccessible type arguments\n","pageTitle":"Report implicit usages of inaccessible types","metaDescription":"","type":"Documentation","breadcrumbs":"Other resources///Kotlin compatibility guides","root":0,"depth":2}