{"objectID":"_compiler_reference.html#opt_in_annotation","parent":"_compiler_reference.html#compiler_options","pageViews":0,"url":"https://kotlinlang.org/docs/compiler-reference.html#opt-in-annotation","mainTitle":"Kotlin compiler options","product":"","headings":"Kotlin compiler options,-opt-in","content":"Enable usages of API that requires opt-in with a requirement annotation with the given fully qualified name.\n","pageTitle":"-opt-in","metaDescription":"","type":"Documentation","breadcrumbs":"Compiler and plugins///Kotlin compiler","root":0,"depth":2}