{"objectID":"_compatibility_guide_16.html#hide_implementation_and_interop_specific_functions_from_the_public_api_of_classes_in_kotlin_js","parent":"_compatibility_guide_16.html#basic_terms","pageViews":0,"url":"https://kotlinlang.org/docs/compatibility-guide-16.html#hide-implementation-and-interop-specific-functions-from-the-public-api-of-classes-in-kotlin-js","mainTitle":"Compatibility guide for Kotlin 1.6","product":"","headings":"Compatibility guide for Kotlin 1.6,Hide implementation- and interop-specific functions from the public API of classes in Kotlin/JS","content":"Issue: KT-48587\nComponent: kotlin-stdlib (JS)\nIncompatible change type: source, binary\nShort summary: the functions HashMap.createEntrySet and AbstactMutableCollection.toJSON change their visibility to internal\nDeprecation cycle:\n- 1.6.0: make the functions internal, thus removing them from the public API\n","pageTitle":"Hide implementation- and interop-specific functions from the public API of classes in Kotlin/JS","metaDescription":"","type":"Documentation","breadcrumbs":"Other resources///Kotlin compatibility guides","root":0,"depth":2}