{"objectID":"_components_stability.html#kotlin_multiplatform","parent":"_components_stability.html#stability_levels_explained","pageViews":0,"url":"https://kotlinlang.org/docs/components-stability.html#kotlin-multiplatform","mainTitle":"Stability of Kotlin components","product":"","headings":"Stability of Kotlin components,Kotlin Multiplatform","content":"Component Status Status since version Comments\nKotlin Multiplatform Stable 1.9.20\nKotlin Multiplatform plugin for Android Studio Beta 0.8.0 Versioned separately from the language\n","pageTitle":"Kotlin Multiplatform","metaDescription":"","type":"Documentation","breadcrumbs":"Kotlin evolution and roadmap","root":0,"depth":1}