{"objectID":"_compatibility_guide_18.html#make_private_constructors_of_sealed_classes_really_private","parent":"_compatibility_guide_18.html#basic_terms","pageViews":0,"url":"https://kotlinlang.org/docs/compatibility-guide-18.html#make-private-constructors-of-sealed-classes-really-private","mainTitle":"Compatibility guide for Kotlin 1.8","product":"","headings":"Compatibility guide for Kotlin 1.8,Make private constructors of sealed classes really private","content":"Issue: KT-44866\nComponent: Core language\nIncompatible change type: source\nShort summary: after relaxing restrictions on where the inheritors of sealed classes could be declared in the project structure, the default visibility of sealed class constructors became protected. However, until 1.8, Kotlin still allowed calling explicitly declared private constructors of sealed classes outside those classes\u0027 scopes\nDeprecation cycle:\n- 1.6.20: report a warning (or an error in the progressive mode) when a private constructor of a sealed class is called outside that class\n- 1.8.0: use default visibility rules for private constructors (a call to a private constructor can be resolved only if this call is inside the corresponding class), the old behavior can be brought back temporarily by specifying the -XXLanguage:-UseConsistentRulesForPrivateConstructorsOfSealedClasses compiler argument\n","pageTitle":"Make private constructors of sealed classes really private","metaDescription":"","type":"Documentation","breadcrumbs":"Other resources///Kotlin compatibility guides","root":0,"depth":2}