{"objectID":"_compiler_reference.html#","parent":"_compiler_reference.html#compiler_options","pageViews":0,"url":"https://kotlinlang.org/docs/compiler-reference.html","mainTitle":"Kotlin compiler options","product":"","headings":"Kotlin compiler options","content":"Each release of Kotlin includes compilers for the supported targets: JVM, JavaScript, and native binaries for supported platforms.\nThese compilers are used by:\n- The IDE, when you click the Compile or Run button for your Kotlin project.\n- Gradle, when you call gradle build in a console or in the IDE.\n- Maven, when you call mvn compile or mvn test-compile in a console or in the IDE.\nYou can also run Kotlin compilers manually from the command line as described in the Working with command-line compiler tutorial.\n","pageTitle":"Kotlin compiler options","metaDescription":"","type":"Documentation","breadcrumbs":"Compiler and plugins///Kotlin compiler","root":0,"depth":2}