{"objectID":"_compatibility_guide_16.html#gradually_change_the_return_type_of_collection_min_and_max_functions_to_non_nullable","parent":"_compatibility_guide_16.html#basic_terms","pageViews":0,"url":"https://kotlinlang.org/docs/compatibility-guide-16.html#gradually-change-the-return-type-of-collection-min-and-max-functions-to-non-nullable","mainTitle":"Compatibility guide for Kotlin 1.6","product":"","headings":"Compatibility guide for Kotlin 1.6,Gradually change the return type of collection min and max functions to non-nullable","content":"Issue: KT-38854\nComponent: kotlin-stdlib\nIncompatible change type: source\nShort summary: the return type of collection min and max functions will be changed to non-nullable in Kotlin 1.7\nDeprecation cycle:\n- 1.4.0: introduce ...OrNull functions as synonyms and deprecate the affected API (see details in the issue)\n- 1.5.0: raise the deprecation level of the affected API to an error\n- 1.6.0: hide the deprecated functions from the public API\n- \u0026gt;\u003d 1.7: reintroduce the affected API but with non-nullable return type\n","pageTitle":"Gradually change the return type of collection min and max functions to non-nullable","metaDescription":"","type":"Documentation","breadcrumbs":"Other resources///Kotlin compatibility guides","root":0,"depth":2}