{"objectID":"_compatibility_guide_14.html#incorrect_generic_signature_in_annotations_when_kclass_is_used_as_a_generic_parameter","parent":"_compatibility_guide_14.html#basic_terms","pageViews":0,"url":"https://kotlinlang.org/docs/compatibility-guide-14.html#incorrect-generic-signature-in-annotations-when-kclass-is-used-as-a-generic-parameter","mainTitle":"Compatibility guide for Kotlin 1.4","product":"","headings":"Compatibility guide for Kotlin 1.4,Incorrect generic signature in annotations when KClass is used as a generic parameter","content":"Issue: KT-35207\nComponent: Kotlin/JVM\nIncompatible change type: source\nShort summary: Kotlin 1.4 will fix incorrect type mapping in annotations when KClass is used as a generic parameter\nDeprecation cycle:\n- \u0026lt; 1.4: old behavior (see details in the issue)\n- \u0026gt;\u003d 1.4: behavior changed\n","pageTitle":"Incorrect generic signature in annotations when KClass is used as a generic parameter","metaDescription":"","type":"Documentation","breadcrumbs":"Other resources///Kotlin compatibility guides","root":0,"depth":2}