{"objectID":"_compatibility_guide_22.html#deprecate_apple_target_shortcuts","parent":"_compatibility_guide_22.html#basic_terms","pageViews":0,"url":"https://kotlinlang.org/docs/compatibility-guide-22.html#deprecate-apple-target-shortcuts","mainTitle":"Compatibility guide for Kotlin 2.2","product":"","headings":"Compatibility guide for Kotlin 2.2,Deprecate Apple target shortcuts","content":"Issue: KT-70615\nComponent: Gradle\nIncompatible change type: source\nShort summary: The ios(), watchos(), and tvos() target shortcuts are deprecated in Kotlin Multiplatform DSL. The shortcuts were designed to partially create a source set hierarchy for Apple targets. The Kotlin Multiplatform Gradle plugin now provides a built-in hierarchy template. Instead of shortcuts, specify the list of targets, and then the plugin automatically sets up intermediate source sets for them.\nDeprecation cycle:\n- 1.9.20: report a warning when target shortcuts are used; the default hierarchy template is enabled by default instead\n- 2.1.0: report an error when target shortcuts are used\n- 2.2.0: remove target shortcut DSL from the Kotlin Multiplatform Gradle plugin\n","pageTitle":"Deprecate Apple target shortcuts","metaDescription":"","type":"Documentation","breadcrumbs":"Other resources///Kotlin compatibility guides","root":0,"depth":2}