{"objectID":"_compatibility_guide_15.html#forbid_exposing_anonymous_types_from_private_inline_functions","parent":"_compatibility_guide_15.html#basic_terms","pageViews":0,"url":"https://kotlinlang.org/docs/compatibility-guide-15.html#forbid-exposing-anonymous-types-from-private-inline-functions","mainTitle":"Compatibility guide for Kotlin 1.5","product":"","headings":"Compatibility guide for Kotlin 1.5,Forbid exposing anonymous types from private inline functions","content":"Issue: KT-33917\nComponent: Core language\nIncompatible change type: source\nShort summary: Kotlin 1.5 will outlaw exposing anonymous types from private inline functions\nDeprecation cycle:\n- \u0026lt; 1.5: introduce warning for the problematic constructors\n- \u0026gt;\u003d 1.5: raise this warning to an error, -XXLanguage:-ApproximateAnonymousReturnTypesInPrivateInlineFunctions can be used to temporarily revert to pre-1.5 behavior\n","pageTitle":"Forbid exposing anonymous types from private inline functions","metaDescription":"","type":"Documentation","breadcrumbs":"Other resources///Kotlin compatibility guides","root":0,"depth":2}