{"objectID":"_compatibility_guide_15.html#raise_the_deprecation_level_of_conversions_of_floating_point_types_to_short_and_byte","parent":"_compatibility_guide_15.html#basic_terms","pageViews":0,"url":"https://kotlinlang.org/docs/compatibility-guide-15.html#raise-the-deprecation-level-of-conversions-of-floating-point-types-to-short-and-byte","mainTitle":"Compatibility guide for Kotlin 1.5","product":"","headings":"Compatibility guide for Kotlin 1.5,Raise the deprecation level of conversions of floating-point types to Short and Byte","content":"Issue: KT-30360\nComponent: kotlin-stdlib (JVM)\nIncompatible change type: source\nShort summary: conversions of floating-point types to Short and Byte deprecated in Kotlin 1.4 with WARNING level will cause errors since Kotlin 1.5.0.\nDeprecation cycle:\n- 1.4: deprecate Double.toShort()/toByte() and Float.toShort()/toByte() and propose replacement\n- 1.5.0: raise the deprecation level to error\n","pageTitle":"Raise the deprecation level of conversions of floating-point types to Short and Byte","metaDescription":"","type":"Documentation","breadcrumbs":"Other resources///Kotlin compatibility guides","root":0,"depth":2}