{"objectID":"_compatibility_guide_20.html#require_properties_with_backing_field_and_a_custom_setter_to_be_immediately_initialized","parent":"_compatibility_guide_20.html#basic_terms","pageViews":0,"url":"https://kotlinlang.org/docs/compatibility-guide-20.html#require-properties-with-backing-field-and-a-custom-setter-to-be-immediately-initialized","mainTitle":"Compatibility guide for Kotlin 2.0","product":"","headings":"Compatibility guide for Kotlin 2.0,Require properties with backing field and a custom setter to be immediately initialized","content":"Issue: KT-58589\nComponent: Core language\nIncompatible change type: behavioral\nDeprecation cycle:\n- 1.9.20: introduce the MUST_BE_INITIALIZED warning for cases where there is no primary constructor\n- 2.0.0: raise the warning to an error\n","pageTitle":"Require properties with backing field and a custom setter to be immediately initialized","metaDescription":"","type":"Documentation","breadcrumbs":"Other resources///Kotlin compatibility guides","root":0,"depth":2}