{"objectID":"_compiler_reference.html#kotlin_js_compiler_options","parent":"_compiler_reference.html#compiler_options","pageViews":0,"url":"https://kotlinlang.org/docs/compiler-reference.html#kotlin-js-compiler-options","mainTitle":"Kotlin compiler options","product":"","headings":"Kotlin compiler options,Kotlin/JS compiler options","content":"The Kotlin compiler for JS compiles Kotlin source files into JavaScript code. The command-line tool for Kotlin to JS compilation is kotlinc-js.\nIn addition to the common options, Kotlin/JS compiler has the options listed below.\n","pageTitle":"Kotlin/JS compiler options","metaDescription":"","type":"Documentation","breadcrumbs":"Compiler and plugins///Kotlin compiler","root":0,"depth":2}