{"objectID":"_compatibility_guide_22.html#deprecate_kotlinoptions_dsl","parent":"_compatibility_guide_22.html#basic_terms","pageViews":0,"url":"https://kotlinlang.org/docs/compatibility-guide-22.html#deprecate-kotlinoptions-dsl","mainTitle":"Compatibility guide for Kotlin 2.2","product":"","headings":"Compatibility guide for Kotlin 2.2,Deprecate  DSL","content":"Issue: KT-54110\nComponent: Gradle\nIncompatible change type: source\nShort summary: The ability to configure compiler options through the kotlinOptions DSL and the related KotlinCompile\u0026lt;KotlinOptions\u0026gt; task interface is deprecated in favor of the new compilerOptions DSL. As part of this deprecation, all properties in the kotlinOptions interface are now also individually marked as deprecated. To migrate, use the compilerOptions DSL to configure compiler options. For guidance on the migration, see Migrate from kotlinOptions {} to compilerOptions {}.\nDeprecation cycle:\n- 2.0.0: report a warning for kotlinOptions DSL\n- 2.2.0: raise the warning to an error and deprecate all properties in kotlinOptions\n","pageTitle":"Deprecate  DSL","metaDescription":"","type":"Documentation","breadcrumbs":"Other resources///Kotlin compatibility guides","root":0,"depth":2}