{"objectID":"_compatibility_guide_15.html#forbid_spread_operator_in_signature_polymorphic_calls","parent":"_compatibility_guide_15.html#basic_terms","pageViews":0,"url":"https://kotlinlang.org/docs/compatibility-guide-15.html#forbid-spread-operator-in-signature-polymorphic-calls","mainTitle":"Compatibility guide for Kotlin 1.5","product":"","headings":"Compatibility guide for Kotlin 1.5,Forbid spread operator in signature-polymorphic calls","content":"Issue: KT-35226\nComponent: Core language\nIncompatible change type: source\nShort summary: Kotlin 1.5 will outlaw the use of spread operator (*) on signature-polymorphic calls\nDeprecation cycle:\n- \u0026lt; 1.5: introduce warning for the problematic operator at call-site\n- \u0026gt;\u003d 1.5: raise this warning to an error, -XXLanguage:-ProhibitSpreadOnSignaturePolymorphicCall can be used to temporarily revert to pre-1.5 behavior\n","pageTitle":"Forbid spread operator in signature-polymorphic calls","metaDescription":"","type":"Documentation","breadcrumbs":"Other resources///Kotlin compatibility guides","root":0,"depth":2}