{"objectID":"_compatibility_guide_21.html#correct_visibility_alignment_for_getters_and_setters_of_var_properties_overriding_a_protected_val","parent":"_compatibility_guide_21.html#basic_terms","pageViews":0,"url":"https://kotlinlang.org/docs/compatibility-guide-21.html#correct-visibility-alignment-for-getters-and-setters-of-var-properties-overriding-a-protected-val","mainTitle":"Compatibility guide for Kotlin 2.1","product":"","headings":"Compatibility guide for Kotlin 2.1,Correct visibility alignment for getters and setters of var properties overriding a protected val","content":"Issue: KTLC-36\nComponent: Core language\nIncompatible change type: binary\nShort summary: The visibility of getters and setters for var properties overriding a protected val property is now consistent, with both inheriting the visibility of the overridden val property.\nDeprecation cycle:\n- 2.1.0: enforce consistent visibility for both getters and setters in K2; K1 remains unaffected\n","pageTitle":"Correct visibility alignment for getters and setters of var properties overriding a protected val","metaDescription":"","type":"Documentation","breadcrumbs":"Other resources///Kotlin compatibility guides","root":0,"depth":2}