{"objectID":"_compiler_reference.html#meta_info","parent":"_compiler_reference.html#compiler_options","pageViews":0,"url":"https://kotlinlang.org/docs/compiler-reference.html#meta-info","mainTitle":"Kotlin compiler options","product":"","headings":"Kotlin compiler options,-meta-info","content":"Generate .meta.js and .kjsm files with metadata. Use this option when creating a JS library.\n","pageTitle":"-meta-info","metaDescription":"","type":"Documentation","breadcrumbs":"Compiler and plugins///Kotlin compiler","root":0,"depth":2}