{"objectID":"_compatibility_guide_14.html#wrong_overload_resolution_for_contravariant_types_with_nullable_type_arguments","parent":"_compatibility_guide_14.html#basic_terms","pageViews":0,"url":"https://kotlinlang.org/docs/compatibility-guide-14.html#wrong-overload-resolution-for-contravariant-types-with-nullable-type-arguments","mainTitle":"Compatibility guide for Kotlin 1.4","product":"","headings":"Compatibility guide for Kotlin 1.4,Wrong overload resolution for contravariant types with nullable type arguments","content":"Issue: KT-31670\nComponent: Core language\nIncompatible change type: source\nShort summary: since Kotlin 1.4, if two overloads of a function that takes contravariant type arguments differ only by the nullability of the type (such as In\u0026lt;T\u0026gt; and In\u0026lt;T?\u0026gt;), the nullable type is considered more specific.\nDeprecation cycle:\n- \u0026lt; 1.4: old behavior (see details in the issue)\n- \u0026gt;\u003d 1.4: behavior changed, -XXLanguage:-NewInference can be used to temporarily revert to pre-1.4 behavior. Note that this flag will also disable several new language features.\n","pageTitle":"Wrong overload resolution for contravariant types with nullable type arguments","metaDescription":"","type":"Documentation","breadcrumbs":"Other resources///Kotlin compatibility guides","root":0,"depth":2}