{"objectID":"_compatibility_guide_19.html#prohibit_using_collection_literals_in_annotation_classes_anywhere_except_their_parameters_declaration","parent":"_compatibility_guide_19.html#basic_terms","pageViews":0,"url":"https://kotlinlang.org/docs/compatibility-guide-19.html#prohibit-using-collection-literals-in-annotation-classes-anywhere-except-their-parameters-declaration","mainTitle":"Compatibility guide for Kotlin 1.9","product":"","headings":"Compatibility guide for Kotlin 1.9,Prohibit using collection literals in annotation classes anywhere except their parameters declaration","content":"Issue: KT-39041\nComponent: Core language\nIncompatible change type: source\nShort summary: Kotlin allows using collection literals in a restricted way - for passing arrays to parameters of annotation classes or specifying default values for these parameters. However besides that, Kotlin allowed using collections literals anywhere else inside an annotation class, for example, in its nested object. Kotlin 1.9 will prohibit using collection literals in annotation classes anywhere except their parameters\u0027 default values.\nDeprecation cycle:\n- 1.7.0: report a warning (or an error in the progressive mode) on array literals in nested objects in annotation classes\n- 1.9.0: raise the warning to an error\n","pageTitle":"Prohibit using collection literals in annotation classes anywhere except their parameters declaration","metaDescription":"","type":"Documentation","breadcrumbs":"Other resources///Kotlin compatibility guides","root":0,"depth":2}