{"objectID":"_compatibility_guide_1720.html#","parent":"_compatibility_guide_1720.html#basic_terms","pageViews":0,"url":"https://kotlinlang.org/docs/compatibility-guide-1720.html","mainTitle":"Compatibility guide for Kotlin 1.7.20","product":"","headings":"Compatibility guide for Kotlin 1.7.20","content":"Keeping the Language Modern and Comfortable Updates are among the fundamental principles in Kotlin Language Design. The former says that constructs which obstruct language evolution should be removed, and the latter says that this removal should be well-communicated beforehand to make code migration as smooth as possible.\nUsually incompatible changes happen only in feature releases, but this time we have to introduce two such changes in an incremental release to limit spread of the problems introduced by changes in Kotlin 1.7.\nThis document summarizes them, providing a reference for migration from Kotlin 1.7.0 and 1.7.10 to Kotlin 1.7.20.\n","pageTitle":"Compatibility guide for Kotlin 1.7.20","metaDescription":"","type":"Documentation","breadcrumbs":"Other resources///Kotlin compatibility guides","root":0,"depth":2}