{"objectID":"_comparison_to_java.html#what_kotlin_has_that_java_does_not","parent":"_comparison_to_java.html#some_java_issues_addressed_in_kotlin","pageViews":0,"url":"https://kotlinlang.org/docs/comparison-to-java.html#what-kotlin-has-that-java-does-not","mainTitle":"Comparison to Java","product":"","headings":"Comparison to Java,What Kotlin has that Java does not","content":"- Lambda expressions + Inline functions \u003d performant custom control structures\n- Extension functions\n- Null-safety\n- Smart casts (Java 16: Pattern Matching for instanceof)\n- String templates (Java 21: String Templates (Preview))\n- Properties\n- Primary constructors\n- First-class delegation\n- Type inference for variable and property types (Java 10: Local-Variable Type Inference)\n- Singletons\n- Declaration-site variance \u0026amp; Type projections\n- Range expressions\n- Operator overloading\n- Companion objects\n- Data classes\n- Coroutines\n- Top-level functions\n- Default arguments\n- Named parameters\n- Infix functions\n- Expect and actual declarations\n- Explicit API mode and better control of API surface\n","pageTitle":"What Kotlin has that Java does not","metaDescription":"","type":"Documentation","breadcrumbs":"Platforms///JVM","root":0,"depth":2}