{"objectID":"_compatibility_guide_14.html#return_type_any_inferred_for_lambda_with_early_return_with_integer_literal_in_one_of_possible_return_values","parent":"_compatibility_guide_14.html#basic_terms","pageViews":0,"url":"https://kotlinlang.org/docs/compatibility-guide-14.html#return-type-any-inferred-for-lambda-with-early-return-with-integer-literal-in-one-of-possible-return-values","mainTitle":"Compatibility guide for Kotlin 1.4","product":"","headings":"Compatibility guide for Kotlin 1.4,Return type Any inferred for lambda with early return with integer literal in one of possible return values","content":"Issue: KT-20226\nComponent: Core language\nIncompatible change type: source\nShort summary: since Kotlin 1.4, integer type returning from a lambda will be more specific for cases when there is early return\nDeprecation cycle:\n- \u0026lt; 1.4: old behavior (see details in the issue)\n- \u0026gt;\u003d 1.4: behavior changed, -XXLanguage:-NewInference can be used to temporarily revert to pre-1.4 behavior. Note that this flag will also disable several new language features.\n","pageTitle":"Return type Any inferred for lambda with early return with integer literal in one of possible return values","metaDescription":"","type":"Documentation","breadcrumbs":"Other resources///Kotlin compatibility guides","root":0,"depth":2}