{"objectID":"_compatibility_guide_14.html#unexpected_behavior_with_in_infix_operator_and_concurrenthashmap","parent":"_compatibility_guide_14.html#basic_terms","pageViews":0,"url":"https://kotlinlang.org/docs/compatibility-guide-14.html#unexpected-behavior-with-in-infix-operator-and-concurrenthashmap","mainTitle":"Compatibility guide for Kotlin 1.4","product":"","headings":"Compatibility guide for Kotlin 1.4,Unexpected behavior with in infix operator and ConcurrentHashMap","content":"Issue: KT-18053\nComponent: Core language\nIncompatible change type: source\nShort summary: Kotlin 1.4 will outlaw auto operator contains coming from the implementors of java.util.Map written in Java\nDeprecation cycle:\n- \u0026lt; 1.4: introduce warning for problematic operators at call-site\n- \u0026gt;\u003d 1.4: raise this warning to an error, -XXLanguage:-ProhibitConcurrentHashMapContains can be used to temporarily revert to pre-1.4 behavior\n","pageTitle":"Unexpected behavior with in infix operator and ConcurrentHashMap","metaDescription":"","type":"Documentation","breadcrumbs":"Other resources///Kotlin compatibility guides","root":0,"depth":2}