{"objectID":"_compatibility_guide_20.html#visibility_changes_in_gradle","parent":"_compatibility_guide_20.html#basic_terms","pageViews":0,"url":"https://kotlinlang.org/docs/compatibility-guide-20.html#visibility-changes-in-gradle","mainTitle":"Compatibility guide for Kotlin 2.0","product":"","headings":"Compatibility guide for Kotlin 2.0,Visibility changes in Gradle","content":"Issue: KT-64653\nComponent: Gradle\nIncompatible change type: source\nShort summary: Previously, certain Kotlin DSL functions and properties intended for a specific DSL context would inadvertently leak into other DSL contexts. We\u0027ve added the @KotlinGradlePluginDsl annotation, which prevents the exposure of the Kotlin Gradle plugin DSL functions and properties to levels where they are not intended to be available. The following levels are separated from each other:\n- Kotlin extension\n- Kotlin target\n- Kotlin compilation\n- Kotlin compilation task\nDeprecation cycle:\n- 2.0.0: for most popular cases, the compiler reports warnings with suggestions on how to fix them if your build script is configured incorrectly; otherwise, the compiler reports an error\n","pageTitle":"Visibility changes in Gradle","metaDescription":"","type":"Documentation","breadcrumbs":"Other resources///Kotlin compatibility guides","root":0,"depth":2}