{"objectID":"_compatibility_guide_17.html#prohibit_the_delegation_of_super_calls_to_an_abstract_superclass_member","parent":"_compatibility_guide_17.html#basic_terms","pageViews":0,"url":"https://kotlinlang.org/docs/compatibility-guide-17.html#prohibit-the-delegation-of-super-calls-to-an-abstract-superclass-member","mainTitle":"Compatibility guide for Kotlin 1.7","product":"","headings":"Compatibility guide for Kotlin 1.7,Prohibit the delegation of super calls to an abstract superclass member","content":"Issues: KT-45508, KT-49017, KT-38078\nComponent: Core language\nIncompatible change type: source\nShort summary: Kotlin will report a compile error when an explicit or implicit super call is delegated to an abstract member of the superclass, even if there\u0027s a default implementation in a super interface\nDeprecation cycle:\n- 1.5.20: introduce a warning when non-abstract classes that do not override all abstract members are used\n- 1.7.0: report an error if a super call, in fact, accesses an abstract member from a superclass\n- 1.7.0: report an error if the -Xjvm-default\u003dall or -Xjvm-default\u003dall-compatibility compatibility modes are enabled; report an error in the progressive mode\n- \u0026gt;\u003d1.8.0: report an error in all cases\n","pageTitle":"Prohibit the delegation of super calls to an abstract superclass member","metaDescription":"","type":"Documentation","breadcrumbs":"Other resources///Kotlin compatibility guides","root":0,"depth":2}