{"objectID":"_compatibility_guide_16.html#deprecate_some_js_only_api","parent":"_compatibility_guide_16.html#basic_terms","pageViews":0,"url":"https://kotlinlang.org/docs/compatibility-guide-16.html#deprecate-some-js-only-api","mainTitle":"Compatibility guide for Kotlin 1.6","product":"","headings":"Compatibility guide for Kotlin 1.6,Deprecate some JS-only API","content":"Issue: KT-48587\nComponent: kotlin-stdlib (JS)\nIncompatible change type: source\nShort summary: a number of JS-only functions in stdlib are deprecated for removal. They include: String.concat(String), String.match(regex: String), String.matches(regex: String), and the sort functions on arrays taking a comparison function, for example, Array\u0026lt;out T\u0026gt;.sort(comparison: (a: T, b: T) -\u0026gt; Int)\nDeprecation cycle:\n- 1.6.0: deprecate the affected functions with a warning\n- 1.7.0: raise the deprecation level to an error\n- 1.8.0: remove the deprecated functions from the public API\n","pageTitle":"Deprecate some JS-only API","metaDescription":"","type":"Documentation","breadcrumbs":"Other resources///Kotlin compatibility guides","root":0,"depth":2}