{"objectID":"_compiler_reference.html#xwarning_level","parent":"_compiler_reference.html#compiler_options","pageViews":0,"url":"https://kotlinlang.org/docs/compiler-reference.html#xwarning-level","mainTitle":"Kotlin compiler options","product":"","headings":"Kotlin compiler options,-Xwarning-level","content":"Configure the severity level of specific compiler warnings:\nkotlinc -Xwarning-level\u003dDIAGNOSTIC_NAME:(error|warning|disabled)\n- error: raises only the specified warning to an error.\n- warning: emits a warning for the specified diagnostic and is enabled by default.\n- disabled: suppresses only the specified warning module-wide.\nYou can adjust warning reporting in your project by combining module-wide rules with specific ones:\nCommand Description\n-nowarn -Xwarning-level\u003dDIAGNOSTIC_NAME:warning Suppress all warnings except for the specified ones.\n-Werror -Xwarning-level\u003dDIAGNOSTIC_NAME:warning Raise all warnings to errors except for the specified ones.\n-Wextra -Xwarning-level\u003dDIAGNOSTIC_NAME:disabled Enable all additional checks except for the specified ones.\nIf you have many warnings to exclude from the general rules, you can list them in a separate file using @argfile.\n","pageTitle":"-Xwarning-level","metaDescription":"","type":"Documentation","breadcrumbs":"Compiler and plugins///Kotlin compiler","root":0,"depth":2}