{"objectID":"_compatibility_guide_21.html#add_support_for_multiple_stability_configuration_files","parent":"_compatibility_guide_21.html#basic_terms","pageViews":0,"url":"https://kotlinlang.org/docs/compatibility-guide-21.html#add-support-for-multiple-stability-configuration-files","mainTitle":"Compatibility guide for Kotlin 2.1","product":"","headings":"Compatibility guide for Kotlin 2.1,Add support for multiple stability configuration files","content":"Issue: KT-68345\nComponent: Gradle\nIncompatible change type: source\nShort summary: The stabilityConfigurationFile property in the Compose extension is deprecated in favor of a new stabilityConfigurationFiles property, which allows specifying multiple configuration files.\nDeprecation cycle:\n- 2.1.0: stabilityConfigurationFile property is deprecated\n","pageTitle":"Add support for multiple stability configuration files","metaDescription":"","type":"Documentation","breadcrumbs":"Other resources///Kotlin compatibility guides","root":0,"depth":2}