{"objectID":"_compatibility_guide_21.html#deprecate_locale_sensitive_case_conversion_functions_for_char_and_string","parent":"_compatibility_guide_21.html#basic_terms","pageViews":0,"url":"https://kotlinlang.org/docs/compatibility-guide-21.html#deprecate-locale-sensitive-case-conversion-functions-for-char-and-string","mainTitle":"Compatibility guide for Kotlin 2.1","product":"","headings":"Compatibility guide for Kotlin 2.1,Deprecate locale-sensitive case conversion functions for Char and String","content":"Issue: KT-43023\nComponent: kotlin-stdlib\nIncompatible change type: source\nShort summary: Among other Kotlin standard library APIs, locale-sensitive case conversion functions for Char and String, such as Char.toUpperCase() and String.toLowerCase(), are deprecated. Replace them with locale-agnostic alternatives like String.lowercase() or explicitly specify the locale for locale-sensitive behavior, such as String.lowercase(Locale.getDefault()).\nFor a comprehensive list of deprecated Kotlin standard library APIs in Kotlin 2.1.0, see KT-71628.\nDeprecation cycle:\n- 1.4.30: introduce locale-agnostic alternatives as experimental API\n- 1.5.0: deprecate locale-sensitive case conversion functions with a warning\n- 2.1.0: raise the warning to an error\n","pageTitle":"Deprecate locale-sensitive case conversion functions for Char and String","metaDescription":"","type":"Documentation","breadcrumbs":"Other resources///Kotlin compatibility guides","root":0,"depth":2}