{"objectID":"_compatibility_guide_16.html#basic_terms","parent":"_compatibility_guide_16.html#basic_terms","pageViews":0,"url":"https://kotlinlang.org/docs/compatibility-guide-16.html#basic-terms","mainTitle":"Compatibility guide for Kotlin 1.6","product":"","headings":"Compatibility guide for Kotlin 1.6,Basic terms","content":"In this document we introduce several kinds of compatibility:\n- source: source-incompatible change stops code that used to compile fine (without errors or warnings) from compiling anymore\n- binary: two binary artifacts are said to be binary-compatible if interchanging them doesn\u0027t lead to loading or linkage errors\n- behavioral: a change is said to be behavioral-incompatible if the same program demonstrates different behavior before and after applying the change\nRemember that those definitions are given only for pure Kotlin. Compatibility of Kotlin code from the other languages perspective (for example, from Java) is out of the scope of this document.\n","pageTitle":"Basic terms","metaDescription":"","type":"Documentation","breadcrumbs":"Other resources///Kotlin compatibility guides","root":0,"depth":2}