{"objectID":"_compatibility_guide_15.html#turn_warnings_into_errors_for_calls_with_type_parameters_annotated_by_onlyinputtypes","parent":"_compatibility_guide_15.html#basic_terms","pageViews":0,"url":"https://kotlinlang.org/docs/compatibility-guide-15.html#turn-warnings-into-errors-for-calls-with-type-parameters-annotated-by-onlyinputtypes","mainTitle":"Compatibility guide for Kotlin 1.5","product":"","headings":"Compatibility guide for Kotlin 1.5,Turn warnings into errors for calls with type parameters annotated by @OnlyInputTypes","content":"Issue: KT-45861\nComponent: Core language\nIncompatible change type: source\nShort summary: Kotlin 1.5 will outlaw calls like contains, indexOf, and assertEquals with senseless arguments to improve type safety\nDeprecation cycle:\n- 1.4.0: introduce warning for the problematic constructors\n- \u0026gt;\u003d 1.5: raise this warning to an error, -XXLanguage:-StrictOnlyInputTypesChecks can be used to temporarily revert to pre-1.5 behavior\n","pageTitle":"Turn warnings into errors for calls with type parameters annotated by @OnlyInputTypes","metaDescription":"","type":"Documentation","breadcrumbs":"Other resources///Kotlin compatibility guides","root":0,"depth":2}