{"objectID":"_compatibility_guide_1720.html#rollback_attempt_to_fix_proper_constraints_processing","parent":"_compatibility_guide_1720.html#basic_terms","pageViews":0,"url":"https://kotlinlang.org/docs/compatibility-guide-1720.html#rollback-attempt-to-fix-proper-constraints-processing","mainTitle":"Compatibility guide for Kotlin 1.7.20","product":"","headings":"Compatibility guide for Kotlin 1.7.20,Rollback attempt to fix proper constraints processing","content":"Issue: KT-53813\nComponent: Core language\nIncompatible change type: source\nShort summary: Rollback an attempt of fixing issues in type inference constraints processing appeared in 1.7.0 after implementing the change described in KT-52668. The attempt was made in 1.7.10, but it in turn introduced new problems.\nDeprecation cycle:\n- 1.7.20: Rollback to 1.7.0 behavior\n","pageTitle":"Rollback attempt to fix proper constraints processing","metaDescription":"","type":"Documentation","breadcrumbs":"Other resources///Kotlin compatibility guides","root":0,"depth":2}