{"objectID":"_compatibility_guide_20.html#deprecate_kotlinoptions_dsl","parent":"_compatibility_guide_20.html#basic_terms","pageViews":0,"url":"https://kotlinlang.org/docs/compatibility-guide-20.html#deprecate-kotlinoptions-dsl","mainTitle":"Compatibility guide for Kotlin 2.0","product":"","headings":"Compatibility guide for Kotlin 2.0,Deprecate kotlinOptions DSL","content":"Issue: KT-63419\nComponent: Gradle\nIncompatible change type: source\nShort summary: The ability to configure compiler options through the kotlinOptions DSL and the related KotlinCompile\u0026lt;KotlinOptions\u0026gt; task interface have been deprecated.\nDeprecation cycle:\n- 2.0.0: report a warning\n","pageTitle":"Deprecate kotlinOptions DSL","metaDescription":"","type":"Documentation","breadcrumbs":"Other resources///Kotlin compatibility guides","root":0,"depth":2}