{"objectID":"_compatibility_guide_14.html#no_smart_cast_on_the_last_expression_in_a_generic_lambda","parent":"_compatibility_guide_14.html#basic_terms","pageViews":0,"url":"https://kotlinlang.org/docs/compatibility-guide-14.html#no-smart-cast-on-the-last-expression-in-a-generic-lambda","mainTitle":"Compatibility guide for Kotlin 1.4","product":"","headings":"Compatibility guide for Kotlin 1.4,No smart cast on the last expression in a generic lambda","content":"Issue: KT-15020\nComponent: Core Language\nIncompatible change type: behavioral\nShort summary: smart casts for last expressions in lambdas will be correctly applied since 1.4\nDeprecation cycle:\n- \u0026lt; 1.4: old behavior (see details in the issue)\n- \u0026gt;\u003d 1.4: behavior changed, -XXLanguage:-NewInference can be used to temporarily revert to pre-1.4 behavior. Note that this flag will also disable several new language features.\n","pageTitle":"No smart cast on the last expression in a generic lambda","metaDescription":"","type":"Documentation","breadcrumbs":"Other resources///Kotlin compatibility guides","root":0,"depth":2}