{"objectID":"_compatibility_guide_21.html#hide_compiler_symbols_from_the_kotlin_gradle_plugin_api","parent":"_compatibility_guide_21.html#basic_terms","pageViews":0,"url":"https://kotlinlang.org/docs/compatibility-guide-21.html#hide-compiler-symbols-from-the-kotlin-gradle-plugin-api","mainTitle":"Compatibility guide for Kotlin 2.1","product":"","headings":"Compatibility guide for Kotlin 2.1,Hide compiler symbols from the Kotlin Gradle Plugin API","content":"Issue: KT-70251\nComponent: Gradle\nIncompatible change type: source\nShort summary: Compiler module symbols bundled within the Kotlin Gradle Plugin (KGP), such as KotlinCompilerVersion, are hidden from the public API to prevent unintended access in build scripts.\nDeprecation cycle:\n- 2.1.0: report a warning on accessing these symbols\n- 2.2.0: raise the warning to an error\n","pageTitle":"Hide compiler symbols from the Kotlin Gradle Plugin API","metaDescription":"","type":"Documentation","breadcrumbs":"Other resources///Kotlin compatibility guides","root":0,"depth":2}