{"objectID":"_compatibility_guide_20.html#prohibit_upper_bound_violation_in_typealias_constructors","parent":"_compatibility_guide_20.html#basic_terms","pageViews":0,"url":"https://kotlinlang.org/docs/compatibility-guide-20.html#prohibit-upper-bound-violation-in-typealias-constructors","mainTitle":"Compatibility guide for Kotlin 2.0","product":"","headings":"Compatibility guide for Kotlin 2.0,Prohibit upper bound violation in typealias constructors","content":"Issue: KT-54066\nComponent: Core language\nIncompatible change type: source\nDeprecation cycle:\n- 1.8.0: introduce a warning for cases when the upper bound is violated in typealias constructors\n- 2.0.0: raise the warning to an error in the K2 compiler\n","pageTitle":"Prohibit upper bound violation in typealias constructors","metaDescription":"","type":"Documentation","breadcrumbs":"Other resources///Kotlin compatibility guides","root":0,"depth":2}