{"objectID":"_compiler_reference.html#java_parameters","parent":"_compiler_reference.html#compiler_options","pageViews":0,"url":"https://kotlinlang.org/docs/compiler-reference.html#java-parameters","mainTitle":"Kotlin compiler options","product":"","headings":"Kotlin compiler options,-java-parameters","content":"Generate metadata for Java 1.8 reflection on method parameters.\n","pageTitle":"-java-parameters","metaDescription":"","type":"Documentation","breadcrumbs":"Compiler and plugins///Kotlin compiler","root":0,"depth":2}