{"objectID":"_compatibility_guide_16.html#annotation_target_is_not_analyzed_in_several_cases_for_annotations_on_a_type","parent":"_compatibility_guide_16.html#basic_terms","pageViews":0,"url":"https://kotlinlang.org/docs/compatibility-guide-16.html#annotation-target-is-not-analyzed-in-several-cases-for-annotations-on-a-type","mainTitle":"Compatibility guide for Kotlin 1.6","product":"","headings":"Compatibility guide for Kotlin 1.6,Annotation target is not analyzed in several cases for annotations on a type","content":"Issue: KT-28449\nComponent: Core language\nIncompatible change type: source\nShort summary: Kotlin 1.6 will no longer allow annotations on types that should not be applicable to types\nDeprecation cycle:\n- 1.5.20: introduce an error in the progressive mode\n- 1.6.0: introduce an error, -XXLanguage:-ProperCheckAnnotationsTargetInTypeUsePositions can be used to temporarily disable the error reporting\n","pageTitle":"Annotation target is not analyzed in several cases for annotations on a type","metaDescription":"","type":"Documentation","breadcrumbs":"Other resources///Kotlin compatibility guides","root":0,"depth":2}