{"objectID":"_compatibility_guide_19.html#deprecate_confusing_grammar_in_when_with_subject","parent":"_compatibility_guide_19.html#basic_terms","pageViews":0,"url":"https://kotlinlang.org/docs/compatibility-guide-19.html#deprecate-confusing-grammar-in-when-with-subject","mainTitle":"Compatibility guide for Kotlin 1.9","product":"","headings":"Compatibility guide for Kotlin 1.9,Deprecate confusing grammar in when-with-subject","content":"Issue: KT-48385\nComponent: Core language\nIncompatible change type: source\nShort summary: Kotlin 1.6 deprecated several confusing grammar constructs in when condition expressions.\nDeprecation cycle:\n- 1.6.20: introduce a deprecation warning on the affected expressions\n- 1.8.0: raise this warning to an error, -XXLanguage:-ProhibitConfusingSyntaxInWhenBranches can be used to temporarily revert to the pre-1.8 behavior\n- \u0026gt;\u003d 2.1: repurpose some deprecated constructs for new language features\n","pageTitle":"Deprecate confusing grammar in when-with-subject","metaDescription":"","type":"Documentation","breadcrumbs":"Other resources///Kotlin compatibility guides","root":0,"depth":2}