{"objectID":"_compatibility_guide_19.html#prohibit_forward_referencing_of_parameters_in_default_value_expressions","parent":"_compatibility_guide_19.html#basic_terms","pageViews":0,"url":"https://kotlinlang.org/docs/compatibility-guide-19.html#prohibit-forward-referencing-of-parameters-in-default-value-expressions","mainTitle":"Compatibility guide for Kotlin 1.9","product":"","headings":"Compatibility guide for Kotlin 1.9,Prohibit forward referencing of parameters in default value expressions","content":"Issue: KT-25694\nComponent: Core language\nIncompatible change type: source\nShort summary: Kotlin 1.9 will prohibit forward referencing of parameters in default value expressions of other parameters. This ensures that by the time the parameter is accessed in a default value expression, it would already have a value either passed to the function or initialized by its own default value expression.\nDeprecation cycle:\n- 1.7.0: report a warning (or an error in the progressive mode) when a parameter with default value is references in default value of another parameter that comes before it\n- 1.9.0: raise the warning to an error, -XXLanguage:-ProhibitIllegalValueParameterUsageInDefaultArguments can be used to temporarily revert to the pre-1.9 behavior\n","pageTitle":"Prohibit forward referencing of parameters in default value expressions","metaDescription":"","type":"Documentation","breadcrumbs":"Other resources///Kotlin compatibility guides","root":0,"depth":2}