{"objectID":"_compatibility_guide_20.html#correct_type_approximation_algorithm_for_contravariant_captured_types","parent":"_compatibility_guide_20.html#basic_terms","pageViews":0,"url":"https://kotlinlang.org/docs/compatibility-guide-20.html#correct-type-approximation-algorithm-for-contravariant-captured-types","mainTitle":"Compatibility guide for Kotlin 2.0","product":"","headings":"Compatibility guide for Kotlin 2.0,Correct type approximation algorithm for contravariant captured types","content":"Issue: KT-49404\nComponent: Core language\nIncompatible change type: source\nDeprecation cycle:\n- 1.8.20: report a warning on problematic calls\n- 2.0.0: raise the warning to an error\n","pageTitle":"Correct type approximation algorithm for contravariant captured types","metaDescription":"","type":"Documentation","breadcrumbs":"Other resources///Kotlin compatibility guides","root":0,"depth":2}