{"objectID":"_compatibility_guide_13.html#missing_getter_targeted_annotations_on_annotation_constructor_parameters","parent":"_compatibility_guide_13.html#basic_terms","pageViews":0,"url":"https://kotlinlang.org/docs/compatibility-guide-13.html#missing-getter-targeted-annotations-on-annotation-constructor-parameters","mainTitle":"Compatibility guide for Kotlin 1.3","product":"","headings":"Compatibility guide for Kotlin 1.3,Missing getter-targeted annotations on annotation constructor parameters","content":"Issue: KT-25287\nComponent: Kotlin/JVM\nIncompatible change type: behavioral\nShort summary: getter-target annotations on annotations constructor parameters will be properly written to classfiles in 1.3\nDeprecation cycle:\n- \u0026lt;1.3: getter-target annotations on annotation constructor parameters are not applied\n- \u0026gt;\u003d1.3: getter-target annotations on annotation constructor parameters are properly applied and written to the generated code\n","pageTitle":"Missing getter-targeted annotations on annotation constructor parameters","metaDescription":"","type":"Documentation","breadcrumbs":"Other resources///Kotlin compatibility guides","root":0,"depth":2}