{"objectID":"_compatibility_guide_13.html#nullability_assertions_on_access_to_java_types_annotated_with_notnull","parent":"_compatibility_guide_13.html#basic_terms","pageViews":0,"url":"https://kotlinlang.org/docs/compatibility-guide-13.html#nullability-assertions-on-access-to-java-types-annotated-with-notnull","mainTitle":"Compatibility guide for Kotlin 1.3","product":"","headings":"Compatibility guide for Kotlin 1.3,Nullability assertions on access to Java types annotated with @NotNull","content":"Issue: KT-20830\nComponent: Kotlin/JVM\nIncompatible change type: Behavioral\nShort summary: nullability assertions for Java-types annotated with not-null annotations will be generated more aggressively, causing code which passes null here to fail faster.\nDeprecation cycle:\n- \u0026lt;1.3: the compiler could miss such assertions when type inference was involved, allowing potential null propagation during compilation against binaries (see Issue for details).\n- \u0026gt;\u003d1.3: the compiler generates missed assertions. This can cause code which was (erroneously) passing nulls here fail faster.-XXLanguage:-StrictJavaNullabilityAssertions can be used to temporarily return to the pre-1.3 behavior. Support for this flag will be removed in the next major release.\n","pageTitle":"Nullability assertions on access to Java types annotated with @NotNull","metaDescription":"","type":"Documentation","breadcrumbs":"Other resources///Kotlin compatibility guides","root":0,"depth":2}