{"objectID":"_compatibility_guide_17.html#make_when_statements_with_enum_sealed_and_boolean_subjects_exhaustive_by_default","parent":"_compatibility_guide_17.html#basic_terms","pageViews":0,"url":"https://kotlinlang.org/docs/compatibility-guide-17.html#make-when-statements-with-enum-sealed-and-boolean-subjects-exhaustive-by-default","mainTitle":"Compatibility guide for Kotlin 1.7","product":"","headings":"Compatibility guide for Kotlin 1.7,Make when statements with enum, sealed, and Boolean subjects exhaustive by default","content":"Issue: KT-47709\nComponent: Core language\nIncompatible change type: source\nShort summary: Kotlin 1.7 will report an error about the when statement with an enum, sealed, or Boolean subject being non-exhaustive\nDeprecation cycle:\n- 1.6.0: introduce a warning when the when statement with an enum, sealed, or Boolean subject is non-exhaustive (error in the progressive mode)\n- 1.7.0: raise this warning to an error\n","pageTitle":"Make when statements with enum, sealed, and Boolean subjects exhaustive by default","metaDescription":"","type":"Documentation","breadcrumbs":"Other resources///Kotlin compatibility guides","root":0,"depth":2}