{"objectID":"_compatibility_guide_20.html#","parent":"_compatibility_guide_20.html#basic_terms","pageViews":0,"url":"https://kotlinlang.org/docs/compatibility-guide-20.html","mainTitle":"Compatibility guide for Kotlin 2.0","product":"","headings":"Compatibility guide for Kotlin 2.0","content":"Keeping the Language Modern and Comfortable Updates are among the fundamental principles in Kotlin Language Design. The former says that constructs which obstruct language evolution should be removed, and the latter says that this removal should be well-communicated beforehand to make code migration as smooth as possible.\nWhile most of the language changes were already announced through other channels, like updated changelogs or compiler warnings, this document provides a complete reference for migration from Kotlin 1.9 to Kotlin 2.0.\nThe Kotlin K2 compiler is introduced as part of Kotlin 2.0. For information on the benefits of the new compiler, changes you might encounter during migration, and how to roll back to the previous compiler, see K2 compiler migration guide.\n","pageTitle":"Compatibility guide for Kotlin 2.0","metaDescription":"","type":"Documentation","breadcrumbs":"Other resources///Kotlin compatibility guides","root":0,"depth":2}