{"objectID":"_compatibility_guide_20.html#generate_kotlin_lambdas_via_invokedynamic_and_lambdametafactory_by_default","parent":"_compatibility_guide_20.html#basic_terms","pageViews":0,"url":"https://kotlinlang.org/docs/compatibility-guide-20.html#generate-kotlin-lambdas-via-invokedynamic-and-lambdametafactory-by-default","mainTitle":"Compatibility guide for Kotlin 2.0","product":"","headings":"Compatibility guide for Kotlin 2.0,Generate Kotlin lambdas via invokedynamic and LambdaMetafactory by default","content":"Issue: KT-45375\nComponent: Core language\nIncompatible change type: behavioral\nDeprecation cycle:\n- 2.0.0: implement new behavior; lambdas are generated using invokedynamic and LambdaMetafactory by default\n","pageTitle":"Generate Kotlin lambdas via invokedynamic and LambdaMetafactory by default","metaDescription":"","type":"Documentation","breadcrumbs":"Other resources///Kotlin compatibility guides","root":0,"depth":2}