{"objectID":"_compatibility_guide_17.html#do_not_neglect_meaningful_constraints_during_type_inference","parent":"_compatibility_guide_17.html#basic_terms","pageViews":0,"url":"https://kotlinlang.org/docs/compatibility-guide-17.html#do-not-neglect-meaningful-constraints-during-type-inference","mainTitle":"Compatibility guide for Kotlin 1.7","product":"","headings":"Compatibility guide for Kotlin 1.7,Do not neglect meaningful constraints during type inference","content":"Issue: KT-52668\nComponent: Core language\nIncompatible change type: source\nShort summary: Kotlin 1.4−1.6 neglected some type constraints during type inference due to an incorrect optimization. It could allow writing unsound code, causing ClassCastException at runtime. Kotlin 1.7 takes these constraints into account, thus prohibiting the unsound code\nDeprecation cycle:\n- 1.5.20: report a warning on expressions where a type mismatch would happen if all the type inference constraints were taken into account\n- 1.7.0: take all the constraints into account, thus raising this warning to an error,-XXLanguage:-ProperTypeInferenceConstraintsProcessing can be used to temporarily revert to the pre-1.7 behavior\n","pageTitle":"Do not neglect meaningful constraints during type inference","metaDescription":"","type":"Documentation","breadcrumbs":"Other resources///Kotlin compatibility guides","root":0,"depth":2}