{"objectID":"_compatibility_guide_22.html#deprecate_kotlincompilationoutput_resourcesdirprovider_property","parent":"_compatibility_guide_22.html#basic_terms","pageViews":0,"url":"https://kotlinlang.org/docs/compatibility-guide-22.html#deprecate-kotlincompilationoutput-resourcesdirprovider-property","mainTitle":"Compatibility guide for Kotlin 2.2","product":"","headings":"Compatibility guide for Kotlin 2.2,Deprecate  property","content":"Issue: KT-70620\nComponent: Gradle\nIncompatible change type: source\nShort summary: The KotlinCompilationOutput#resourcesDirProvider property is deprecated. Use KotlinSourceSet.resources in your Gradle build script instead to add additional resource directories.\nDeprecation cycle:\n- 2.1.0: KotlinCompilationOutput#resourcesDirProvider is deprecated with a warning\n- 2.2.0: raise the warning to an error\n","pageTitle":"Deprecate  property","metaDescription":"","type":"Documentation","breadcrumbs":"Other resources///Kotlin compatibility guides","root":0,"depth":2}