{"objectID":"_compiler_reference.html#jvm_default_mode","parent":"_compiler_reference.html#compiler_options","pageViews":0,"url":"https://kotlinlang.org/docs/compiler-reference.html#jvm-default-mode","mainTitle":"Kotlin compiler options","product":"","headings":"Kotlin compiler options,-jvm-default","content":"Control how functions declared in interfaces are compiled to default methods on the JVM.\nMode Description\nenable Generates default implementations in interfaces and includes bridge functions in subclasses and DefaultImpls classes. (Default)\nno-compatibility Generates only default implementations in interfaces, skipping compatibility bridges and DefaultImpls classes.\ndisable Generates only compatibility bridges and DefaultImpls classes, skipping default methods.\n","pageTitle":"-jvm-default","metaDescription":"","type":"Documentation","breadcrumbs":"Compiler and plugins///Kotlin compiler","root":0,"depth":2}