{"objectID":"_compatibility_guide_20.html#make_the_real_type_of_a_destructuring_variable_consistent_with_the_explicit_type_when_specified","parent":"_compatibility_guide_20.html#basic_terms","pageViews":0,"url":"https://kotlinlang.org/docs/compatibility-guide-20.html#make-the-real-type-of-a-destructuring-variable-consistent-with-the-explicit-type-when-specified","mainTitle":"Compatibility guide for Kotlin 2.0","product":"","headings":"Compatibility guide for Kotlin 2.0,Make the real type of a destructuring variable consistent with the explicit type when specified","content":"Issue: KT-57011\nComponent: Core language\nIncompatible change type: source\nDeprecation cycle:\n- 2.0.0: implement new behavior; the real type of destructuring variable is now consistent with the explicit type when specified\n","pageTitle":"Make the real type of a destructuring variable consistent with the explicit type when specified","metaDescription":"","type":"Documentation","breadcrumbs":"Other resources///Kotlin compatibility guides","root":0,"depth":2}