{"objectID":"_compiler_reference.html#no_reflect","parent":"_compiler_reference.html#compiler_options","pageViews":0,"url":"https://kotlinlang.org/docs/compiler-reference.html#no-reflect","mainTitle":"Kotlin compiler options","product":"","headings":"Kotlin compiler options,-no-reflect","content":"Don\u0027t automatically include the Kotlin reflection (kotlin-reflect.jar) into the classpath.\n","pageTitle":"-no-reflect","metaDescription":"","type":"Documentation","breadcrumbs":"Compiler and plugins///Kotlin compiler","root":0,"depth":2}