{"objectID":"_compatibility_guide_16.html#change_value_generation_algorithm_in_random_nextlong","parent":"_compatibility_guide_16.html#basic_terms","pageViews":0,"url":"https://kotlinlang.org/docs/compatibility-guide-16.html#change-value-generation-algorithm-in-random-nextlong","mainTitle":"Compatibility guide for Kotlin 1.6","product":"","headings":"Compatibility guide for Kotlin 1.6,Change value generation algorithm in Random.nextLong","content":"Issue: KT-47304\nComponent: kotlin-stdlib\nIncompatible change type: behavioral\nShort summary: Kotlin 1.6 changes the value generation algorithm in the Random.nextLong function to avoid producing values out of the specified range.\nDeprecation cycle:\n- 1.6.0: the behavior is fixed immediately\n","pageTitle":"Change value generation algorithm in Random.nextLong","metaDescription":"","type":"Documentation","breadcrumbs":"Other resources///Kotlin compatibility guides","root":0,"depth":2}