{"objectID":"_compatibility_guide_13.html#mod_operator_convention","parent":"_compatibility_guide_13.html#basic_terms","pageViews":0,"url":"https://kotlinlang.org/docs/compatibility-guide-13.html#mod-operator-convention","mainTitle":"Compatibility guide for Kotlin 1.3","product":"","headings":"Compatibility guide for Kotlin 1.3,mod operator convention","content":"Issues: KT-24197\nComponent: Core language\nIncompatible change type: Source\nShort summary: since Kotlin 1.3 declaration of mod operator is prohibited, as well as calls which resolve to such declarations\nDeprecation cycle:\n- 1.1.X, 1.2.X: report warnings on declarations of operator mod, as well as on calls which resolve to it\n- 1.3.X: elevate warnings to error, but still allow to resolve to operator mod declarations\n- 1.4.X: do not resolve calls to operator mod anymore\n","pageTitle":"mod operator convention","metaDescription":"","type":"Documentation","breadcrumbs":"Other resources///Kotlin compatibility guides","root":0,"depth":2}