{"objectID":"_compatibility_guide_20.html#prohibit_unit_conversion_on_arbitrary_expressions_in_invoke_operator_convention_call","parent":"_compatibility_guide_20.html#basic_terms","pageViews":0,"url":"https://kotlinlang.org/docs/compatibility-guide-20.html#prohibit-unit-conversion-on-arbitrary-expressions-in-invoke-operator-convention-call","mainTitle":"Compatibility guide for Kotlin 2.0","product":"","headings":"Compatibility guide for Kotlin 2.0,Prohibit Unit conversion on arbitrary expressions in invoke operator convention call","content":"Issue: KT-61182\nComponent: Core language\nIncompatible change type: behavioral\nDeprecation cycle:\n- 2.0.0: report an error when Unit conversion is applied to an arbitrary expression on variable and invoke resolution; use the -XXLanguage:+UnitConversionsOnArbitraryExpressions compiler option to keep the previous behavior with affected expressions.\n","pageTitle":"Prohibit Unit conversion on arbitrary expressions in invoke operator convention call","metaDescription":"","type":"Documentation","breadcrumbs":"Other resources///Kotlin compatibility guides","root":0,"depth":2}