{"objectID":"_compatibility_guide_22.html#prohibit_inaccessible_generic_types_from_indirect_dependencies","parent":"_compatibility_guide_22.html#basic_terms","pageViews":0,"url":"https://kotlinlang.org/docs/compatibility-guide-22.html#prohibit-inaccessible-generic-types-from-indirect-dependencies","mainTitle":"Compatibility guide for Kotlin 2.2","product":"","headings":"Compatibility guide for Kotlin 2.2,Prohibit inaccessible generic types from indirect dependencies","content":"Issue: KTLC-3\nComponent: Core language\nIncompatible change type: source\nShort summary: The K2 compiler now reports errors when using types from indirect dependencies that are not visible to the compiler. This affects cases such as lambda parameters or generic type arguments, where the referenced type is not available due to a missing dependency.\nDeprecation cycle:\n- 2.0.0: report errors for inaccessible generic types in lambdas and selected usages of inaccessible generic type arguments; report warnings for inaccessible non-generic types in lambdas and inaccessible type arguments in expression and super types\n- 2.1.0: raise the warning on inaccessible non-generic types in lambdas to an error\n- 2.2.0: raise the warning on inaccessible type arguments in expression types to an error\n","pageTitle":"Prohibit inaccessible generic types from indirect dependencies","metaDescription":"","type":"Documentation","breadcrumbs":"Other resources///Kotlin compatibility guides","root":0,"depth":2}