{"objectID":"_compatibility_guide_21.html#changes_in_k2_smart_cast_propagation","parent":"_compatibility_guide_21.html#basic_terms","pageViews":0,"url":"https://kotlinlang.org/docs/compatibility-guide-21.html#changes-in-k2-smart-cast-propagation","mainTitle":"Compatibility guide for Kotlin 2.1","product":"","headings":"Compatibility guide for Kotlin 2.1,Changes in K2 smart cast propagation","content":"Issue: KTLC-34\nComponent: Core language\nIncompatible change type: behavioral\nShort summary: The K2 compiler changes its behavior for smart cast propagation by introducing bidirectional propagation of type information for inferred variables, like val x \u003d y. Explicitly typed variables, such as val x: T \u003d y, no longer propagate type information, ensuring stricter adherence to declared types.\nDeprecation cycle:\n- 2.1.0: enable the new behavior\n","pageTitle":"Changes in K2 smart cast propagation","metaDescription":"","type":"Documentation","breadcrumbs":"Other resources///Kotlin compatibility guides","root":0,"depth":2}