{"objectID":"_compiler_reference.html#xannotation_default_target_param_property","parent":"_compiler_reference.html#compiler_options","pageViews":0,"url":"https://kotlinlang.org/docs/compiler-reference.html#xannotation-default-target-param-property","mainTitle":"Kotlin compiler options","product":"","headings":"Kotlin compiler options,-Xannotation-default-target\u003dparam-property","content":"Enables the new experimental defaulting rule for annotation use-site targets:\nkotlinc -Xannotation-default-target\u003dparam-property\n","pageTitle":"-Xannotation-default-target\u003dparam-property","metaDescription":"","type":"Documentation","breadcrumbs":"Compiler and plugins///Kotlin compiler","root":0,"depth":2}