{"objectID":"_compatibility_guide_21.html#report_error_when_accessing_uninitialized_enum_entries","parent":"_compatibility_guide_21.html#basic_terms","pageViews":0,"url":"https://kotlinlang.org/docs/compatibility-guide-21.html#report-error-when-accessing-uninitialized-enum-entries","mainTitle":"Compatibility guide for Kotlin 2.1","product":"","headings":"Compatibility guide for Kotlin 2.1,Report error when accessing uninitialized enum entries","content":"Issue: KT-68451\nComponent: Core language\nIncompatible change type: source\nShort summary: The compiler now reports an error when uninitialized enum entries are accessed during enum class or entry initialization. This aligns the behavior with member property initialization rules, preventing runtime exceptions and ensuring consistent logic.\nDeprecation cycle:\n- 2.1.0: report an error when accessing uninitialized enum entries\n","pageTitle":"Report error when accessing uninitialized enum entries","metaDescription":"","type":"Documentation","breadcrumbs":"Other resources///Kotlin compatibility guides","root":0,"depth":2}