{"objectID":"_compatibility_guide_14.html#hide_throwable_addsuppressed_member_and_prefer_extension_instead","parent":"_compatibility_guide_14.html#basic_terms","pageViews":0,"url":"https://kotlinlang.org/docs/compatibility-guide-14.html#hide-throwable-addsuppressed-member-and-prefer-extension-instead","mainTitle":"Compatibility guide for Kotlin 1.4","product":"","headings":"Compatibility guide for Kotlin 1.4,Hide Throwable.addSuppressed member and prefer extension instead","content":"Issue: KT-38777\nComponent: kotlin-stdlib\nIncompatible change type: behavioral\nShort summary: Throwable.addSuppressed() extension function is now preferred over the Throwable.addSuppressed() member function\nDeprecation cycle:\n- \u0026lt; 1.4: old behavior (see details in the issue)\n- \u0026gt;\u003d 1.4: behavior changed\n","pageTitle":"Hide Throwable.addSuppressed member and prefer extension instead","metaDescription":"","type":"Documentation","breadcrumbs":"Other resources///Kotlin compatibility guides","root":0,"depth":2}