{"objectID":"_compiler_reference.html#xannotation_target_all","parent":"_compiler_reference.html#compiler_options","pageViews":0,"url":"https://kotlinlang.org/docs/compiler-reference.html#xannotation-target-all","mainTitle":"Kotlin compiler options","product":"","headings":"Kotlin compiler options,-Xannotation-target-all","content":"Enables the experimental all use-site target for annotations:\nkotlinc -Xannotation-target-all\n","pageTitle":"-Xannotation-target-all","metaDescription":"","type":"Documentation","breadcrumbs":"Compiler and plugins///Kotlin compiler","root":0,"depth":2}