{"objectID":"_compiler_reference.html#verbose","parent":"_compiler_reference.html#compiler_options","pageViews":0,"url":"https://kotlinlang.org/docs/compiler-reference.html#verbose","mainTitle":"Kotlin compiler options","product":"","headings":"Kotlin compiler options,-verbose","content":"Enable verbose logging output which includes details of the compilation process.\n","pageTitle":"-verbose","metaDescription":"","type":"Documentation","breadcrumbs":"Compiler and plugins///Kotlin compiler","root":0,"depth":2}