{"objectID":"_compatibility_guide_20.html#resolve_invoke_call_receiver_type_and_the_invoke_function_type_as_if_written_in_desugared_form","parent":"_compatibility_guide_20.html#basic_terms","pageViews":0,"url":"https://kotlinlang.org/docs/compatibility-guide-20.html#resolve-invoke-call-receiver-type-and-the-invoke-function-type-as-if-written-in-desugared-form","mainTitle":"Compatibility guide for Kotlin 2.0","product":"","headings":"Compatibility guide for Kotlin 2.0,Resolve invoke call receiver type and the invoke function type as if written in desugared form","content":"Issue: KT-58260\nComponent: Core language\nIncompatible change type: source\nDeprecation cycle:\n- 2.0.0: resolve invoke call receiver type and the invoke function type independently as if they were written in a desugared form\n","pageTitle":"Resolve invoke call receiver type and the invoke function type as if written in desugared form","metaDescription":"","type":"Documentation","breadcrumbs":"Other resources///Kotlin compatibility guides","root":0,"depth":2}