{"objectID":"_compatibility_guide_13.html#unsound_smartcasts_on_enum_members","parent":"_compatibility_guide_13.html#basic_terms","pageViews":0,"url":"https://kotlinlang.org/docs/compatibility-guide-13.html#unsound-smartcasts-on-enum-members","mainTitle":"Compatibility guide for Kotlin 1.3","product":"","headings":"Compatibility guide for Kotlin 1.3,Unsound smartcasts on enum members","content":"Issue: KT-20772\nComponent: Core language\nIncompatible change type: Source\nShort summary: a smartcast on a member of one enum entry will be correctly applied to only this enum entry\nDeprecation cycle:\n- \u0026lt;1.3: a smartcast on a member of one enum entry could lead to an unsound smartcast on the same member of other enum entries.\n- \u0026gt;\u003d1.3: smartcast will be properly applied only to the member of one enum entry.-XXLanguage:-SoundSmartcastForEnumEntries will temporarily return old behavior. Support for this flag will be removed in the next major release.\n","pageTitle":"Unsound smartcasts on enum members","metaDescription":"","type":"Documentation","breadcrumbs":"Other resources///Kotlin compatibility guides","root":0,"depth":2}