{"objectID":"_compatibility_guide_20.html#prohibit_exposing_private_class_members_through_non_private_inline_functions","parent":"_compatibility_guide_20.html#basic_terms","pageViews":0,"url":"https://kotlinlang.org/docs/compatibility-guide-20.html#prohibit-exposing-private-class-members-through-non-private-inline-functions","mainTitle":"Compatibility guide for Kotlin 2.0","product":"","headings":"Compatibility guide for Kotlin 2.0,Prohibit exposing private class members through non-private inline functions","content":"Issue: KT-55179\nComponent: Core language\nIncompatible change type: source\nDeprecation cycle:\n- 1.9.0: report the PRIVATE_CLASS_MEMBER_FROM_INLINE_WARNING warning when calling private class companion object member from internal inline functions\n- 2.0.0: raise this warning to the PRIVATE_CLASS_MEMBER_FROM_INLINE error\n","pageTitle":"Prohibit exposing private class members through non-private inline functions","metaDescription":"","type":"Documentation","breadcrumbs":"Other resources///Kotlin compatibility guides","root":0,"depth":2}