{"objectID":"_compatibility_guide_18.html#prevent_implicit_coercions_between_different_numeric_types","parent":"_compatibility_guide_18.html#basic_terms","pageViews":0,"url":"https://kotlinlang.org/docs/compatibility-guide-18.html#prevent-implicit-coercions-between-different-numeric-types","mainTitle":"Compatibility guide for Kotlin 1.8","product":"","headings":"Compatibility guide for Kotlin 1.8,Prevent implicit coercions between different numeric types","content":"Issue: KT-48645\nComponent: Kotlin/JVM\nIncompatible change type: behavioral\nShort summary: Kotlin will avoid converting numeric values automatically to a primitive numeric type where only a downcast to that type is needed semantically\nDeprecation cycle:\n- \u0026lt; 1.5.30: the old behavior in all affected cases\n- 1.5.30: fix the downcast behavior in generated property delegate accessors, -Xuse-old-backend can be used to temporarily revert to the pre-1.5.30 fix behavior\n- \u0026gt;\u003d 1.9: fix the downcast behavior in other affected cases\n","pageTitle":"Prevent implicit coercions between different numeric types","metaDescription":"","type":"Documentation","breadcrumbs":"Other resources///Kotlin compatibility guides","root":0,"depth":2}