{"objectID":"_compatibility_guide_21.html#deprecate_appendln_in_favor_of_appendline","parent":"_compatibility_guide_21.html#basic_terms","pageViews":0,"url":"https://kotlinlang.org/docs/compatibility-guide-21.html#deprecate-appendln-in-favor-of-appendline","mainTitle":"Compatibility guide for Kotlin 2.1","product":"","headings":"Compatibility guide for Kotlin 2.1,Deprecate appendln() in favor of appendLine()","content":"Issue: KTLC-27\nComponent: kotlin-stdlib\nIncompatible change type: source\nShort summary: StringBuilder.appendln() is deprecated in favor of StringBuilder.appendLine().\nDeprecation cycle:\n- 1.4.0: the appendln() function is deprecated; report a warning on use\n- 2.1.0: raise the warning to an error\n","pageTitle":"Deprecate appendln() in favor of appendLine()","metaDescription":"","type":"Documentation","breadcrumbs":"Other resources///Kotlin compatibility guides","root":0,"depth":2}