{"objectID":"_compatibility_guide_21.html#remove_kotlin_compiler_embeddable_from_build_runtime_dependencies","parent":"_compatibility_guide_21.html#basic_terms","pageViews":0,"url":"https://kotlinlang.org/docs/compatibility-guide-21.html#remove-kotlin-compiler-embeddable-from-build-runtime-dependencies","mainTitle":"Compatibility guide for Kotlin 2.1","product":"","headings":"Compatibility guide for Kotlin 2.1,Remove kotlin-compiler-embeddable from build runtime dependencies","content":"Issue: KT-61706\nComponent: Gradle\nIncompatible change type: source\nShort summary: The kotlin-compiler-embeddable dependency is removed from the runtime in Kotlin Gradle Plugin (KGP). Required modules are now included directly in KGP artifacts, with the Kotlin language version limited to 2.0 to support compatibility with Gradle Kotlin runtime in versions below 8.2.\nDeprecation cycle:\n- 2.1.0: report a warning on using kotlin-compiler-embeddable\n- 2.2.0: raise the warning to an error\n","pageTitle":"Remove kotlin-compiler-embeddable from build runtime dependencies","metaDescription":"","type":"Documentation","breadcrumbs":"Other resources///Kotlin compatibility guides","root":0,"depth":2}