{"objectID":"_compatibility_guide_22.html#forbid_field_targeted_annotations_on_annotation_properties","parent":"_compatibility_guide_22.html#basic_terms","pageViews":0,"url":"https://kotlinlang.org/docs/compatibility-guide-22.html#forbid-field-targeted-annotations-on-annotation-properties","mainTitle":"Compatibility guide for Kotlin 2.2","product":"","headings":"Compatibility guide for Kotlin 2.2,Forbid field-targeted annotations on annotation properties","content":"Issue: KTLC-7\nComponent: Core language\nIncompatible change type: source\nShort summary: Field-targeted annotations are no longer allowed on annotation properties. Although these annotations had no observable effect, this change may affect custom IR plugins that relied on them. To migrate, remove the field-targeted annotation from the property.\nDeprecation cycle:\n- 2.1.0: @JvmField annotation is deprecated with a warning on annotation properties\n- 2.1.20: report a warning for all field-targeted annotations on annotation properties\n- 2.2.0: raise the warning to an error\n","pageTitle":"Forbid field-targeted annotations on annotation properties","metaDescription":"","type":"Documentation","breadcrumbs":"Other resources///Kotlin compatibility guides","root":0,"depth":2}