{"objectID":"_compatibility_guide_13.html#array_capturing_before_the_for_loop_where_it_is_iterated","parent":"_compatibility_guide_13.html#basic_terms","pageViews":0,"url":"https://kotlinlang.org/docs/compatibility-guide-13.html#array-capturing-before-the-for-loop-where-it-is-iterated","mainTitle":"Compatibility guide for Kotlin 1.3","product":"","headings":"Compatibility guide for Kotlin 1.3,Array capturing before the for-loop where it is iterated","content":"Issue: KT-21354\nComponent: Kotlin/JVM\nIncompatible change type: Source\nShort summary: if an expression in for-loop range is a local variable updated in a loop body, this change affects loop execution. This is inconsistent with iterating over other containers, such as ranges, character sequences, and collections.\nDeprecation cycle:\n- \u0026lt;1.2: described code patterns are compiled fine, but updates to local variable affect loop execution\n- 1.2.X: deprecation warning reported if a range expression in a for-loop is an array-typed local variable which is assigned in a loop body\n- 1.3: change behavior in such cases to be consistent with other containers\n","pageTitle":"Array capturing before the for-loop where it is iterated","metaDescription":"","type":"Documentation","breadcrumbs":"Other resources///Kotlin compatibility guides","root":0,"depth":2}