{"objectID":"_compatibility_guide_14.html#type_safety_problem_because_several_equal_type_variables_are_instantiated_with_a_different_types","parent":"_compatibility_guide_14.html#basic_terms","pageViews":0,"url":"https://kotlinlang.org/docs/compatibility-guide-14.html#type-safety-problem-because-several-equal-type-variables-are-instantiated-with-a-different-types","mainTitle":"Compatibility guide for Kotlin 1.4","product":"","headings":"Compatibility guide for Kotlin 1.4,Type safety problem because several equal type variables are instantiated with a different types","content":"Issue: KT-35679\nComponent: Core language\nIncompatible change type: source\nShort summary: since Kotlin 1.4, Kotlin compiler will prohibit instantiating equal type variables with different types\nDeprecation cycle:\n- \u0026lt; 1.4: old behavior (see details in the issue)\n- \u0026gt;\u003d 1.4: behavior changed, -XXLanguage:-NewInference can be used to temporarily revert to pre-1.4 behavior. Note that this flag will also disable several new language features.\n","pageTitle":"Type safety problem because several equal type variables are instantiated with a different types","metaDescription":"","type":"Documentation","breadcrumbs":"Other resources///Kotlin compatibility guides","root":0,"depth":2}