{"objectID":"_competitive_programming.html#","parent":"_competitive_programming.html#simple_example_reachable_numbers_problem","pageViews":0,"url":"https://kotlinlang.org/docs/competitive-programming.html","mainTitle":"Kotlin for competitive programming","product":"","headings":"Kotlin for competitive programming","content":"This tutorial is designed both for competitive programmers that did not use Kotlin before and for Kotlin developers that did not participate in any competitive programming events before. It assumes the corresponding programming skills.\nCompetitive programming is a mind sport where contestants write programs to solve precisely specified algorithmic problems within strict constraints. Problems can range from simple ones that can be solved by any software developer and require little code to get a correct solution, to complex ones that require knowledge of special algorithms, data structures, and a lot of practice. While not being specifically designed for competitive programming, Kotlin incidentally fits well in this domain, reducing the typical amount of boilerplate that a programmer needs to write and read while working with the code almost to the level offered by dynamically-typed scripting languages, while having tooling and performance of a statically-typed language.\nSee Get started with Kotlin/JVM on how to set up development environment for Kotlin. In competitive programming, a single project is usually created and each problem\u0027s solution is written in a single source file.\n","pageTitle":"Kotlin for competitive programming","metaDescription":"","type":"Documentation","breadcrumbs":"Kotlin overview","root":0,"depth":1}