{"objectID":"_compatibility_guide_14.html#unify_exceptions_from_null_checks","parent":"_compatibility_guide_14.html#basic_terms","pageViews":0,"url":"https://kotlinlang.org/docs/compatibility-guide-14.html#unify-exceptions-from-null-checks","mainTitle":"Compatibility guide for Kotlin 1.4","product":"","headings":"Compatibility guide for Kotlin 1.4,Unify exceptions from null checks","content":"Issue: KT-22275\nComponent: Kotlin/JVM\nIncompatible change type: behavior\nShort summary: Starting from Kotlin 1.4, all runtime null checks will throw a java.lang.NullPointerException\nDeprecation cycle:\n- \u0026lt; 1.4: runtime null checks throw different exceptions, such as KotlinNullPointerException, IllegalStateException, IllegalArgumentException, and TypeCastException\n- \u0026gt;\u003d 1.4: all runtime null checks throw a java.lang.NullPointerException. -Xno-unified-null-checks can be used to temporarily revert to pre-1.4 behavior\n","pageTitle":"Unify exceptions from null checks","metaDescription":"","type":"Documentation","breadcrumbs":"Other resources///Kotlin compatibility guides","root":0,"depth":2}