{"objectID":"_compatibility_guide_20.html#consider_companion_object_scope_for_annotation_resolution_on_companion_objects","parent":"_compatibility_guide_20.html#basic_terms","pageViews":0,"url":"https://kotlinlang.org/docs/compatibility-guide-20.html#consider-companion-object-scope-for-annotation-resolution-on-companion-objects","mainTitle":"Compatibility guide for Kotlin 2.0","product":"","headings":"Compatibility guide for Kotlin 2.0,Consider companion object scope for annotation resolution on companion objects","content":"Issue: KT-64299\nComponent: Core language\nIncompatible change type: behavioral\nDeprecation cycle:\n- 2.0.0: implement new behavior; the companion object scope is now not ignored during annotation resolution on companion objects\n","pageTitle":"Consider companion object scope for annotation resolution on companion objects","metaDescription":"","type":"Documentation","breadcrumbs":"Other resources///Kotlin compatibility guides","root":0,"depth":2}