{"objectID":"_compatibility_guide_17.html#prohibit_calls_to_functions_named_suspend_with_a_trailing_lambda","parent":"_compatibility_guide_17.html#basic_terms","pageViews":0,"url":"https://kotlinlang.org/docs/compatibility-guide-17.html#prohibit-calls-to-functions-named-suspend-with-a-trailing-lambda","mainTitle":"Compatibility guide for Kotlin 1.7","product":"","headings":"Compatibility guide for Kotlin 1.7,Prohibit calls to functions named suspend with a trailing lambda","content":"Issue: KT-22562\nComponent: Core language\nIncompatible change type: source\nShort summary: Kotlin 1.6 no longer allows calling user functions named suspend that have the single argument of a functional type passed as a trailing lambda\nDeprecation cycle:\n- 1.3.0: introduce a warning on such function calls\n- 1.6.0: raise this warning to an error\n- 1.7.0: introduce changes to the language grammar so that suspend before { is parsed as a keyword\n","pageTitle":"Prohibit calls to functions named suspend with a trailing lambda","metaDescription":"","type":"Documentation","breadcrumbs":"Other resources///Kotlin compatibility guides","root":0,"depth":2}