{"objectID":"_compatibility_guide_18.html#do_not_propagate_deprecation_through_overrides","parent":"_compatibility_guide_18.html#basic_terms","pageViews":0,"url":"https://kotlinlang.org/docs/compatibility-guide-18.html#do-not-propagate-deprecation-through-overrides","mainTitle":"Compatibility guide for Kotlin 1.8","product":"","headings":"Compatibility guide for Kotlin 1.8,Do not propagate deprecation through overrides","content":"Issue: KT-47902\nComponent: Core language\nIncompatible change type: source\nShort summary: Kotlin 1.9 will no longer propagate deprecation from a deprecated member in the superclass to its overriding member in the subclass, thus providing an explicit mechanism for deprecating a member of the superclass while leaving it non-deprecated in the subclass\nDeprecation cycle:\n- 1.6.20: reporting a warning with the message of the future behavior change and a prompt to either suppress this warning or explicitly write a @Deprecated annotation on an override of a deprecated member\n- 1.9.0: stop propagating deprecation status to the overridden members. This change also takes effect immediately in the progressive mode\n","pageTitle":"Do not propagate deprecation through overrides","metaDescription":"","type":"Documentation","breadcrumbs":"Other resources///Kotlin compatibility guides","root":0,"depth":2}