{"objectID":"_compatibility_guide_15.html#language_and_stdlib","parent":"_compatibility_guide_15.html#basic_terms","pageViews":0,"url":"https://kotlinlang.org/docs/compatibility-guide-15.html#language-and-stdlib","mainTitle":"Compatibility guide for Kotlin 1.5","product":"","headings":"Compatibility guide for Kotlin 1.5,Language and stdlib","content":"","pageTitle":"Language and stdlib","metaDescription":"","type":"Documentation","breadcrumbs":"Other resources///Kotlin compatibility guides","root":0,"depth":2}