{"objectID":"_compatibility_guide_19.html#remove_classpath_property_of_kotlincompile_task","parent":"_compatibility_guide_19.html#basic_terms","pageViews":0,"url":"https://kotlinlang.org/docs/compatibility-guide-19.html#remove-classpath-property-of-kotlincompile-task","mainTitle":"Compatibility guide for Kotlin 1.9","product":"","headings":"Compatibility guide for Kotlin 1.9,Remove classpath property of KotlinCompile task","content":"Issue: KT-53748\nComponent: Gradle\nIncompatible change type: source\nShort summary: the classpath property of the KotlinCompile task is removed.\nDeprecation cycle:\n- 1.7.0: the classpath property is deprecated\n- 1.8.0: raise the deprecation level to an error\n- 1.9.0: remove the deprecated functions from the public API\n","pageTitle":"Remove classpath property of KotlinCompile task","metaDescription":"","type":"Documentation","breadcrumbs":"Other resources///Kotlin compatibility guides","root":0,"depth":2}