{"objectID":"_compatibility_guide_15.html#remove_default_locale_sensitive_case_conversion_api","parent":"_compatibility_guide_15.html#basic_terms","pageViews":0,"url":"https://kotlinlang.org/docs/compatibility-guide-15.html#remove-default-locale-sensitive-case-conversion-api","mainTitle":"Compatibility guide for Kotlin 1.5","product":"","headings":"Compatibility guide for Kotlin 1.5,Remove default locale-sensitive case conversion API","content":"Issue: KT-43023\nComponent: kotlin-stdlib\nIncompatible change type: source\nShort summary: Since Kotlin 1.5, default locale-sensitive case conversion functions like String.toUpperCase() will be deprecated\nDeprecation cycle:\n- 1.5: deprecate case conversions functions with the default locale (see details in the issue), and propose replacement\n","pageTitle":"Remove default locale-sensitive case conversion API","metaDescription":"","type":"Documentation","breadcrumbs":"Other resources///Kotlin compatibility guides","root":0,"depth":2}