{"objectID":"_compatibility_guide_15.html#forbid_non_abstract_classes_containing_abstract_members_invisible_from_that_classes_internal_package_private","parent":"_compatibility_guide_15.html#basic_terms","pageViews":0,"url":"https://kotlinlang.org/docs/compatibility-guide-15.html#forbid-non-abstract-classes-containing-abstract-members-invisible-from-that-classes-internal-package-private","mainTitle":"Compatibility guide for Kotlin 1.5","product":"","headings":"Compatibility guide for Kotlin 1.5,Forbid non-abstract classes containing abstract members invisible from that classes (internal/package-private)","content":"Issue: KT-27825\nComponent: Core language\nIncompatible change type: source\nShort summary: Kotlin 1.5 will outlaw non-abstract classes containing abstract members invisible from that classes (internal/package-private)\nDeprecation cycle:\n- \u0026lt; 1.5: introduce warning for the problematic classes\n- \u0026gt;\u003d 1.5: raise this warning to an error, -XXLanguage:-ProhibitInvisibleAbstractMethodsInSuperclasses can be used to temporarily revert to pre-1.5 behavior\n","pageTitle":"Forbid non-abstract classes containing abstract members invisible from that classes (internal/package-private)","metaDescription":"","type":"Documentation","breadcrumbs":"Other resources///Kotlin compatibility guides","root":0,"depth":2}