{"objectID":"_compatibility_guide_18.html#prohibit_if_without_else_and_non_exhaustive_when_in_right_hand_side_of_elvis_operator","parent":"_compatibility_guide_18.html#basic_terms","pageViews":0,"url":"https://kotlinlang.org/docs/compatibility-guide-18.html#prohibit-if-without-else-and-non-exhaustive-when-in-right-hand-side-of-elvis-operator","mainTitle":"Compatibility guide for Kotlin 1.8","product":"","headings":"Compatibility guide for Kotlin 1.8,Prohibit if without else and non-exhaustive when in right hand side of elvis operator","content":"Issue: KT-44705\nComponent: Core language\nIncompatible change type: source\nShort summary: Kotlin 1.8 will prohibit using a non-exhaustive when or the if expression without an else branch on the right hand side of the Elvis operator (?:). Previously, it was allowed if the Elvis operator\u0027s result was not used as an expression\nDeprecation cycle:\n- 1.6.20: report a warning (or an error in the progressive mode) on such non-exhaustive if and when expressions\n- 1.8.0: raise this warning to an error,-XXLanguage:-ProhibitNonExhaustiveIfInRhsOfElvis can be used to temporarily revert to the pre-1.8 behavior\n","pageTitle":"Prohibit if without else and non-exhaustive when in right hand side of elvis operator","metaDescription":"","type":"Documentation","breadcrumbs":"Other resources///Kotlin compatibility guides","root":0,"depth":2}