{"objectID":"_compatibility_guide_20.html#deprecate_use_of_a_synthetic_setter_on_a_projected_receiver","parent":"_compatibility_guide_20.html#basic_terms","pageViews":0,"url":"https://kotlinlang.org/docs/compatibility-guide-20.html#deprecate-use-of-a-synthetic-setter-on-a-projected-receiver","mainTitle":"Compatibility guide for Kotlin 2.0","product":"","headings":"Compatibility guide for Kotlin 2.0,Deprecate use of a synthetic setter on a projected receiver","content":"Issue: KT-54309\nComponent: Core language\nIncompatible change type: source\nShort summary: If you use the synthetic setter of a Java class to assign a type that conflicts with the class\u0027s projected type, an error is triggered.\nDeprecation cycle:\n- 1.8.20: report a warning when a synthetic property setter has a projected parameter type in contravariant position making call-site argument types incompatible\n- 2.0.0: raise the warning to an error\n","pageTitle":"Deprecate use of a synthetic setter on a projected receiver","metaDescription":"","type":"Documentation","breadcrumbs":"Other resources///Kotlin compatibility guides","root":0,"depth":2}