{"objectID":"_compatibility_guide_16.html#prohibit_protected_constructor_calls_from_public_inline_functions","parent":"_compatibility_guide_16.html#basic_terms","pageViews":0,"url":"https://kotlinlang.org/docs/compatibility-guide-16.html#prohibit-protected-constructor-calls-from-public-inline-functions","mainTitle":"Compatibility guide for Kotlin 1.6","product":"","headings":"Compatibility guide for Kotlin 1.6,Prohibit protected constructor calls from public inline functions","content":"Issue: KT-48860\nComponent: Core language\nIncompatible change type: source\nShort summary: Kotlin 1.6 will outlaw calling protected constructors from public or protected inline functions and properties\nDeprecation cycle:\n- 1.4.30: introduce a warning on protected constructor calls from public or protected inline functions or property accessors\n- 1.6.0: raise this warning to an error, -XXLanguage:-ProhibitProtectedConstructorCallFromPublicInline can be used to temporarily disable the error reporting\n","pageTitle":"Prohibit protected constructor calls from public inline functions","metaDescription":"","type":"Documentation","breadcrumbs":"Other resources///Kotlin compatibility guides","root":0,"depth":2}