{"objectID":"_compatibility_guide_14.html#deprecate_conversions_of_floating_point_types_to_short_and_byte","parent":"_compatibility_guide_14.html#basic_terms","pageViews":0,"url":"https://kotlinlang.org/docs/compatibility-guide-14.html#deprecate-conversions-of-floating-point-types-to-short-and-byte","mainTitle":"Compatibility guide for Kotlin 1.4","product":"","headings":"Compatibility guide for Kotlin 1.4,Deprecate conversions of floating-point types to Short and Byte","content":"Issue: KT-30360\nComponent: kotlin-stdlib (JVM)\nIncompatible change type: source\nShort summary: since Kotlin 1.4, conversions of floating-point types to Short and Byte will be deprecated\nDeprecation cycle:\n- 1.4: deprecate Double.toShort()/toByte() and Float.toShort()/toByte() and propose replacement\n- \u0026gt;\u003d1.5: raise the deprecation level to error\n","pageTitle":"Deprecate conversions of floating-point types to Short and Byte","metaDescription":"","type":"Documentation","breadcrumbs":"Other resources///Kotlin compatibility guides","root":0,"depth":2}