{"objectID":"_compatibility_guide_19.html#prohibit_calls_to_infix_functions_named_suspend_with_an_anonymous_function_argument","parent":"_compatibility_guide_19.html#basic_terms","pageViews":0,"url":"https://kotlinlang.org/docs/compatibility-guide-19.html#prohibit-calls-to-infix-functions-named-suspend-with-an-anonymous-function-argument","mainTitle":"Compatibility guide for Kotlin 1.9","product":"","headings":"Compatibility guide for Kotlin 1.9,Prohibit calls to infix functions named suspend with an anonymous function argument","content":"Issue: KT-49264\nComponent: Core language\nIncompatible change type: source\nShort summary: Kotlin 1.9 will no longer allow calling infix functions named suspend that have a single argument of a functional type passed as an anonymous function literal.\nDeprecation cycle:\n- 1.7.20: report a warning on suspend infix calls with an anonymous function literal\n- 1.9.0: raise the warning to an error, -XXLanguage:-ModifierNonBuiltinSuspendFunError can be used to temporarily revert to the pre-1.9 behavior\n- TODO: Change how the suspend fun token sequence is interpreted by the parser\n","pageTitle":"Prohibit calls to infix functions named suspend with an anonymous function argument","metaDescription":"","type":"Documentation","breadcrumbs":"Other resources///Kotlin compatibility guides","root":0,"depth":2}