{"objectID":"_compatibility_guide_15.html#straighten_char_to_code_and_char_to_digit_conversions_out","parent":"_compatibility_guide_15.html#basic_terms","pageViews":0,"url":"https://kotlinlang.org/docs/compatibility-guide-15.html#straighten-char-to-code-and-char-to-digit-conversions-out","mainTitle":"Compatibility guide for Kotlin 1.5","product":"","headings":"Compatibility guide for Kotlin 1.5,Straighten Char-to-code and Char-to-digit conversions out","content":"Issue: KT-23451\nComponent: kotlin-stdlib\nIncompatible change type: source\nShort summary: Since Kotlin 1.5, conversions of Char to number types will be deprecated\nDeprecation cycle:\n- 1.5: deprecate Char.toInt()/toShort()/toLong()/toByte()/toDouble()/toFloat() and the reverse functions like Long.toChar(), and propose replacement\n","pageTitle":"Straighten Char-to-code and Char-to-digit conversions out","metaDescription":"","type":"Documentation","breadcrumbs":"Other resources///Kotlin compatibility guides","root":0,"depth":2}