{"objectID":"_compatibility_guide_22.html#deprecate_kotlin_native_throws","parent":"_compatibility_guide_22.html#basic_terms","pageViews":0,"url":"https://kotlinlang.org/docs/compatibility-guide-22.html#deprecate-kotlin-native-throws","mainTitle":"Compatibility guide for Kotlin 2.2","product":"","headings":"Compatibility guide for Kotlin 2.2,Deprecate","content":"Issue: KT-72137\nComponent: Kotlin/Native\nIncompatible change type: source\nShort summary: kotlin.native.Throws is deprecated; use the common kotlin.Throws annotation instead.\nDeprecation cycle:\n- 1.9.0: report a warning when using kotlin.native.Throws\n- 2.2.0: raise the warning to an error\n","pageTitle":"Deprecate","metaDescription":"","type":"Documentation","breadcrumbs":"Other resources///Kotlin compatibility guides","root":0,"depth":2}