{"objectID":"_compatibility_guide_16.html#prohibit_access_to_class_members_in_the_super_constructor_call_of_its_companion_and_nested_objects","parent":"_compatibility_guide_16.html#basic_terms","pageViews":0,"url":"https://kotlinlang.org/docs/compatibility-guide-16.html#prohibit-access-to-class-members-in-the-super-constructor-call-of-its-companion-and-nested-objects","mainTitle":"Compatibility guide for Kotlin 1.6","product":"","headings":"Compatibility guide for Kotlin 1.6,Prohibit access to class members in the super constructor call of its companion and nested objects","content":"Issue: KT-25289\nComponent: Core language\nIncompatible change type: source\nShort summary: Kotlin 1.6 will report an error for arguments of super constructor call of companion and regular objects if the receiver of such arguments refers to the containing declaration\nDeprecation cycle:\n- 1.5.20: introduce a warning on the problematic arguments\n- 1.6.0: raise this warning to an error, -XXLanguage:-ProhibitSelfCallsInNestedObjects can be used to temporarily revert to the pre-1.6 behavior\n","pageTitle":"Prohibit access to class members in the super constructor call of its companion and nested objects","metaDescription":"","type":"Documentation","breadcrumbs":"Other resources///Kotlin compatibility guides","root":0,"depth":2}