{"objectID":"_compatibility_guide_14.html#prohibit_tailrec_modifier_on_open_functions","parent":"_compatibility_guide_14.html#basic_terms","pageViews":0,"url":"https://kotlinlang.org/docs/compatibility-guide-14.html#prohibit-tailrec-modifier-on-open-functions","mainTitle":"Compatibility guide for Kotlin 1.4","product":"","headings":"Compatibility guide for Kotlin 1.4,Prohibit tailrec modifier on open functions","content":"Issue: KT-18541\nComponent: Core language\nIncompatible change type: source\nShort summary: since Kotlin 1.4, functions can\u0027t have open and tailrec modifiers at the same time.\nDeprecation cycle:\n- \u0026lt; 1.4: report a warning on functions that have open and tailrec modifiers together (error in the progressive mode).\n- \u0026gt;\u003d 1.4: raise this warning to an error.\n","pageTitle":"Prohibit tailrec modifier on open functions","metaDescription":"","type":"Documentation","breadcrumbs":"Other resources///Kotlin compatibility guides","root":0,"depth":2}