{"objectID":"_compatibility_guide_13.html#annotations_in_stdlib","parent":"_compatibility_guide_13.html#basic_terms","pageViews":0,"url":"https://kotlinlang.org/docs/compatibility-guide-13.html#annotations-in-stdlib","mainTitle":"Compatibility guide for Kotlin 1.3","product":"","headings":"Compatibility guide for Kotlin 1.3,Annotations in stdlib","content":"Issue: KT-21784\nComponent: kotlin-stdlib (JVM)\nIncompatible change type: Binary\nShort summary: Kotlin 1.3 removes annotations from the package org.jetbrains.annotations from stdlib and moves them to the separate artifacts shipped with the compiler: annotations-13.0.jar and mutability-annotations-compat.jar\nDeprecation cycle:\n- \u0026lt;1.3: annotations were shipped with the stdlib artifact\n- \u0026gt;\u003d1.3: annotations ship in separate artifacts\n","pageTitle":"Annotations in stdlib","metaDescription":"","type":"Documentation","breadcrumbs":"Other resources///Kotlin compatibility guides","root":0,"depth":2}