{"objectID":"_compatibility_guide_21.html#remove_language_versions_1_4_and_1_5","parent":"_compatibility_guide_21.html#basic_terms","pageViews":0,"url":"https://kotlinlang.org/docs/compatibility-guide-21.html#remove-language-versions-1-4-and-1-5","mainTitle":"Compatibility guide for Kotlin 2.1","product":"","headings":"Compatibility guide for Kotlin 2.1,Remove language versions 1.4 and 1.5","content":"Issue: KT-60521\nComponent: Core language\nIncompatible change type: source\nShort summary: Kotlin 2.1 introduces language version 2.1 and removes support for language versions 1.4 and 1.5. Language versions 1.6 and 1.7 are deprecated.\nDeprecation cycle:\n- 1.6.0: report a warning for language version 1.4\n- 1.9.0: report a warning for language version 1.5\n- 2.1.0: report a warning for language versions 1.6 and 1.7; raise the warning to an error for language versions 1.4 and 1.5\n","pageTitle":"Remove language versions 1.4 and 1.5","metaDescription":"","type":"Documentation","breadcrumbs":"Other resources///Kotlin compatibility guides","root":0,"depth":2}