{"objectID":"_compatibility_guide_18.html#prohibit_recursive_call_of_a_function_without_explicit_return_type_in_compound_assignment_operators","parent":"_compatibility_guide_18.html#basic_terms","pageViews":0,"url":"https://kotlinlang.org/docs/compatibility-guide-18.html#prohibit-recursive-call-of-a-function-without-explicit-return-type-in-compound-assignment-operators","mainTitle":"Compatibility guide for Kotlin 1.8","product":"","headings":"Compatibility guide for Kotlin 1.8,Prohibit recursive call of a function without explicit return type in compound assignment operators","content":"Issue: KT-48546\nComponent: Core language\nIncompatible change type: source\nShort summary: Kotlin 1.9 will prohibit calling a function without explicitly specified return type in an argument of a compound assignment operator inside that function\u0027s body, as it currently does in other expressions inside the body of that function\nDeprecation cycle:\n- 1.7.0: report a warning (or an error in the progressive mode) when a function without explicitly specified return type is called recursively in that function\u0027s body in a compound assignment operator argument\n- 1.9.0: raise the warning to an error\n","pageTitle":"Prohibit recursive call of a function without explicit return type in compound assignment operators","metaDescription":"","type":"Documentation","breadcrumbs":"Other resources///Kotlin compatibility guides","root":0,"depth":2}