{"objectID":"_compatibility_guide_18.html#migrate_declarations_from_kotlin_dom_and_kotlin_browser_packages_to_kotlinx","parent":"_compatibility_guide_18.html#basic_terms","pageViews":0,"url":"https://kotlinlang.org/docs/compatibility-guide-18.html#migrate-declarations-from-kotlin-dom-and-kotlin-browser-packages-to-kotlinx","mainTitle":"Compatibility guide for Kotlin 1.8","product":"","headings":"Compatibility guide for Kotlin 1.8,Migrate declarations from kotlin.dom and kotlin.browser packages to kotlinx.*","content":"Issue: KT-39330\nComponent: kotlin-stdlib (JS)\nIncompatible change type: source\nShort summary: declarations from the kotlin.dom and kotlin.browser packages are moved to the corresponding kotlinx.* packages to prepare for extracting them from stdlib\nDeprecation cycle:\n- 1.4.0: introduce the replacement API in kotlinx.dom and kotlinx.browser packages\n- 1.4.0: deprecate the API in kotlin.dom and kotlin.browser packages and propose the new API above as a replacement\n- 1.6.0: raise the deprecation level to an error\n- 1.8.20: remove the deprecated functions from stdlib for JS-IR target\n- \u0026gt;\u003d 1.9: move the API in kotlinx.* packages to a separate library\n","pageTitle":"Migrate declarations from kotlin.dom and kotlin.browser packages to kotlinx.*","metaDescription":"","type":"Documentation","breadcrumbs":"Other resources///Kotlin compatibility guides","root":0,"depth":2}