{"objectID":"_compatibility_guide_16.html#deprecate_the_enable_and_the_compatibility_modes_of_the_compiler_option_xjvm_default","parent":"_compatibility_guide_16.html#basic_terms","pageViews":0,"url":"https://kotlinlang.org/docs/compatibility-guide-16.html#deprecate-the-enable-and-the-compatibility-modes-of-the-compiler-option-xjvm-default","mainTitle":"Compatibility guide for Kotlin 1.6","product":"","headings":"Compatibility guide for Kotlin 1.6,Deprecate the enable and the compatibility modes of the compiler option -Xjvm-default","content":"Issue: KT-46329\nComponent: Kotlin/JVM\nIncompatible change type: source\nShort summary: Kotlin 1.6.20 will warn about the usage of enable and compatibility modes of the -Xjvm-default compiler option\nDeprecation cycle:\n- 1.6.20: introduce a warning on the enable and compatibility modes of the -Xjvm-default compiler option\n- \u0026gt;\u003d 1.8.0: raise this warning to an error\n","pageTitle":"Deprecate the enable and the compatibility modes of the compiler option -Xjvm-default","metaDescription":"","type":"Documentation","breadcrumbs":"Other resources///Kotlin compatibility guides","root":0,"depth":2}