{"objectID":"_compatibility_guide_18.html#prohibit_upper_bound_violation_in_a_generic_type_alias_usage_one_type_parameter_used_in_several_type_arguments_of_the_aliased_type","parent":"_compatibility_guide_18.html#basic_terms","pageViews":0,"url":"https://kotlinlang.org/docs/compatibility-guide-18.html#prohibit-upper-bound-violation-in-a-generic-type-alias-usage-one-type-parameter-used-in-several-type-arguments-of-the-aliased-type","mainTitle":"Compatibility guide for Kotlin 1.8","product":"","headings":"Compatibility guide for Kotlin 1.8,Prohibit upper bound violation in a generic type alias usage (one type parameter used in several type arguments of the aliased type)","content":"Issues: KT-29168\nComponent: Core language\nIncompatible change type: source\nShort summary: Kotlin 1.8 will prohibit using a type alias with type arguments that violate the upper bound restrictions of the corresponding type parameters of the aliased type in case when one typealias type parameter is used in several type arguments of the aliased type, for example, typealias Alias\u0026lt;T\u0026gt; \u003d Base\u0026lt;T, T\u0026gt;\nDeprecation cycle:\n- 1.7.0: report a warning (or an error in the progressive mode) on usages of a type alias with type arguments violating upper bound constraints of the corresponding type parameters of the aliased type\n- 1.8.0: raise this warning to an error, -XXLanguage:-ReportMissingUpperBoundsViolatedErrorOnAbbreviationAtSupertypes can be used to temporarily revert to the pre-1.8 behavior\n","pageTitle":"Prohibit upper bound violation in a generic type alias usage (one type parameter used in several type arguments of the aliased type)","metaDescription":"","type":"Documentation","breadcrumbs":"Other resources///Kotlin compatibility guides","root":0,"depth":2}