{"objectID":"_compatibility_guide_15.html#generate_nullability_assertion_for_delegated_properties_with_a_generic_call_in_the_delegate_expression","parent":"_compatibility_guide_15.html#basic_terms","pageViews":0,"url":"https://kotlinlang.org/docs/compatibility-guide-15.html#generate-nullability-assertion-for-delegated-properties-with-a-generic-call-in-the-delegate-expression","mainTitle":"Compatibility guide for Kotlin 1.5","product":"","headings":"Compatibility guide for Kotlin 1.5,Generate nullability assertion for delegated properties with a generic call in the delegate expression","content":"Issue: KT-44304\nComponent: Kotlin/JVM\nIncompatible change type: behavioral\nShort summary: Since Kotlin 1.5, the Kotlin compiler will emit nullability assertions for delegated properties with a generic call in the delegate expression\nDeprecation cycle:\n- 1.5: emit nullability assertion for delegated properties (see details in the issue), -Xuse-old-backend or -language-version 1.4 can be used to temporarily revert to pre-1.5 behavior\n","pageTitle":"Generate nullability assertion for delegated properties with a generic call in the delegate expression","metaDescription":"","type":"Documentation","breadcrumbs":"Other resources///Kotlin compatibility guides","root":0,"depth":2}