{"objectID":"_configure_build_for_eap.html#adjust_versions_in_dependencies","parent":"_configure_build_for_eap.html#configure_in_gradle","pageViews":0,"url":"https://kotlinlang.org/docs/configure-build-for-eap.html#adjust-versions-in-dependencies","mainTitle":"Configure your build for EAP","product":"","headings":"Configure your build for EAP,Adjust versions in dependencies","content":"If you use kotlinx libraries in your project, your versions of the libraries may not be compatible with the EAP version of Kotlin.\nTo resolve this issue, you need to specify the version of a compatible library in dependencies. For a list of compatible libraries, see EAP build details.\nIn most cases we create libraries only for the first EAP version of a specific release and these libraries work with the subsequent EAP versions for this release.\nIf there are incompatible changes in next EAP versions, we release a new version of the library.\nHere is an example.\nFor the kotlinx.coroutines library, add the version number – 1.10.2 – that is compatible with 2.2.20-Beta2.\n\u003cb\u003eKotlin\u003c/b\u003e dependencies {\n    implementation(\"org.jetbrains.kotlinx:kotlinx-coroutines-core:1.10.2\")\n}\n\u003cb\u003eGroovy\u003c/b\u003e dependencies {\n    implementation \"org.jetbrains.kotlinx:kotlinx-coroutines-core:1.10.2\"\n}\n","pageTitle":"Adjust versions in dependencies","metaDescription":"","type":"Documentation","breadcrumbs":"Early access preview (EAP)","root":0,"depth":1}