{"objectID":"_configure_build_for_eap.html#configure_in_maven","parent":"_configure_build_for_eap.html#configure_in_gradle","pageViews":0,"url":"https://kotlinlang.org/docs/configure-build-for-eap.html#configure-in-maven","mainTitle":"Configure your build for EAP","product":"","headings":"Configure your build for EAP,Configure in Maven","content":"In the sample Maven project definition, replace KOTLIN-EAP-VERSION with the actual version, such as 2.2.20-Beta1. Available EAP versions are listed here.\n\u0026lt;project ...\u0026gt;\n    \u0026lt;properties\u0026gt;\n        \u0026lt;kotlin.version\u0026gt;KOTLIN-EAP-VERSION\u0026lt;/kotlin.version\u0026gt;\n    \u0026lt;/properties\u0026gt;\n\n    \u0026lt;repositories\u0026gt;\n        \u0026lt;repository\u0026gt;\n           \u0026lt;id\u0026gt;mavenCentral\u0026lt;/id\u0026gt;\n           \u0026lt;url\u0026gt;https://repo1.maven.org/maven2/\u0026lt;/url\u0026gt;\n        \u0026lt;/repository\u0026gt;\n    \u0026lt;/repositories\u0026gt;\n\n    \u0026lt;pluginRepositories\u0026gt;\n       \u0026lt;pluginRepository\u0026gt;\n          \u0026lt;id\u0026gt;mavenCentral\u0026lt;/id\u0026gt;\n          \u0026lt;url\u0026gt;https://repo1.maven.org/maven2/\u0026lt;/url\u0026gt;\n       \u0026lt;/pluginRepository\u0026gt;\n    \u0026lt;/pluginRepositories\u0026gt;\n\n    \u0026lt;dependencies\u0026gt;\n        \u0026lt;dependency\u0026gt;\n            \u0026lt;groupId\u0026gt;org.jetbrains.kotlin\u0026lt;/groupId\u0026gt;\n            \u0026lt;artifactId\u0026gt;kotlin-stdlib\u0026lt;/artifactId\u0026gt;\n            \u0026lt;version\u0026gt;${kotlin.version}\u0026lt;/version\u0026gt;\n        \u0026lt;/dependency\u0026gt;\n    \u0026lt;/dependencies\u0026gt;\n\n    \u0026lt;build\u0026gt;\n        \u0026lt;plugins\u0026gt;\n            \u0026lt;plugin\u0026gt;\n                \u0026lt;groupId\u0026gt;org.jetbrains.kotlin\u0026lt;/groupId\u0026gt;\n                \u0026lt;artifactId\u0026gt;kotlin-maven-plugin\u0026lt;/artifactId\u0026gt;\n                \u0026lt;version\u0026gt;${kotlin.version}\u0026lt;/version\u0026gt;\n                ...\n            \u0026lt;/plugin\u0026gt;\n        \u0026lt;/plugins\u0026gt;\n    \u0026lt;/build\u0026gt;\n\u0026lt;/project\u0026gt;\n","pageTitle":"Configure in Maven","metaDescription":"","type":"Documentation","breadcrumbs":"Early access preview (EAP)","root":0,"depth":1}