{"objectID":"_configure_build_for_eap.html#","parent":"_configure_build_for_eap.html#configure_in_gradle","pageViews":0,"url":"https://kotlinlang.org/docs/configure-build-for-eap.html","mainTitle":"Configure your build for EAP","product":"","headings":"Configure your build for EAP","content":"To configure your build to use the EAP version of Kotlin, you need to:\n- Specify the EAP version of Kotlin. Available EAP versions are listed here.\n- Change the versions of dependencies to EAP ones. The EAP version of Kotlin may not work with the libraries of the previously released version.\nThe following procedures describe how to configure your build in Gradle and Maven:\n- Configure in Gradle\n- Configure in Maven\n","pageTitle":"Configure your build for EAP","metaDescription":"","type":"Documentation","breadcrumbs":"Early access preview (EAP)","root":0,"depth":1}