{"objectID":"_constructing_collections.html#copy","parent":"_constructing_collections.html#construct_from_elements","pageViews":0,"url":"https://kotlinlang.org/docs/constructing-collections.html#copy","mainTitle":"Constructing collections","product":"","headings":"Constructing collections,Copy","content":"To create a collection with the same elements as an existing collection, you can use copying functions. Collection copying functions from the standard library create shallow copy collections with references to the same elements. Thus, a change made to a collection element reflects in all its copies.\nCollection copying functions, such as toList(), toMutableList(), toSet() and others, create a snapshot of a collection at a specific moment. Their result is a new collection of the same elements. If you add or remove elements from the original collection, this won\u0027t affect the copies. Copies may be changed independently of the source as well.\nclass Person(var name: String)\nfun main() {\n//sampleStart\n    val alice \u003d Person(\"Alice\")\n    val sourceList \u003d mutableListOf(alice, Person(\"Bob\"))\n    val copyList \u003d sourceList.toList()\n    sourceList.add(Person(\"Charles\"))\n    alice.name \u003d \"Alicia\"\n    println(\"First item\u0027s name is: ${sourceList[0].name} in source and ${copyList[0].name} in copy\")\n    println(\"List size is: ${sourceList.size} in source and ${copyList.size} in copy\")\n//sampleEnd\n}\nThese functions can also be used for converting collections to other types, for example, build a set from a list or vice versa.\nfun main() {\n//sampleStart\n    val sourceList \u003d mutableListOf(1, 2, 3)    \n    val copySet \u003d sourceList.toMutableSet()\n    copySet.add(3)\n    copySet.add(4)    \n    println(copySet)\n//sampleEnd\n}\nAlternatively, you can create new references to the same collection instance. New references are created when you initialize a collection variable with an existing collection. So, when the collection instance is altered through a reference, the changes are reflected in all its references.\nfun main() {\n//sampleStart\n    val sourceList \u003d mutableListOf(1, 2, 3)\n    val referenceList \u003d sourceList\n    referenceList.add(4)\n    println(\"Source size: ${sourceList.size}\")\n//sampleEnd\n}\nCollection initialization can be used for restricting mutability. For example, if you create a List reference to a MutableList, the compiler will produce errors if you try to modify the collection through this reference.\nfun main() {\n//sampleStart \n    val sourceList \u003d mutableListOf(1, 2, 3)\n    val referenceList: List\u0026lt;Int\u0026gt; \u003d sourceList\n    //referenceList.add(4)            //compilation error\n    sourceList.add(4)\n    println(referenceList) // shows the current state of sourceList\n//sampleEnd\n}\n","pageTitle":"Copy","metaDescription":"","type":"Documentation","breadcrumbs":"Standard library///Collections","root":0,"depth":2}