{"objectID":"_context_parameters.html#how_to_enable_context_parameters","parent":"_context_parameters.html#context_parameters_resolution","pageViews":0,"url":"https://kotlinlang.org/docs/context-parameters.html#how-to-enable-context-parameters","mainTitle":"Context parameters","product":"","headings":"Context parameters,How to enable context parameters","content":"To enable context parameters in your project, use the following compiler option in the command line:\n-Xcontext-parameters\nOr add it to the compilerOptions {} block of your Gradle build file:\n// build.gradle.kts\nkotlin {\n    compilerOptions {\n        freeCompilerArgs.add(\"-Xcontext-parameters\")\n    }\n}\nSpecifying both -Xcontext-receivers and -Xcontext-parameters compiler options simultaneously leads to an error.\nThis feature is planned to be stabilized and improved in future Kotlin releases. We would appreciate your feedback in our issue tracker YouTrack.\n","pageTitle":"How to enable context parameters","metaDescription":"","type":"Documentation","breadcrumbs":"Concepts///Functions","root":0,"depth":2}