{"objectID":"_context_parameters.html#restrictions","parent":"_context_parameters.html#context_parameters_resolution","pageViews":0,"url":"https://kotlinlang.org/docs/context-parameters.html#restrictions","mainTitle":"Context parameters","product":"","headings":"Context parameters,Restrictions","content":"Context parameters are in continuous improvement, and some of the current restrictions include:\n- Constructors can\u0027t declare context parameters.\n- Properties with context parameters can\u0027t have backing fields or initializers.\n- Properties with context parameters can\u0027t use delegation.\nDespite these restrictions, context parameters simplify managing dependencies through simplified dependency injection, improved DSL design, and scoped operations.\n","pageTitle":"Restrictions","metaDescription":"","type":"Documentation","breadcrumbs":"Concepts///Functions","root":0,"depth":2}