{"objectID":"_contribute.html#contribute_to_the_compiler_and_standard_library","parent":"_contribute.html#participate_in_early_access_preview","pageViews":0,"url":"https://kotlinlang.org/docs/contribute.html#contribute-to-the-compiler-and-standard-library","mainTitle":"Contribution","product":"","headings":"Contribution,Contribute to the compiler and standard library","content":"If you want to contribute to the Kotlin compiler and standard library, go to JetBrains/Kotlin GitHub, check out the latest Kotlin version, and follow the instructions on how to contribute.\nYou can help us by completing open tasks. Please keep an open line of communication with us because we may have questions and comments on your changes. Otherwise, we won\u0027t be able to incorporate your contributions.\n","pageTitle":"Contribute to the compiler and standard library","metaDescription":"","type":"Documentation","breadcrumbs":"Other resources///Community","root":0,"depth":2}