{"objectID":"_contribute.html#hold_events_and_presentations","parent":"_contribute.html#participate_in_early_access_preview","pageViews":0,"url":"https://kotlinlang.org/docs/contribute.html#hold-events-and-presentations","mainTitle":"Contribution","product":"","headings":"Contribution,Hold events and presentations","content":"If you\u0027ve given or just plan to give presentations or hold events on Kotlin, please fill out the form. We\u0027ll feature them on the event list.\n","pageTitle":"Hold events and presentations","metaDescription":"","type":"Documentation","breadcrumbs":"Other resources///Community","root":0,"depth":2}