{"objectID":"_contribute.html#participate_in_early_access_preview","parent":"_contribute.html#participate_in_early_access_preview","pageViews":0,"url":"https://kotlinlang.org/docs/contribute.html#participate-in-early-access-preview","mainTitle":"Contribution","product":"","headings":"Contribution,Participate in Early Access Preview","content":"You can help us improve Kotlin by participating in Kotlin Early Access Preview (EAP) and providing us with your valuable feedback.\nFor every release, Kotlin ships a few preview builds where you can try out the latest features before they go to production. You can report any bugs you find to our issue tracker YouTrack and we will try to fix them before a final release. This way, you can get bug fixes earlier than the standard Kotlin release cycle.\n","pageTitle":"Participate in Early Access Preview","metaDescription":"","type":"Documentation","breadcrumbs":"Other resources///Community","root":0,"depth":2}