{"objectID":"_coroutines_overview.html#","parent":"_coroutines_overview.html#how_to_start","pageViews":0,"url":"https://kotlinlang.org/docs/coroutines-overview.html","mainTitle":"Coroutines","product":"","headings":"Coroutines","content":"Asynchronous or non-blocking programming is an important part of the development landscape. When creating server-side, desktop, or mobile applications, it\u0027s important to provide an experience that is not only fluid from the user\u0027s perspective, but also scalable when needed.\nKotlin solves this problem in a flexible way by providing coroutine support at the language level and delegating most of the functionality to libraries.\nIn addition to opening the doors to asynchronous programming, coroutines also provide a wealth of other possibilities, such as concurrency and actors.\n","pageTitle":"Coroutines","metaDescription":"","type":"Documentation","breadcrumbs":"Concepts","root":0,"depth":1}