{"objectID":"_coroutines_overview.html#coroutine_context_and_behavior","parent":"_coroutines_overview.html#coroutine_concepts","pageViews":0,"url":"https://kotlinlang.org/docs/coroutines-overview.html#coroutine-context-and-behavior","mainTitle":"Coroutines","product":"","headings":"Coroutines,Coroutine context and behavior","content":"Launching a coroutine from a CoroutineScope creates a context that governs its execution. Builder functions like .launch() and .async() automatically create a set of elements that define how the coroutine behaves:\n- The Job interface tracks the coroutine\u0027s lifecycle and enables structured concurrency.\n- CoroutineDispatcher controls where the coroutine runs, such as on a background thread or the main thread in UI applications.\n- CoroutineExceptionHandler handles uncaught exceptions.\nThese, along with other possible elements, make up the coroutine context, which is inherited by default from the coroutine\u0027s parent. This context forms a hierarchy that enables structured concurrency, where related coroutines can be canceled together or handle exceptions as a group.\n","pageTitle":"Coroutine context and behavior","metaDescription":"","type":"Documentation","breadcrumbs":"Concepts","root":0,"depth":1}