{"objectID":"_coroutines_overview.html#","parent":"_coroutines_overview.html#coroutine_concepts","pageViews":0,"url":"https://kotlinlang.org/docs/coroutines-overview.html","mainTitle":"Coroutines","product":"","headings":"Coroutines","content":"Applications often need to perform multiple tasks at the same time, such as responding to user input, loading data, or updating the screen. To support this, they rely on concurrency, which allows operations to run independently without blocking each other.\nThe most common way to run tasks concurrently is by using threads, which are independent paths of execution managed by the operating system. However, threads are relatively heavy, and creating many of them can lead to performance issues.\nTo support efficient concurrency, Kotlin uses asynchronous programming built around coroutines, which let you write asynchronous code in a natural, sequential style using suspending functions. Coroutines are lightweight alternatives to threads. They can suspend without blocking system resources and are resource-friendly, making them better suited for fine-grained concurrency.\nMost coroutine features are provided by the kotlinx.coroutines library, which includes tools for launching coroutines, handling concurrency, working with asynchronous streams, and more.\nIf you\u0027re new to coroutines in Kotlin, start with the Coroutine basics guide before diving into more complex topics. This guide introduces the key concepts of suspending functions, coroutine builders, and structured concurrency through simple examples:\nGet started with coroutines\nCheck out the KotlinConf app for a sample project to see how coroutines are used in practice.\n","pageTitle":"Coroutines","metaDescription":"","type":"Documentation","breadcrumbs":"Concepts","root":0,"depth":1}