{"objectID":"_custom_script_deps_tutorial.html#create_a_script_definition","parent":"_custom_script_deps_tutorial.html#project_structure","pageViews":0,"url":"https://kotlinlang.org/docs/custom-script-deps-tutorial.html#create-a-script-definition","mainTitle":"Get started with Kotlin custom scripting – tutorial","product":"","headings":"Get started with Kotlin custom scripting – tutorial,Create a script definition","content":"First, define the script type: what developers can write in scripts of this type and how it will be handled. In this tutorial, this includes support for the @Repository and @DependsOn annotations in the scripts.\n2. In the script definition module, add the dependencies on the Kotlin scripting components in the dependencies block of build.gradle(.kts). These dependencies provide the APIs you will need for the script definition:\n\u003cb\u003eKotlin\u003c/b\u003e dependencies {\n    implementation(\"org.jetbrains.kotlin:kotlin-scripting-common\")\n    implementation(\"org.jetbrains.kotlin:kotlin-scripting-jvm\")\n    implementation(\"org.jetbrains.kotlin:kotlin-scripting-dependencies\")\n    implementation(\"org.jetbrains.kotlin:kotlin-scripting-dependencies-maven\")\n    // coroutines dependency is required for this particular definition\n    implementation(\"org.jetbrains.kotlinx:kotlinx-coroutines-core:1.10.2\") \n}\n\u003cb\u003eGroovy\u003c/b\u003e dependencies {\n    implementation \u0027org.jetbrains.kotlin:kotlin-scripting-common\u0027\n    implementation \u0027org.jetbrains.kotlin:kotlin-scripting-jvm\u0027\n    implementation \u0027org.jetbrains.kotlin:kotlin-scripting-dependencies\u0027\n    implementation \u0027org.jetbrains.kotlin:kotlin-scripting-dependencies-maven\u0027\n    // coroutines dependency is required for this particular definition\n    implementation \u0027org.jetbrains.kotlinx:kotlinx-coroutines-core:1.10.2\u0027\n\n}\n4. Create the src/main/kotlin/ directory in the module and add a Kotlin source file, for example, scriptDef.kt.\n6. In scriptDef.kt, create a class. It will be a superclass for scripts of this type, so declare it abstract or open.\n// abstract (or open) superclass for scripts of this type\nabstract class ScriptWithMavenDeps\nThis class will also serve as a reference to the script definition later.\n8. To make the class a script definition, mark it with the @KotlinScript annotation. Pass two parameters to the annotation:\n- fileExtension – a string ending with .kts that defines a file extension for scripts of this type.\n- compilationConfiguration – a Kotlin class that extends ScriptCompilationConfiguration and defines the compilation specifics for this script definition. You\u0027ll create it in the next step.\n// @KotlinScript annotation marks a script definition class\n@KotlinScript(\n    // File extension for the script type\n    fileExtension \u003d \"scriptwithdeps.kts\",\n    // Compilation configuration for the script type\n    compilationConfiguration \u003d ScriptWithMavenDepsConfiguration::class\n)\nabstract class ScriptWithMavenDeps\n\nobject ScriptWithMavenDepsConfiguration: ScriptCompilationConfiguration()\nIn this tutorial, we provide only the working code without explaining Kotlin scripting API. You can find the same code with a detailed explanation on GitHub.\n10. Define the script compilation configuration as shown below.\nobject ScriptWithMavenDepsConfiguration : ScriptCompilationConfiguration(\n    {\n        // Implicit imports for all scripts of this type\n        defaultImports(DependsOn::class, Repository::class)\n        jvm {\n            // Extract the whole classpath from context classloader and use it as dependencies\n            dependenciesFromCurrentContext(wholeClasspath \u003d true) \n        }\n        // Callbacks\n        refineConfiguration {\n            // Process specified annotations with the provided handler\n            onAnnotations(DependsOn::class, Repository::class, handler \u003d ::configureMavenDepsOnAnnotations)\n        }\n    }\n)\nThe configureMavenDepsOnAnnotations function is as follows:\n// Handler that reconfigures the compilation on the fly\nfun configureMavenDepsOnAnnotations(context: ScriptConfigurationRefinementContext): ResultWithDiagnostics\u0026lt;ScriptCompilationConfiguration\u0026gt; {\n    val annotations \u003d context.collectedData?.get(ScriptCollectedData.collectedAnnotations)?.takeIf { it.isNotEmpty() }\n        ?: return context.compilationConfiguration.asSuccess()\n    return runBlocking {\n        resolver.resolveFromScriptSourceAnnotations(annotations)\n    }.onSuccess {\n        context.compilationConfiguration.with { \n            dependencies.append(JvmDependency(it))\n        }.asSuccess()\n    }\n}\n\nprivate val resolver \u003d CompoundDependenciesResolver(FileSystemDependenciesResolver(), MavenDependenciesResolver())\nYou can find the full code here.\n","pageTitle":"Create a script definition","metaDescription":"","type":"Documentation","breadcrumbs":"Platforms///Scripting","root":0,"depth":2}