{"objectID":"_custom_script_deps_tutorial.html#create_a_project","parent":"_custom_script_deps_tutorial.html#project_structure","pageViews":0,"url":"https://kotlinlang.org/docs/custom-script-deps-tutorial.html#create-a-project","mainTitle":"Get started with Kotlin custom scripting – tutorial","product":"","headings":"Get started with Kotlin custom scripting – tutorial,Create a project","content":"2. In IntelliJ IDEA, select File | New | Project.\n4. In the panel on the left, select New Project.\n6. Name the new project and change its location if necessary.\nSelect the Create Git repository checkbox to place the new project under version control. You will be able to do it later at any time.\n8. From the Language list, select Kotlin.\n10. Select the Gradle build system.\n12. From the JDK list, select the JDK that you want to use in your project.\n- If the JDK is installed on your computer, but not defined in the IDE, select Add JDK and specify the path to the JDK home directory.\n- If you don\u0027t have the necessary JDK on your computer, select Download JDK.\n14. Select the Kotlin or Gradle language for the Gradle DSL.\n16. Click Create.\nCreate a root project for custom Kotlin scripting ","pageTitle":"Create a project","metaDescription":"","type":"Documentation","breadcrumbs":"Platforms///Scripting","root":0,"depth":2}