{"objectID":"_custom_script_deps_tutorial.html#run_scripts","parent":"_custom_script_deps_tutorial.html#project_structure","pageViews":0,"url":"https://kotlinlang.org/docs/custom-script-deps-tutorial.html#run-scripts","mainTitle":"Get started with Kotlin custom scripting – tutorial","product":"","headings":"Get started with Kotlin custom scripting – tutorial,Run scripts","content":"To check how your scripting host works, prepare a script to execute and a run configuration.\n2. Create the file html.scriptwithdeps.kts with the following content in the project root directory:\n@file:Repository(\"https://maven.pkg.jetbrains.space/public/p/kotlinx-html/maven\")\n@file:DependsOn(\"org.jetbrains.kotlinx:kotlinx-html-jvm:0.7.3\")\n\nimport kotlinx.html.*; import kotlinx.html.stream.*; import kotlinx.html.attributes.*\n\nval addressee \u003d \"World\"\n\nprint(\n    createHTML().html {\n        body {\n            h1 { +\"Hello, $addressee!\" }\n        }\n    }\n)\nIt uses functions from the kotlinx-html-jvm library which is referenced in the @DependsOn annotation argument.\n4. Create a run configuration that starts the scripting host and executes this file:\n2. Open host.kt and navigate to the main function. It has a Run gutter icon on the left.\n4. Right-click the gutter icon and select Modify Run Configuration.\n6. In the Create Run Configuration dialog, add the script file name to Program arguments and click OK.\nScripting host run configuration 6. Run the created configuration.\nYou\u0027ll see how the script is executed, resolving the dependency on kotlinx-html-jvm in the specified repository and printing the results of calling its functions:\n\u0026lt;html\u0026gt;\n  \u0026lt;body\u0026gt;\n    \u0026lt;h1\u0026gt;Hello, World!\u0026lt;/h1\u0026gt;\n  \u0026lt;/body\u0026gt;\n\u0026lt;/html\u0026gt;\nResolving dependencies may take some time on the first run. Subsequent runs will complete much faster because they use downloaded dependencies from the local Maven repository.\n","pageTitle":"Run scripts","metaDescription":"","type":"Documentation","breadcrumbs":"Platforms///Scripting","root":0,"depth":2}