{"objectID":"_custom_script_deps_tutorial.html#add_scripting_modules","parent":"_custom_script_deps_tutorial.html#project_structure","pageViews":0,"url":"https://kotlinlang.org/docs/custom-script-deps-tutorial.html#add-scripting-modules","mainTitle":"Get started with Kotlin custom scripting – tutorial","product":"","headings":"Get started with Kotlin custom scripting – tutorial,Add scripting modules","content":"Now you have an empty Kotlin/JVM Gradle project. Add the required modules, script definition and scripting host:\n2. In IntelliJ IDEA, select File | New | Module.\n4. In the panel on the left, select New Module. This module will be the script definition.\n6. Name the new module and change its location if necessary.\n8. From the Language list, select Java.\n10. Select the Gradle build system and Kotlin for the Gradle DSL if you want to write the build script in Kotlin.\n12. As a module\u0027s parent, select the root module.\n14. Click Create.\nCreate script definition module 16. In the module\u0027s build.gradle(.kts) file, remove the version of the Kotlin Gradle plugin. It is already in the root project\u0027s build script.\n18. Repeat previous steps one more time to create a module for the scripting host.\nThe project should have the following structure:\nCustom scripting project structure You can find an example of such a project and more Kotlin scripting examples in the kotlin-script-examples GitHub repository.\n","pageTitle":"Add scripting modules","metaDescription":"","type":"Documentation","breadcrumbs":"Platforms///Scripting","root":0,"depth":2}