{"objectID":"_data_classes.html#data_classes_and_destructuring_declarations","parent":"_data_classes.html#properties_declared_in_the_class_body","pageViews":0,"url":"https://kotlinlang.org/docs/data-classes.html#data-classes-and-destructuring-declarations","mainTitle":"Data classes","product":"","headings":"Data classes,Data classes and destructuring declarations","content":"Component functions generated for data classes make it possible to use them in destructuring declarations:\nval jane \u003d User(\"Jane\", 35)\nval (name, age) \u003d jane\nprintln(\"$name, $age years of age\") \n// Jane, 35 years of age\n","pageTitle":"Data classes and destructuring declarations","metaDescription":"","type":"Documentation","breadcrumbs":"Concepts///Classes and objects","root":0,"depth":2}