{"objectID":"_data_analysis_work_with_api.html#analyze_data_in_kotlin_notebook","parent":"_data_analysis_work_with_api.html#before_you_start","pageViews":0,"url":"https://kotlinlang.org/docs/data-analysis-work-with-api.html#analyze-data-in-kotlin-notebook","mainTitle":"Retrieve data from web sources and APIs","product":"","headings":"Retrieve data from web sources and APIs,Analyze data in Kotlin Notebook","content":"After you\u0027ve successfully fetched and cleaned and refined your data using functions from the Kotlin DataFrame library, the next step is to analyze this prepared dataset to extract meaningful insights.\nMethods such as groupBy for categorizing data, sum and maxBy for summary statistics, and sortBy for ordering data are particularly useful. These tools allow you to perform complex data analysis tasks efficiently.\nLet\u0027s look at an example, using groupBy to categorize videos by channel, sum to calculate total views per category, and maxBy to find the latest or most viewed video in each group:\n2. Simplify the access to specific columns by setting up references:\nval view by column\u0026lt;Int\u0026gt;()\n4. Use the groupBy method to group the data by the channel column and sort it.\nval channels \u003d joined.groupBy { channel }.sortByCount()\nIn the resulting table, you can interactively explore the data. Clicking on the group field of a row corresponding to a channel expands that row to reveal more details about that channel\u0027s videos.\nExpanding a row to reveal more details You can click the table icon in the bottom left to return to the grouped dataset.\nClick on the table icon in the bottom left to return 2. Use aggregate, sum, maxBy, and flatten to create a DataFrame summarizing each channel\u0027s total views and details of its latest or most viewed video:\nval aggregated \u003d channels.aggregate {\n    viewCount.sum() into view\n\n    val last \u003d maxBy { publishedAt }\n    last.title into \"last title\"\n    last.publishedAt into \"time\"\n    last.viewCount into \"viewCount\"\n    // Sorts the DataFrame in descending order by view count and transform it into a flat structure.\n}.sortByDesc(view).flatten()\naggregated\nThe results of the analysis:\nAnalysis results For more advanced techniques, see the Kotlin DataFrame documentation.\n","pageTitle":"Analyze data in Kotlin Notebook","metaDescription":"","type":"Documentation","breadcrumbs":"Data analysis///Working with data sources","root":0,"depth":2}