{"objectID":"_data_analysis_notebooks_output_formats.html#","parent":"_data_analysis_notebooks_output_formats.html#texts","pageViews":0,"url":"https://kotlinlang.org/docs/data-analysis-notebooks-output-formats.html","mainTitle":"Output formats supported by Kotlin Notebook","product":"","headings":"Output formats supported by Kotlin Notebook","content":"Kotlin Notebook supports a variety of output types, including text, HTML, and images. With the help of external libraries, you can expand your output options and visualize your data with charts, spreadsheets, and more.\nEach output is a JSON object that maps the Jupiter MIME type to some data. From this map, Kotlin Notebook selects the supported MIME type with the highest priority among other types and renders it like this:\n- Text uses the text/plain MIME type.\n- The BufferedImage class uses the image/png MIME type that is mapped to a Base64 string.\n- The Image class, as well as the LaTeX format, use the text/html MIME type with the img tag inside.\n- Kotlin DataFrame tables and Kandy plots use their own internal MIME types, which are backed by static HTML or images. This way, you can display them on GitHub.\nYou can set up the mapping manually, for example, to use Markdown as a cell output:\nMimeTypedResult(\n    mapOf(\n        \"text/plain\" to \"123\",\n        \"text/markdown\" to \"# HEADER\",\n        //other mime:value pairs\n    )\n)\nTo display any kind of output, use the DISPLAY() function. It also enables the combination of several outputs:\nDISPLAY(HTML(\"\u0026lt;h2\u0026gt;Gaussian distribution\u0026lt;/h2\u0026gt;\"))\nDISPLAY(LATEX(\"f(x) \u003d \\\\frac{1}{\\\\sigma \\\\sqrt{2\\\\pi}} \\\\cdot e^{-\\\\frac{(x - \\\\mu)^2}{2\\\\sigma^2}}\"))\n\nval experimentX \u003d experimentData.map { it.key }\nval experimentY \u003d experimentData.map { it.value }\n\nDISPLAY(plot {\n    bars {\n        x(experimentX)\n        y(experimentY)\n    }\n})\nDifferent outputs for Gaussian distribution ","pageTitle":"Output formats supported by Kotlin Notebook","metaDescription":"","type":"Documentation","breadcrumbs":"Data analysis","root":0,"depth":1}