{"objectID":"_data_classes.html#standard_data_classes","parent":"_data_classes.html#properties_declared_in_the_class_body","pageViews":0,"url":"https://kotlinlang.org/docs/data-classes.html#standard-data-classes","mainTitle":"Data classes","product":"","headings":"Data classes,Standard data classes","content":"The standard library provides the Pair and Triple classes. In most cases, though, named data classes are a better design choice because they make the code easier to read by providing meaningful names for the properties.\n","pageTitle":"Standard data classes","metaDescription":"","type":"Documentation","breadcrumbs":"Concepts///Classes and objects","root":0,"depth":2}