{"objectID":"_data_analysis_notebooks_output_formats.html#math_formulas_and_equations","parent":"_data_analysis_notebooks_output_formats.html#texts","pageViews":0,"url":"https://kotlinlang.org/docs/data-analysis-notebooks-output-formats.html#math-formulas-and-equations","mainTitle":"Output formats supported by Kotlin Notebook","product":"","headings":"Output formats supported by Kotlin Notebook,Math formulas and equations","content":"You can render mathematical formulas and equations using the LaTeX format, a typesetting system widely used in academia:\n2. Add the lib-ext library that extends the functionality of the Jupyter kernel to your notebook:\n%use lib-ext(0.11.0-398)\n4. In the new cell, run your formula:\nLATEX(\"c^2 \u003d a^2 + b^2 - 2 a b \\\\cos\\\\alpha\")\nUsing LaTeX to render mathematical formulas ","pageTitle":"Math formulas and equations","metaDescription":"","type":"Documentation","breadcrumbs":"Data analysis","root":0,"depth":1}