{"objectID":"_data_analysis_connect_to_db.html#analyze_data_in_kotlin_notebook","parent":"_data_analysis_connect_to_db.html#before_you_start","pageViews":0,"url":"https://kotlinlang.org/docs/data-analysis-connect-to-db.html#analyze-data-in-kotlin-notebook","mainTitle":"Connect and retrieve data from databases","product":"","headings":"Connect and retrieve data from databases,Analyze data in Kotlin Notebook","content":"After establishing a connection to an SQL database, you can use Kotlin Notebook for in-depth data analysis utilizing the Kotlin DataFrame library. This includes functions for grouping, sorting, and aggregating data, helping you to uncover and understand patterns within your data.\nLet\u0027s dive into an example that involves analyzing actor data from a movie database, focusing on the most frequently occurring first names of actors:\n2. Extract data from the \u0026quot;actors\u0026quot; table using the readSqlTable() function:\nval actorDf \u003d DataFrame.readSqlTable(dbConfig, \"actors\", 10000)\n4. Process the retrieved data to identify the top 20 most common actor first names. This analysis involves several DataFrame methods:\nval top20ActorNames \u003d actorDf\n    // Groups the data by the first_name column to organize it based on actor first names.\n   .groupBy { first_name }\n\n    // Counts the occurrences of each unique first name, providing a frequency distribution.\n   .count()\n\n    // Sorts the results in descending order of count to identify the most common names.\n   .sortByDesc(\"count\")\n\n    // Selects the top 20 most frequent names for analysis.\n   .take(20)\ntop20ActorNames\n","pageTitle":"Analyze data in Kotlin Notebook","metaDescription":"","type":"Documentation","breadcrumbs":"Data analysis///Working with data sources","root":0,"depth":2}