{"objectID":"_data_analysis_visualization.html#what_s_next","parent":"_data_analysis_visualization.html#before_you_start","pageViews":0,"url":"https://kotlinlang.org/docs/data-analysis-visualization.html#what-s-next","mainTitle":"Data visualization in Kotlin Notebook with Kandy","product":"","headings":"Data visualization in Kotlin Notebook with Kandy,What\u0027s next","content":"- Explore more chart examples in the Kandy library documentation\n- Explore more advanced plotting options in the Lets-Plot library documentation\n- Find additional information about creating, exploring, and managing data frames in the Kotlin DataFrame library documentation\n- Learn more about data visualization in Kotlin Notebook in this YouTube video\n","pageTitle":"What\u0027s next","metaDescription":"","type":"Documentation","breadcrumbs":"Data analysis","root":0,"depth":1}