{"objectID":"_data_analysis_libraries.html#kotlin_libraries","parent":"_data_analysis_libraries.html#kotlin_libraries","pageViews":0,"url":"https://kotlinlang.org/docs/data-analysis-libraries.html#kotlin-libraries","mainTitle":"Kotlin and Java libraries for data analysis","product":"","headings":"Kotlin and Java libraries for data analysis,Kotlin libraries","content":"Library Purpose Features\nKotlin DataFrame - Data collection - Data cleaning and processing - Operations for creating, sorting, and cleaning data frames, feature engineering, and more - Processing of structured data - Support for CSV, JSON, and other input formats - Reading from SQL databases - Connecting with different APIs to access data and increase type safety\nKandy - Data exploration and visualization - Powerful, readable, and typesafe DSL for plotting charts of various types - Open-source library written in Kotlin for the JVM - Support for Kotlin Notebook, Datalore, and Jupyter Notebook - Seamless integration with Kotlin DataFrame\nKotlinDL - Model building - Deep learning API written in Kotlin and inspired by Keras - Training deep learning models from scratch or importing existing Keras and ONNX models for inference - Transferring learning for tailoring existing pre-trained models to your tasks - Support for the Android platform\nMultik - Data cleaning and processing - Model building - Mathematical operations over multidimensional arrays (linear algebra, statistics, arithmetics, and other calculations) - Creating, copying, indexing, slicing, and other array operations - Kotlin-idiomatic library with benefits such as type and dimension safety and swappable computational engines, running on the JVM or as native code\nKotlin for Apache Spark - Data collection - Data cleaning and processing - Data exploration and visualization - Model building - Layer of compatibility between Apache Spark and Kotlin - Apache Spark data transformation operations in Kotlin-idiomatic code - Simple usage of Kotlin features, such as data classes and lambda expressions, in curly braces or method reference\nLets-Plot - Data exploration and visualization - Plotting statistical data written in Kotlin - Support for Kotlin Notebook, Datalore, and Jupyter with Kotlin Kernel - Compatible with the JVM, JS, and Python - Embedding charts in Compose Multiplatform applications\nKMath - Data cleaning and processing - Data exploration and visualization - Model building - Modular library to work with mathematical abstractions in Kotlin Multiplatform (JVM, JS, Native, and Wasm) - APIs for algebraic structures, mathematical expressions, histograms, and streaming operations - Interchangeable wrappers over existing Java and Kotlin libraries, including ND4J, Apache Commons Math, and Multik - Inspired by Python\u0027s NumPy but with other additional features like type safety\nkravis - Data exploration and visualization - Visualization of tabular data - Inspired by R\u0027s ggplot - Support for Jupyter with Kotlin Kernel\n","pageTitle":"Kotlin libraries","metaDescription":"","type":"Documentation","breadcrumbs":"Data analysis","root":0,"depth":1}