{"objectID":"_data_analysis_work_with_api.html#","parent":"_data_analysis_work_with_api.html#before_you_start","pageViews":0,"url":"https://kotlinlang.org/docs/data-analysis-work-with-api.html","mainTitle":"Retrieve data from web sources and APIs","product":"","headings":"Retrieve data from web sources and APIs","content":"Kotlin Notebook provides a powerful platform for accessing and manipulating data from various web sources and APIs. It simplifies data extraction and analysis tasks by offering an iterative environment where every step can be visualized for clarity. This makes it particularly useful when exploring APIs you are not familiar with.\nWhen used in conjunction with the Kotlin DataFrame library, Kotlin Notebook not only enables you to connect to and fetch JSON data from APIs but also assists in reshaping this data for comprehensive analysis and visualization.\nFor Kotlin Notebook examples, see DataFrame examples on GitHub.\n","pageTitle":"Retrieve data from web sources and APIs","metaDescription":"","type":"Documentation","breadcrumbs":"Data analysis///Working with data sources","root":0,"depth":2}