{"objectID":"_data_analysis_work_with_data_sources.html#save_dataframe","parent":"_data_analysis_work_with_data_sources.html#before_you_start","pageViews":0,"url":"https://kotlinlang.org/docs/data-analysis-work-with-data-sources.html#save-dataframe","mainTitle":"Retrieve data from files","product":"","headings":"Retrieve data from files,Save DataFrame","content":"After refining data in Kotlin Notebook using the Kotlin DataFrame library, you can easily export your processed data. You can utilize a variety of .write() functions for this purpose, which support saving in multiple formats, including CSV, JSON, XLS, XLSX, Apache Arrow, and even HTML tables. This can be particularly useful for sharing your findings, creating reports, or making your data available for further analysis.\nHere\u0027s how you can filter a DataFrame, remove a column, save the refined data to a JSON file, and open an HTML table in your browser:\n2. In Kotlin Notebook, use the .read() function to load a file named movies.csv into a DataFrame named moviesDf:\nval moviesDf \u003d DataFrame.read(\"movies.csv\")\n4. Filter the DataFrame to only include movies that belong to the \u0026quot;Action\u0026quot; genre using the .filter method:\nval actionMoviesDf \u003d moviesDf.filter { genres.equals(\"Action\") }\n6. Remove the movieId column from the DataFrame using .remove:\nval refinedMoviesDf \u003d actionMoviesDf.remove { movieId }\nrefinedMoviesDf\n8. The Kotlin DataFrame library offers various write functions to save data in different formats. In this example, the .writeJson() function is used to save the modified movies.csv as a JSON file:\nrefinedMoviesDf.writeJson(\"movies.json\")\n10. Use the .toStandaloneHTML() function to convert the DataFrame into a standalone HTML table and open it in your default web browser:\nrefinedMoviesDf.toStandaloneHTML(DisplayConfiguration(rowsLimit \u003d null)).openInBrowser()\n","pageTitle":"Save DataFrame","metaDescription":"","type":"Documentation","breadcrumbs":"Data analysis///Working with data sources","root":0,"depth":2}