{"objectID":"_data_analysis_work_with_api.html#fetch_data_from_an_api","parent":"_data_analysis_work_with_api.html#before_you_start","pageViews":0,"url":"https://kotlinlang.org/docs/data-analysis-work-with-api.html#fetch-data-from-an-api","mainTitle":"Retrieve data from web sources and APIs","product":"","headings":"Retrieve data from web sources and APIs,Fetch data from an API","content":"Fetching data from APIs using the Kotlin Notebook with the Kotlin DataFrame library is achieved through the .read() function, which is similar to retrieving data from files, such as CSV or JSON. However, when working with web-based sources, you might require additional formatting to transform the raw API data into a structured format.\nLet\u0027s look at an example of fetching data from the YouTube Data API:\n2. Open your Kotlin Notebook file (.ipynb).\n4. Import the Kotlin DataFrame library, which is essential for data manipulation tasks. This is done by running the following command in a code cell:\n%use dataframe\n6. Securely add your API key in a new code cell, which is necessary for authenticating requests to the YouTube Data API. You can obtain your API key from the credentials tab:\nval apiKey \u003d \"YOUR-API_KEY\"\n8. Create a load function that takes a path as a string and uses the DataFrame\u0027s .read() function to fetch data from the YouTube Data API:\nfun load(path: String): AnyRow \u003d DataRow.read(\"https://www.googleapis.com/youtube/v3/$path\u0026key\u003d$apiKey\")\n10. Organize the fetched data into rows and handle the YouTube API\u0027s pagination through the nextPageToken. This ensures you gather data across multiple pages:\nfun load(path: String, maxPages: Int): AnyFrame {\n\n    // Initializes a mutable list to store rows of data.\n    val rows \u003d mutableListOf\u0026lt;AnyRow\u0026gt;()\n\n    // Sets the initial page path for data loading.\n    var pagePath \u003d path\n    do {\n\n        // Loads data from the current page path.\n        val row \u003d load(pagePath)\n        // Adds the loaded data as a row to the list.\n        rows.add(row)\n\n        // Retrieves the token for the next page, if available.\n        val next \u003d row.getValueOrNull\u0026lt;String\u0026gt;(\"nextPageToken\")\n        // Updates the page path for the next iteration, including the new token.\n        pagePath \u003d path + \"\u0026pageToken\u003d\" + next\n\n        // Continues loading pages until there\u0027s no next page.\n    } while (next !\u003d null \u0026\u0026 rows.size \u0026lt; maxPages) \n\n    // Concatenates and returns all loaded rows as a DataFrame.\n    return rows.concat() \n}\n12. Use the previously defined load() function to fetch data and create a DataFrame in a new code cell. This example fetches data, or in this case, videos related to Kotlin, with a maximum of 50 results per page, up to a maximum of 5 pages. The result is stored in the df variable:\nval df \u003d load(\"search?q\u003dkotlin\u0026maxResults\u003d50\u0026part\u003dsnippet\", 5)\ndf\n14. Finally, extract and concatenate items from the DataFrame:\nval items \u003d df.items.concat()\nitems\n","pageTitle":"Fetch data from an API","metaDescription":"","type":"Documentation","breadcrumbs":"Data analysis///Working with data sources","root":0,"depth":2}