{"objectID":"_data_analysis_notebooks_output_formats.html#rich_text","parent":"_data_analysis_notebooks_output_formats.html#texts","pageViews":0,"url":"https://kotlinlang.org/docs/data-analysis-notebooks-output-formats.html#rich-text","mainTitle":"Output formats supported by Kotlin Notebook","product":"","headings":"Output formats supported by Kotlin Notebook,Rich text","content":"Choose cells of the Markdown type to use rich text. This way, you can format the content with Markdown and HTML markup, using lists, tables, font styles, code blocks, and more. HTML can contain CSS styles and JavaScript.\n## Line magics\n\n| Spell                              | Description                                                                                                      | Example                                                                               |\n|------------------------------------|------------------------------------------------------------------------------------------------------------------|---------------------------------------------------------------------------------------|\n| \u0026lt;code\u0026gt;%use\u0026lt;/code\u0026gt;                  | Injects code for supported libraries: artifact resolution, default imports, initialization code, type renderers. | \u0026lt;code\u0026gt;%use klaxon(5.5), lets-plot\u0026lt;/code\u0026gt;                                              |                                         \n| \u0026lt;code\u0026gt;%trackClasspath\u0026lt;/code\u0026gt;       | Logs any changes of current classpath. Useful for debugging artifact resolution failures.                        | \u0026lt;code\u0026gt;%trackClasspath [on |off]\u0026lt;/code\u0026gt;                                                |\n| \u0026lt;code\u0026gt;%trackExecution\u0026lt;/code\u0026gt;       | Logs pieces of code that are going to be executed. Useful for debugging of libraries support.                    | \u0026lt;code\u0026gt;%trackExecution [all|generated|off]\u0026lt;/code\u0026gt;                                      |          \n| \u0026lt;code\u0026gt;%useLatestDescriptors\u0026lt;/code\u0026gt; | Use latest versions of library descriptors available. By default, bundled descriptors are used.                  | \u0026lt;code\u0026gt;%useLatestDescriptors [on|off]\u0026lt;/code\u0026gt;                                           |\n| \u0026lt;code\u0026gt;%output\u0026lt;/code\u0026gt;               | Output capturing settings.                                                                                       | \u0026lt;code\u0026gt;%output --max-cell-size\u003d1000 --no-stdout --max-time\u003d100 --max-buffer\u003d400\u0026lt;/code\u0026gt; |\n| \u0026lt;code\u0026gt;%logLevel\u0026lt;/code\u0026gt;             | Set logging level.                                                                                               | \u0026lt;code\u0026gt;%logLevel [off|error|warn|info|debug]\u0026lt;/code\u0026gt;                                    |\n\n\u0026lt;ul\u0026gt;\u0026lt;li\u0026gt;\u0026lt;a href\u003d\"https://github.com/Kotlin/kotlin-jupyter/blob/master/docs/magics.md\"\u0026gt;Learn more detailes about line magics\u0026lt;/a\u0026gt;.\u0026lt;/li\u0026gt;\n\u0026lt;li\u0026gt;\u0026lt;a href\u003d\"https://github.com/Kotlin/kotlin-jupyter/blob/master/docs/magics.md\"\u0026gt;See the full list of supported libraries\u0026lt;/a\u0026gt;.\u0026lt;/li\u0026gt;\u0026lt;/ul\u0026gt;\nRich text in Markdown cells ","pageTitle":"Rich text","metaDescription":"","type":"Documentation","breadcrumbs":"Data analysis","root":0,"depth":1}