{"objectID":"_data_analysis_notebooks_output_formats.html#loaded_images","parent":"_data_analysis_notebooks_output_formats.html#texts","pageViews":0,"url":"https://kotlinlang.org/docs/data-analysis-notebooks-output-formats.html#loaded-images","mainTitle":"Output formats supported by Kotlin Notebook","product":"","headings":"Output formats supported by Kotlin Notebook,Loaded images","content":"With the help of the lib-ext library, you can extend the standard Jupyter functionality and display images loaded from the network:\n%use lib-ext(0.11.0-398)\nImage(\"https://kotlinlang.org/docs/images/kotlin-logo.png\", embed \u003d false).withWidth(300)\nUsing external image links ","pageTitle":"Loaded images","metaDescription":"","type":"Documentation","breadcrumbs":"Data analysis","root":0,"depth":1}