{"objectID":"_delegated_properties.html#providing_a_delegate","parent":"_delegated_properties.html#standard_delegates","pageViews":0,"url":"https://kotlinlang.org/docs/delegated-properties.html#providing-a-delegate","mainTitle":"Delegated properties","product":"","headings":"Delegated properties,Providing a delegate","content":"By defining the provideDelegate operator, you can extend the logic for creating the object to which the property implementation is delegated. If the object used on the right-hand side of by defines provideDelegate as a member or extension function, that function will be called to create the property delegate instance.\nOne of the possible use cases of provideDelegate is to check the consistency of the property upon its initialization.\nFor example, to check the property name before binding, you can write something like this:\nclass ResourceDelegate\u0026lt;T\u0026gt; : ReadOnlyProperty\u0026lt;MyUI, T\u0026gt; {\n    override fun getValue(thisRef: MyUI, property: KProperty\u0026lt;*\u0026gt;): T { ... }\n}\n    \nclass ResourceLoader\u0026lt;T\u0026gt;(id: ResourceID\u0026lt;T\u0026gt;) {\n    operator fun provideDelegate(\n            thisRef: MyUI,\n            prop: KProperty\u0026lt;*\u0026gt;\n    ): ReadOnlyProperty\u0026lt;MyUI, T\u0026gt; {\n        checkProperty(thisRef, prop.name)\n        // create delegate\n        return ResourceDelegate()\n    }\n\n    private fun checkProperty(thisRef: MyUI, name: String) { ... }\n}\n\nclass MyUI {\n    fun \u0026lt;T\u0026gt; bindResource(id: ResourceID\u0026lt;T\u0026gt;): ResourceLoader\u0026lt;T\u0026gt; { ... }\n\n    val image by bindResource(ResourceID.image_id)\n    val text by bindResource(ResourceID.text_id)\n}\nThe parameters of provideDelegate are the same as those of getValue:\n- thisRef must be the same type as, or a supertype of, the property owner (for extension properties, it should be the type being extended);\n- property must be of type KProperty\u0026lt;*\u0026gt; or its supertype.\nThe provideDelegate method is called for each property during the creation of the MyUI instance, and it performs the necessary validation right away.\nWithout this ability to intercept the binding between the property and its delegate, to achieve the same functionality you\u0027d have to pass the property name explicitly, which isn\u0027t very convenient:\n// Checking the property name without \"provideDelegate\" functionality\nclass MyUI {\n    val image by bindResource(ResourceID.image_id, \"image\")\n    val text by bindResource(ResourceID.text_id, \"text\")\n}\n\nfun \u0026lt;T\u0026gt; MyUI.bindResource(\n        id: ResourceID\u0026lt;T\u0026gt;,\n        propertyName: String\n): ReadOnlyProperty\u0026lt;MyUI, T\u0026gt; {\n    checkProperty(this, propertyName)\n    // create delegate\n}\nIn the generated code, the provideDelegate method is called to initialize the auxiliary prop$delegate property. Compare the generated code for the property declaration val prop: Type by MyDelegate() with the generated code above (when the provideDelegate method is not present):\nclass C {\n    var prop: Type by MyDelegate()\n}\n\n// this code is generated by the compiler \n// when the \u0027provideDelegate\u0027 function is available:\nclass C {\n    // calling \"provideDelegate\" to create the additional \"delegate\" property\n    private val prop$delegate \u003d MyDelegate().provideDelegate(this, this::prop)\n    var prop: Type\n        get() \u003d prop$delegate.getValue(this, this::prop)\n        set(value: Type) \u003d prop$delegate.setValue(this, this::prop, value)\n}\nNote that the provideDelegate method affects only the creation of the auxiliary property and doesn\u0027t affect the code generated for the getter or the setter.\nWith the PropertyDelegateProvider interface from the standard library, you can create delegate providers without creating new classes.\nval provider \u003d PropertyDelegateProvider { thisRef: Any?, property -\u0026gt;\n    ReadOnlyProperty\u0026lt;Any?, Int\u0026gt; {_, property -\u0026gt; 42 }\n}\nval delegate: Int by provider\n","pageTitle":"Providing a delegate","metaDescription":"","type":"Documentation","breadcrumbs":"Concepts///Classes and objects","root":0,"depth":2}