{"objectID":"_destructuring_declarations.html#underscore_for_unused_variables","parent":"_destructuring_declarations.html#example_returning_two_values_from_a_function","pageViews":0,"url":"https://kotlinlang.org/docs/destructuring-declarations.html#underscore-for-unused-variables","mainTitle":"Destructuring declarations","product":"","headings":"Destructuring declarations,Underscore for unused variables","content":"If you don\u0027t need a variable in the destructuring declaration, you can place an underscore instead of its name:\nval (_, status) \u003d getResult()\nThe componentN() operator functions are not called for the components that are skipped in this way.\n","pageTitle":"Underscore for unused variables","metaDescription":"","type":"Documentation","breadcrumbs":"Concepts","root":0,"depth":1}