{"objectID":"_eap.html#","parent":"_eap.html#how_the_eap_can_help_you_be_more_productive_with_kotlin","pageViews":0,"url":"https://kotlinlang.org/docs/eap.html","mainTitle":"Participate in the Kotlin Early Access Preview","product":"","headings":"Participate in the Kotlin Early Access Preview","content":"You can participate in the Kotlin Early Access Preview (EAP) to try out the latest Kotlin features before they are released.\nWe ship a few Beta (Beta) and Release Candidate (RC) builds before every language (2.x.0) and tooling (2.x.20) release.\nWe\u0027ll be very thankful if you find and report bugs to our issue tracker YouTrack. It is very likely that we\u0027ll be able to fix them before the final release, which means you won\u0027t need to wait until the next Kotlin release for your issues to be addressed.\nBy participating in the Early Access Preview and reporting bugs, you contribute to Kotlin and help us make it better for everyone in the growing Kotlin community. We appreciate your help a lot!\nIf you have any questions and want to participate in discussions, you are welcome to join the #eap channel in Kotlin Slack. In this channel, you can also get notifications about new EAP builds.\nConfigure your project for the Kotlin EAP version\nBy participating in the EAP, you expressly acknowledge that the EAP version may not be reliable, may not work as intended, and may contain errors.\nPlease note that we don\u0027t provide any guarantees of compatibility between EAP and final versions of the same release.\n","pageTitle":"Participate in the Kotlin Early Access Preview","metaDescription":"","type":"Documentation","breadcrumbs":"Early access preview (EAP)","root":0,"depth":1}