{"objectID":"_edu_tools_educator.html#","parent":"_edu_tools_educator.html#","pageViews":0,"url":"https://kotlinlang.org/docs/edu-tools-educator.html","mainTitle":"Teaching Kotlin with JetBrains Academy plugin","product":"","headings":"Teaching Kotlin with JetBrains Academy plugin","content":"With the JetBrains Academy plugin, available both in Android Studio and IntelliJ IDEA, you can teach Kotlin through code practicing tasks.\nTake a look at the Educator Start Guide to learn how to create a simple Kotlin course that includes a set of programming tasks and integrated tests.\nIf you want to use the JetBrains Academy plugin to learn Kotlin, read Learning Kotlin with JetBrains Academy plugin.\n","pageTitle":"Teaching Kotlin with JetBrains Academy plugin","metaDescription":"","type":"Documentation","breadcrumbs":"Learning materials///Learn in IDE (JetBrains Academy)","root":0,"depth":2}