{"objectID":"_enum_classes.html#implementing_interfaces_in_enum_classes","parent":"_enum_classes.html#anonymous_classes","pageViews":0,"url":"https://kotlinlang.org/docs/enum-classes.html#implementing-interfaces-in-enum-classes","mainTitle":"Enum classes","product":"","headings":"Enum classes,Implementing interfaces in enum classes","content":"An enum class can implement an interface (but it cannot derive from a class), providing either a common implementation of interface members for all the entries, or separate implementations for each entry within its anonymous class. This is done by adding the interfaces you want to implement to the enum class declaration as follows:\nimport java.util.function.BinaryOperator\nimport java.util.function.IntBinaryOperator\n\n//sampleStart\nenum class IntArithmetics : BinaryOperator\u0026lt;Int\u0026gt;, IntBinaryOperator {\n    PLUS {\n        override fun apply(t: Int, u: Int): Int \u003d t + u\n    },\n    TIMES {\n        override fun apply(t: Int, u: Int): Int \u003d t * u\n    };\n    \n    override fun applyAsInt(t: Int, u: Int) \u003d apply(t, u)\n}\n//sampleEnd\n\nfun main() {\n    val a \u003d 13\n    val b \u003d 31\n    for (f in IntArithmetics.entries) {\n        println(\"$f($a, $b) \u003d ${f.apply(a, b)}\")\n    }\n}\nAll enum classes implement the Comparable interface by default. Constants in the enum class are defined in the natural order. For more information, see Ordering.\n","pageTitle":"Implementing interfaces in enum classes","metaDescription":"","type":"Documentation","breadcrumbs":"Concepts///Classes and objects","root":0,"depth":2}