{"objectID":"_equality.html#referential_equality","parent":"_equality.html#structural_equality","pageViews":0,"url":"https://kotlinlang.org/docs/equality.html#referential-equality","mainTitle":"Equality","product":"","headings":"Equality,Referential equality","content":"Referential equality verifies the memory addresses of two objects to determine if they are the same instance.\nReferential equality is checked by the \u003d\u003d\u003d operation and its negated counterpart !\u003d\u003d. a \u003d\u003d\u003d b evaluates to true if and only if a and b point to the same object:\nfun main() {\n    var a \u003d \"Hello\"\n    var b \u003d a\n    var c \u003d \"world\"\n    var d \u003d \"world\"\n\n    println(a \u003d\u003d\u003d b)\n    // true\n    println(a \u003d\u003d\u003d c)\n    // false\n    println(c \u003d\u003d\u003d d)\n    // true\n\n}\nFor values represented by primitive types at runtime (for example, Int), the \u003d\u003d\u003d equality check is equivalent to the \u003d\u003d check.\nThe referential equality is implemented differently in Kotlin/JS. For more information about equality, see the Kotlin/JS documentation.\n","pageTitle":"Referential equality","metaDescription":"","type":"Documentation","breadcrumbs":"Concepts","root":0,"depth":1}