{"objectID":"_equality.html#structural_equality","parent":"_equality.html#structural_equality","pageViews":0,"url":"https://kotlinlang.org/docs/equality.html#structural-equality","mainTitle":"Equality","product":"","headings":"Equality,Structural equality","content":"Structural equality verifies if two objects have the same content or structure. Structural equality is checked by the \u003d\u003d operation and its negated counterpart !\u003d. By convention, an expression like a \u003d\u003d b is translated to:\na?.equals(b) ?: (b \u003d\u003d\u003d null)\nIf a is not null, it calls the equals(Any?) function. Otherwise (a is null), it checks that b is referentially equal to null:\nfun main() {\n    var a \u003d \"hello\"\n    var b \u003d \"hello\"\n    var c \u003d null\n    var d \u003d null\n    var e \u003d d\n\n    println(a \u003d\u003d b)\n    // true\n    println(a \u003d\u003d c)\n    // false\n    println(c \u003d\u003d e)\n    // true\n}\nNote that there\u0027s no point in optimizing your code when comparing to null explicitly: a \u003d\u003d null will be automatically translated to a \u003d\u003d\u003d null.\nIn Kotlin, the equals() function is inherited by all classes from the Any class. By default, the equals() function implements referential equality. However, classes in Kotlin can override the equals() function to provide a custom equality logic and, in this way, implement structural equality.\nValue classes and data classes are two specific Kotlin types that automatically override the equals() function. That\u0027s why they implement structural equality by default.\nHowever, in the case of data classes, if the equals() function is marked as final in the parent class, its behavior remains unchanged.\nDistinctly, non-data classes (those not declared with the data modifier) do not override the equals() function by default. Instead, non-data classes implement referential equality behavior inherited from the Any class. To implement structural equality, non-data classes require a custom equality logic to override the equals() function.\nTo provide a custom equals check implementation, override the equals(other: Any?): Boolean function:\nclass Point(val x: Int, val y: Int) {\n    override fun equals(other: Any?): Boolean {\n        if (this \u003d\u003d\u003d other) return true\n        if (other !is Point) return false\n\n        // Compares properties for structural equality\n        return this.x \u003d\u003d other.x \u0026\u0026 this.y \u003d\u003d other.y\n    }\n}\nWhen overriding the equals() function, you should also override the hashCode() function to keep consistency between equality and hashing and ensure a proper behavior of these functions.\nFunctions with the same name and other signatures (like equals(other: Foo)) don\u0027t affect equality checks with the operators \u003d\u003d and !\u003d.\nStructural equality has nothing to do with comparison defined by the Comparable\u0026lt;...\u0026gt; interface, so only a custom equals(Any?) implementation may affect the behavior of the operator.\n","pageTitle":"Structural equality","metaDescription":"","type":"Documentation","breadcrumbs":"Concepts","root":0,"depth":1}