{"objectID":"_equality.html#array_equality","parent":"_equality.html#structural_equality","pageViews":0,"url":"https://kotlinlang.org/docs/equality.html#array-equality","mainTitle":"Equality","product":"","headings":"Equality,Array equality","content":"To compare whether two arrays have the same elements in the same order, use contentEquals().\nFor more information, see Compare arrays.\n","pageTitle":"Array equality","metaDescription":"","type":"Documentation","breadcrumbs":"Concepts","root":0,"depth":1}