{"objectID":"_exceptions.html#require_function","parent":"_exceptions.html#throw_exceptions","pageViews":0,"url":"https://kotlinlang.org/docs/exceptions.html#require-function","mainTitle":"Exceptions","product":"","headings":"Exceptions,require() function","content":"Use the require() function to validate input arguments when they are crucial for the function\u0027s operation, and the function can\u0027t proceed if these arguments are invalid.\nIf the condition in require() is not met, it throws an IllegalArgumentException:\nfun getIndices(count: Int): List\u0026lt;Int\u0026gt; {\n    require(count \u0026gt;\u003d 0) { \"Count must be non-negative. You set count to $count.\" }\n    return List(count) { it + 1 }\n}\n\nfun main() {\n    // This fails with an IllegalArgumentException\n    println(getIndices(-1))\n    \n    // Uncomment the line below to see a working example\n    // println(getIndices(3))\n    // [1, 2, 3]\n}\nThe require() function allows the compiler to perform smart casting. After a successful check, the variable is automatically cast to a non-nullable type. These functions are often used for nullability checks to ensure that the variable is not null before proceeding. For example:\nfun printNonNullString(str: String?) {\n    // Nullability check\n    require(str !\u003d null) \n    // After this successful check, \u0027str\u0027 is guaranteed to be \n    // non-null and is automatically smart cast to non-nullable String\n    println(str.length)\n}\n","pageTitle":"require() function","metaDescription":"","type":"Documentation","breadcrumbs":"Concepts///Control flow","root":0,"depth":2}