{"objectID":"_exceptions.html#","parent":"_exceptions.html#throw_exceptions","pageViews":0,"url":"https://kotlinlang.org/docs/exceptions.html","mainTitle":"Exceptions","product":"","headings":"Exceptions","content":"Exceptions help your code run more predictably, even when runtime errors occur that could disrupt program execution. Kotlin treats all exceptions as unchecked by default. Unchecked exceptions simplify the exception handling process: you can catch exceptions, but you don\u0027t need to explicitly handle or declare them.\nLearn more about how Kotlin handles exceptions when interacting with Java, Swift, and Objective-C in the Exception interoperability with Java, Swift, and Objective-C section.\nWorking with exceptions consists of two primary actions:\n- Throwing exceptions: indicate when a problem occurs.\n- Catching exceptions: handle the unexpected exception manually by resolving the issue or notifying the developer or application user.\nExceptions are represented by subclasses of the Exception class, which is a subclass of the Throwable class. For more information about the hierarchy, see the Exception hierarchy section. Since Exception is an open class, you can create custom exceptions to suit your application\u0027s specific needs.\n","pageTitle":"Exceptions","metaDescription":"","type":"Documentation","breadcrumbs":"Concepts///Control flow","root":0,"depth":2}