{"objectID":"_exceptions.html#exception_classes","parent":"_exceptions.html#throw_exceptions","pageViews":0,"url":"https://kotlinlang.org/docs/exceptions.html#exception-classes","mainTitle":"Exceptions","product":"","headings":"Exceptions,Exception classes","content":"Let\u0027s explore some common exception types found in Kotlin, which are all subclasses of the RuntimeException class:\n- ArithmeticException: This exception occurs when an arithmetic operation is impossible to perform, like division by zero.\nval example \u003d 2 / 0 // throws ArithmeticException\n- IndexOutOfBoundsException: This exception is thrown to indicate that an index of some sort, such as an array or string is out of range.\nval myList \u003d mutableListOf(1, 2, 3)\nmyList.removeAt(3)  // throws IndexOutOfBoundsException\nTo avoid this exception, use a safer alternative, such as the getOrNull() function:\nval myList \u003d listOf(1, 2, 3)\n// Returns null, instead of IndexOutOfBoundsException\nval element \u003d myList.getOrNull(3)\nprintln(\"Element at index 3: $element\")\n- NoSuchElementException: This exception is thrown when an element that does not exist in a particular collection is accessed. It occurs when using methods that expect a specific element, such as first() or last().\nval emptyList \u003d listOf\u0026lt;Int\u0026gt;()\nval firstElement \u003d emptyList.first()  // throws NoSuchElementException\nTo avoid this exception, use a safer alternative, such as the firstOrNull() function:\nval emptyList \u003d listOf\u0026lt;Int\u0026gt;()\n// Returns null, instead of NoSuchElementException\nval firstElement \u003d emptyList.firstOrNull()\nprintln(\"First element in empty list: $firstElement\")\n- NumberFormatException: This exception occurs when attempting to convert a string to a numeric type, but the string doesn\u0027t have an appropriate format.\nval string \u003d \"This is not a number\"\nval number \u003d string.toInt() // throws NumberFormatException\nTo avoid this exception, use a safer alternative, such as the toIntOrNull() function:\nval nonNumericString \u003d \"not a number\"\n// Returns null, instead of NumberFormatException\nval number \u003d nonNumericString.toIntOrNull()\nprintln(\"Converted number: $number\")\n- NullPointerException: This exception is thrown when an application attempts to use an object reference that has the null value. Even though Kotlin\u0027s null safety features significantly reduce the risk of NullPointerExceptions, they can still occur either through deliberate use of the !! operator or when interacting with Java, which lacks Kotlin\u0027s null safety.\nval text: String? \u003d null\nprintln(text!!.length)  // throws a NullPointerException\nWhile all exceptions are unchecked in Kotlin, and you don\u0027t have to catch them explicitly, you still have the flexibility to catch them if desired.\n","pageTitle":"Exception classes","metaDescription":"","type":"Documentation","breadcrumbs":"Concepts///Control flow","root":0,"depth":2}