{"objectID":"_exceptions.html#exception_hierarchy","parent":"_exceptions.html#throw_exceptions","pageViews":0,"url":"https://kotlinlang.org/docs/exceptions.html#exception-hierarchy","mainTitle":"Exceptions","product":"","headings":"Exceptions,Exception hierarchy","content":"The root of the Kotlin exception hierarchy is the Throwable class. It has two direct subclasses, Error and Exception:\n- The Error subclass represents serious fundamental problems that an application might not be able to recover from by itself. These are problems that you generally would not attempt to handle, such as OutOfMemoryError or StackOverflowError.\n- The Exception subclass is used for conditions that you might want to handle. Subtypes of the Exception type, such as the RuntimeException and IOException (Input/Output Exception), deal with exceptional events in applications.\nException hierarchy - the Throwable class RuntimeException is usually caused by insufficient checks in the program code and can be prevented programmatically. Kotlin helps prevent common RuntimeExceptions like NullPointerException and provides compile-time warnings for potential runtime errors, such as division by zero. The following picture demonstrates a hierarchy of subtypes descended from RuntimeException:\nHierarchy of RuntimeExceptions ","pageTitle":"Exception hierarchy","metaDescription":"","type":"Documentation","breadcrumbs":"Concepts///Control flow","root":0,"depth":2}