{"objectID":"_extensions.html#","parent":"_extensions.html#extension_functions","pageViews":0,"url":"https://kotlinlang.org/docs/extensions.html","mainTitle":"Extensions","product":"","headings":"Extensions","content":"Kotlin provides the ability to extend a class or an interface with new functionality without having to inherit from the class or use design patterns such as Decorator. This is done via special declarations called extensions.\nFor example, you can write new functions for a class or an interface from a third-party library that you can\u0027t modify. Such functions can be called in the usual way, as if they were methods of the original class. This mechanism is called an extension function. There are also extension properties that let you define new properties for existing classes.\n","pageTitle":"Extensions","metaDescription":"","type":"Documentation","breadcrumbs":"Concepts///Classes and objects","root":0,"depth":2}