{"objectID":"_extensions.html#extensions_are_resolved_statically","parent":"_extensions.html#extension_functions","pageViews":0,"url":"https://kotlinlang.org/docs/extensions.html#extensions-are-resolved-statically","mainTitle":"Extensions","product":"","headings":"Extensions,Extensions are resolved","content":"Extensions do not actually modify the classes they extend. By defining an extension, you are not inserting new members into a class, only making new functions callable with the dot-notation on variables of this type.\nExtension functions are dispatched statically. So which extension function is called is already known at compile time based on the receiver type. For example:\nfun main() {\n//sampleStart\n    open class Shape\n    class Rectangle: Shape()\n    \n    fun Shape.getName() \u003d \"Shape\"\n    fun Rectangle.getName() \u003d \"Rectangle\"\n    \n    fun printClassName(s: Shape) {\n        println(s.getName())\n    }\n    \n    printClassName(Rectangle())\n//sampleEnd\n}\nThis example prints Shape, because the extension function called depends only on the declared type of the parameter s, which is the Shape class.\nIf a class has a member function, and an extension function is defined which has the same receiver type, the same name, and is applicable to given arguments, the member always wins. For example:\nfun main() {\n//sampleStart\n    class Example {\n        fun printFunctionType() { println(\"Class method\") }\n    }\n    \n    fun Example.printFunctionType() { println(\"Extension function\") }\n    \n    Example().printFunctionType()\n//sampleEnd\n}\nThis code prints Class method.\nHowever, it\u0027s perfectly OK for extension functions to overload member functions that have the same name but a different signature:\nfun main() {\n//sampleStart\n    class Example {\n        fun printFunctionType() { println(\"Class method\") }\n    }\n    \n    fun Example.printFunctionType(i: Int) { println(\"Extension function #$i\") }\n    \n    Example().printFunctionType(1)\n//sampleEnd\n}\n","pageTitle":"Extensions are resolved","metaDescription":"","type":"Documentation","breadcrumbs":"Concepts///Classes and objects","root":0,"depth":2}