{"objectID":"_extensions.html#declaring_extensions_as_members","parent":"_extensions.html#extension_functions","pageViews":0,"url":"https://kotlinlang.org/docs/extensions.html#declaring-extensions-as-members","mainTitle":"Extensions","product":"","headings":"Extensions,Declaring extensions as members","content":"You can declare extensions for one class inside another class. Inside such an extension, there are multiple implicit receivers - objects whose members can be accessed without a qualifier. An instance of a class in which the extension is declared is called a dispatch receiver, and an instance of the receiver type of the extension method is called an extension receiver.\nclass Host(val hostname: String) {\n    fun printHostname() { print(hostname) }\n}\n\nclass Connection(val host: Host, val port: Int) {\n    fun printPort() { print(port) }\n\n    fun Host.printConnectionString() {\n        printHostname()   // calls Host.printHostname()\n        print(\":\")\n        printPort()   // calls Connection.printPort()\n    }\n\n    fun connect() {\n        /*...*/\n        host.printConnectionString()   // calls the extension function\n    }\n}\n\nfun main() {\n    Connection(Host(\"kotl.in\"), 443).connect()\n    //Host(\"kotl.in\").printConnectionString()  // error, the extension function is unavailable outside Connection\n}\nIn the event of a name conflict between the members of a dispatch receiver and an extension receiver, the extension receiver takes precedence. To refer to the member of the dispatch receiver, you can use the qualified this syntax.\nclass Connection {\n    fun Host.getConnectionString() {\n        toString()         // calls Host.toString()\n        this@Connection.toString()  // calls Connection.toString()\n    }\n}\nExtensions declared as members can be declared as open and overridden in subclasses. This means that the dispatch of such functions is virtual with regard to the dispatch receiver type, but static with regard to the extension receiver type.\nopen class Base { }\n\nclass Derived : Base() { }\n\nopen class BaseCaller {\n    open fun Base.printFunctionInfo() {\n        println(\"Base extension function in BaseCaller\")\n    }\n\n    open fun Derived.printFunctionInfo() {\n        println(\"Derived extension function in BaseCaller\")\n    }\n\n    fun call(b: Base) {\n        b.printFunctionInfo()   // call the extension function\n    }\n}\n\nclass DerivedCaller: BaseCaller() {\n    override fun Base.printFunctionInfo() {\n        println(\"Base extension function in DerivedCaller\")\n    }\n\n    override fun Derived.printFunctionInfo() {\n        println(\"Derived extension function in DerivedCaller\")\n    }\n}\n\nfun main() {\n    BaseCaller().call(Base())   // \"Base extension function in BaseCaller\"\n    DerivedCaller().call(Base())  // \"Base extension function in DerivedCaller\" - dispatch receiver is resolved virtually\n    DerivedCaller().call(Derived())  // \"Base extension function in DerivedCaller\" - extension receiver is resolved statically\n}\n","pageTitle":"Declaring extensions as members","metaDescription":"","type":"Documentation","breadcrumbs":"Concepts///Classes and objects","root":0,"depth":2}