{"objectID":"_faq.html#is_kotlin_hard","parent":"_faq.html#what_is_kotlin","pageViews":0,"url":"https://kotlinlang.org/docs/faq.html#is-kotlin-hard","mainTitle":"FAQ","product":"","headings":"FAQ,Is Kotlin hard?","content":"Kotlin is inspired by existing languages such as Java, C#, JavaScript, Scala and Groovy. We\u0027ve tried to ensure that Kotlin is easy to learn, so that people can easily jump on board, reading and writing Kotlin in a matter of days. Learning idiomatic Kotlin and using some more of its advanced features can take a little longer, but overall it is not a complicated language.For more information, check out our learning materials.\n","pageTitle":"Is Kotlin hard?","metaDescription":"","type":"Documentation","breadcrumbs":"Other resources","root":0,"depth":1}