{"objectID":"_faq.html#any_other_online_kotlin_resources","parent":"_faq.html#what_is_kotlin","pageViews":0,"url":"https://kotlinlang.org/docs/faq.html#any-other-online-kotlin-resources","mainTitle":"FAQ","product":"","headings":"FAQ,Any other online Kotlin resources?","content":"The website has a bunch of online resources, including Kotlin Digests by community members, a newsletter, a podcast and more.\n","pageTitle":"Any other online Kotlin resources?","metaDescription":"","type":"Documentation","breadcrumbs":"Other resources","root":0,"depth":1}