{"objectID":"_faq.html#which_versions_of_jvm_does_kotlin_target","parent":"_faq.html#what_is_kotlin","pageViews":0,"url":"https://kotlinlang.org/docs/faq.html#which-versions-of-jvm-does-kotlin-target","mainTitle":"FAQ","product":"","headings":"FAQ,Which versions of JVM does Kotlin target?","content":"Kotlin lets you choose the version of JVM for execution. By default, the Kotlin/JVM compiler produces Java 8 compatible bytecode. If you want to make use of optimizations available in newer versions of Java, you can explicitly specify the target Java version from 9 to 23. Note that in this case the resulting bytecode might not run on lower versions. Starting with Kotlin 1.5, the compiler does not support producing bytecode compatible with Java versions below 8.\n","pageTitle":"Which versions of JVM does Kotlin target?","metaDescription":"","type":"Documentation","breadcrumbs":"Other resources","root":0,"depth":1}