{"objectID":"_faq.html#what_ides_support_kotlin","parent":"_faq.html#what_is_kotlin","pageViews":0,"url":"https://kotlinlang.org/docs/faq.html#what-ides-support-kotlin","mainTitle":"FAQ","product":"","headings":"FAQ,What IDEs support Kotlin?","content":"Kotlin has full out-of-the-box support in IntelliJ IDEA and Android Studio with an official Kotlin plugin developed by JetBrains.\nOther IDEs and code editors only have Kotlin community-supported plugins.\nYou can also try Kotlin Playground for writing, running, and sharing Kotlin code in your browser.\nIn addition, a command line compiler is available, which provides straightforward support for compiling and running applications.\n","pageTitle":"What IDEs support Kotlin?","metaDescription":"","type":"Documentation","breadcrumbs":"Other resources","root":0,"depth":1}