{"objectID":"_faq.html#who_develops_kotlin","parent":"_faq.html#what_is_kotlin","pageViews":0,"url":"https://kotlinlang.org/docs/faq.html#who-develops-kotlin","mainTitle":"FAQ","product":"","headings":"FAQ,Who develops Kotlin?","content":"Kotlin is developed by a team of engineers at JetBrains (current team size is 100+). The lead language designer is Michail Zarečenskij. In addition to the core team, there are also over 250 external contributors on GitHub.\n","pageTitle":"Who develops Kotlin?","metaDescription":"","type":"Documentation","breadcrumbs":"Other resources","root":0,"depth":1}