{"objectID":"_faq.html#where_can_i_learn_more_about_kotlin","parent":"_faq.html#what_is_kotlin","pageViews":0,"url":"https://kotlinlang.org/docs/faq.html#where-can-i-learn-more-about-kotlin","mainTitle":"FAQ","product":"","headings":"FAQ,Where can I learn more about Kotlin?","content":"The best place to start is our website. To start with Kotlin, you can install one of the official IDEs or try it online.\n","pageTitle":"Where can I learn more about Kotlin?","metaDescription":"","type":"Documentation","breadcrumbs":"Other resources","root":0,"depth":1}