{"objectID":"_faq.html#what_is_kotlin","parent":"_faq.html#what_is_kotlin","pageViews":0,"url":"https://kotlinlang.org/docs/faq.html#what-is-kotlin","mainTitle":"FAQ","product":"","headings":"FAQ,What is Kotlin?","content":"Kotlin is an open-source statically typed programming language that targets the JVM, Android, JavaScript, Wasm, and Native. It\u0027s developed by JetBrains. The project started in 2010 and was open source from very early on. The first official 1.0 release was in February 2016.\n","pageTitle":"What is Kotlin?","metaDescription":"","type":"Documentation","breadcrumbs":"Other resources","root":0,"depth":1}