{"objectID":"_faq.html#can_i_use_kotlin_for_desktop_development","parent":"_faq.html#what_is_kotlin","pageViews":0,"url":"https://kotlinlang.org/docs/faq.html#can-i-use-kotlin-for-desktop-development","mainTitle":"FAQ","product":"","headings":"FAQ,Can I use Kotlin for desktop development?","content":"Yes. You can use any Java UI framework such as JavaFx, Swing or other. In addition, there are Kotlin-specific frameworks such as TornadoFX.\n","pageTitle":"Can I use Kotlin for desktop development?","metaDescription":"","type":"Documentation","breadcrumbs":"Other resources","root":0,"depth":1}