{"objectID":"_functions.html#function_usage","parent":"_functions.html#function_usage","pageViews":0,"url":"https://kotlinlang.org/docs/functions.html#function-usage","mainTitle":"Functions","product":"","headings":"Functions,Function usage","content":"Functions are called using the standard approach:\nval result \u003d double(2)\nCalling member functions uses dot notation:\nStream().read() // create instance of class Stream and call read()\n","pageTitle":"Function usage","metaDescription":"","type":"Documentation","breadcrumbs":"Concepts///Functions","root":0,"depth":2}