{"objectID":"_functions.html#function_scope","parent":"_functions.html#function_usage","pageViews":0,"url":"https://kotlinlang.org/docs/functions.html#function-scope","mainTitle":"Functions","product":"","headings":"Functions,Function scope","content":"Kotlin functions can be declared at the top level in a file, meaning you do not need to create a class to hold a function, which you are required to do in languages such as Java, C#, and Scala (top level definition is available since Scala 3). In addition to top level functions, Kotlin functions can also be declared locally as member functions and extension functions.\n","pageTitle":"Function scope","metaDescription":"","type":"Documentation","breadcrumbs":"Concepts///Functions","root":0,"depth":2}