{"objectID":"_functions.html#generic_functions","parent":"_functions.html#function_usage","pageViews":0,"url":"https://kotlinlang.org/docs/functions.html#generic-functions","mainTitle":"Functions","product":"","headings":"Functions,Generic functions","content":"Functions can have generic parameters, which are specified using angle brackets before the function name:\nfun \u0026lt;T\u0026gt; singletonList(item: T): List\u0026lt;T\u0026gt; { /*...*/ }\nFor more information on generic functions, see Generics.\n","pageTitle":"Generic functions","metaDescription":"","type":"Documentation","breadcrumbs":"Concepts///Functions","root":0,"depth":2}