{"objectID":"_generics.html#declaration_site_variance","parent":"_generics.html#variance","pageViews":0,"url":"https://kotlinlang.org/docs/generics.html#declaration-site-variance","mainTitle":"Generics: in, out, where","product":"","headings":"Generics: in, out, where,Declaration-site variance","content":"Let\u0027s suppose that there is a generic interface Source\u0026lt;T\u0026gt; that does not have any methods that take T as a parameter, only methods that return T:\n// Java\ninterface Source\u0026lt;T\u0026gt; {\n    T nextT();\n}\nThen, it would be perfectly safe to store a reference to an instance of Source\u0026lt;String\u0026gt; in a variable of type Source\u0026lt;Object\u0026gt; - there are no consumer-methods to call. But Java does not know this, and still prohibits it:\n// Java\nvoid demo(Source\u0026lt;String\u0026gt; strs) {\n    Source\u0026lt;Object\u0026gt; objects \u003d strs; // !!! Not allowed in Java\n    // ...\n}\nTo fix this, you should declare objects of type Source\u0026lt;? extends Object\u0026gt;. Doing so is meaningless, because you can call all the same methods on such a variable as before, so there\u0027s no value added by the more complex type. But the compiler does not know that.\nIn Kotlin, there is a way to explain this sort of thing to the compiler. This is called declaration-site variance: you can annotate the type parameter T of Source to make sure that it is only returned (produced) from members of Source\u0026lt;T\u0026gt;, and never consumed. To do this, use the out modifier:\ninterface Source\u0026lt;out T\u0026gt; {\n    fun nextT(): T\n}\n\nfun demo(strs: Source\u0026lt;String\u0026gt;) {\n    val objects: Source\u0026lt;Any\u0026gt; \u003d strs // This is OK, since T is an out-parameter\n    // ...\n}\nThe general rule is this: when a type parameter T of a class C is declared out, it may occur only in the out-position in the members of C, but in return C\u0026lt;Base\u0026gt; can safely be a supertype of C\u0026lt;Derived\u0026gt;.\nIn other words, you can say that the class C is covariant in the parameter T, or that T is a covariant type parameter. You can think of C as being a producer of T\u0027s, and NOT a consumer of T\u0027s.\nThe out modifier is called a variance annotation, and since it is provided at the type parameter declaration site, it provides declaration-site variance. This is in contrast with Java\u0027s use-site variance where wildcards in the type usages make the types covariant.\nIn addition to out, Kotlin provides a complementary variance annotation: in. It makes a type parameter contravariant, meaning it can only be consumed and never produced. A good example of a contravariant type is Comparable:\ninterface Comparable\u0026lt;in T\u0026gt; {\n    operator fun compareTo(other: T): Int\n}\n\nfun demo(x: Comparable\u0026lt;Number\u0026gt;) {\n    x.compareTo(1.0) // 1.0 has type Double, which is a subtype of Number\n    // Thus, you can assign x to a variable of type Comparable\u0026lt;Double\u0026gt;\n    val y: Comparable\u0026lt;Double\u0026gt; \u003d x // OK!\n}\nThe words in and out seem to be self-explanatory (as they\u0027ve already been used successfully in C# for quite some time), and so the mnemonic mentioned above is not really needed. It can in fact be rephrased at a higher level of abstraction:\nThe Existential Transformation: Consumer in, Producer out! :-)\n","pageTitle":"Declaration-site variance","metaDescription":"","type":"Documentation","breadcrumbs":"Concepts///Classes and objects","root":0,"depth":2}