{"objectID":"_generics.html#generic_constraints","parent":"_generics.html#variance","pageViews":0,"url":"https://kotlinlang.org/docs/generics.html#generic-constraints","mainTitle":"Generics: in, out, where","product":"","headings":"Generics: in, out, where,Generic constraints","content":"The set of all possible types that can be substituted for a given type parameter may be restricted by generic constraints.\n","pageTitle":"Generic constraints","metaDescription":"","type":"Documentation","breadcrumbs":"Concepts///Classes and objects","root":0,"depth":2}