{"objectID":"_generics.html#upper_bounds","parent":"_generics.html#variance","pageViews":0,"url":"https://kotlinlang.org/docs/generics.html#upper-bounds","mainTitle":"Generics: in, out, where","product":"","headings":"Generics: in, out, where,Upper bounds","content":"The most common type of constraint is an upper bound, which corresponds to Java\u0027s extends keyword:\nfun \u0026lt;T : Comparable\u0026lt;T\u0026gt;\u0026gt; sort(list: List\u0026lt;T\u0026gt;) {  ... }\nThe type specified after a colon is the upper bound, indicating that only a subtype of Comparable\u0026lt;T\u0026gt; can be substituted for T. For example:\nsort(listOf(1, 2, 3)) // OK. Int is a subtype of Comparable\u0026lt;Int\u0026gt;\nsort(listOf(HashMap\u0026lt;Int, String\u0026gt;())) // Error: HashMap\u0026lt;Int, String\u0026gt; is not a subtype of Comparable\u0026lt;HashMap\u0026lt;Int, String\u0026gt;\u0026gt;\nThe default upper bound (if there was none specified) is Any?. Only one upper bound can be specified inside the angle brackets. If the same type parameter needs more than one upper bound, you need a separate where-clause:\nfun \u0026lt;T\u0026gt; copyWhenGreater(list: List\u0026lt;T\u0026gt;, threshold: T): List\u0026lt;String\u0026gt;\n    where T : CharSequence,\n          T : Comparable\u0026lt;T\u0026gt; {\n    return list.filter { it \u0026gt; threshold }.map { it.toString() }\n}\nThe passed type must satisfy all conditions of the where clause simultaneously. In the above example, the T type must implement both CharSequence and Comparable.\n","pageTitle":"Upper bounds","metaDescription":"","type":"Documentation","breadcrumbs":"Concepts///Classes and objects","root":0,"depth":2}