{"objectID":"_generics.html#variance_and_wildcards_in_java","parent":"_generics.html#variance","pageViews":0,"url":"https://kotlinlang.org/docs/generics.html#variance-and-wildcards-in-java","mainTitle":"Generics: in, out, where","product":"","headings":"Generics: in, out, where,Variance and wildcards in Java","content":"Let\u0027s think about why Java needs these mysterious wildcards. First, generic types in Java are invariant, meaning that List\u0026lt;String\u0026gt; is not a subtype of List\u0026lt;Object\u0026gt;. If List were not invariant, it would have been no better than Java\u0027s arrays, as the following code would have compiled but caused an exception at runtime:\n// Java\nList\u0026lt;String\u0026gt; strs \u003d new ArrayList\u0026lt;String\u0026gt;();\n\n// Java reports a type mismatch here at compile-time.\nList\u0026lt;Object\u0026gt; objs \u003d strs;\n\n// What if it didn\u0027t?\n// We would be able to put an Integer into a list of Strings.\nobjs.add(1);\n\n// And then at runtime, Java would throw\n// a ClassCastException: Integer cannot be cast to String\nString s \u003d strs.get(0); \nJava prohibits such things to guarantee runtime safety. But this has implications. For example, consider the addAll() method from the Collection interface. What\u0027s the signature of this method? Intuitively, you\u0027d write it this way:\n// Java\ninterface Collection\u0026lt;E\u0026gt; ... {\n    void addAll(Collection\u0026lt;E\u0026gt; items);\n}\nBut then, you would not be able to do the following (which is perfectly safe):\n// Java\n\n// The following would not compile with the naive declaration of addAll:\n// Collection\u0026lt;String\u0026gt; is not a subtype of Collection\u0026lt;Object\u0026gt;\nvoid copyAll(Collection\u0026lt;Object\u0026gt; to, Collection\u0026lt;String\u0026gt; from) {\n    to.addAll(from);\n}\nThat\u0027s why the actual signature of addAll() is the following:\n// Java\ninterface Collection\u0026lt;E\u0026gt; ... {\n    void addAll(Collection\u0026lt;? extends E\u0026gt; items);\n}\nThe wildcard type argument ? extends E indicates that this method accepts a collection of objects of E or a subtype of E, not just E itself. This means that you can safely read E\u0027s from items (elements of this collection are instances of a subclass of E), but cannot write to it as you don\u0027t know what objects comply with that unknown subtype of E. In return for this limitation, you get the desired behavior: Collection\u0026lt;String\u0026gt; is a subtype of Collection\u0026lt;? extends Object\u0026gt;. In other words, the wildcard with an extends-bound (upper bound) makes the type covariant.\nThe key to understanding why this works is rather simple: if you can only take items from a collection, then using a collection of Strings and reading Objects from it is fine. Conversely, if you can only put items into the collection, it\u0027s okay to take a collection of Objects and put Strings into it: in Java there is List\u0026lt;? super String\u0026gt;, which accepts Strings or any of its supertypes.\nThe latter is called contravariance, and you can only call methods that take String as an argument on List\u0026lt;? super String\u0026gt; (for example, you can call add(String) or set(int, String)). If you call something that returns T in List\u0026lt;T\u0026gt;, you don\u0027t get a String, but rather an Object.\nJoshua Bloch, in his book Effective Java, 3rd Edition, explains the problem well (Item 31: \u0026quot;Use bounded wildcards to increase API flexibility\u0026quot;). He gives the name Producers to objects you only read from and Consumers to those you only write to. He recommends:\n\u0026quot;For maximum flexibility, use wildcard types on input parameters that represent producers or consumers.\u0026quot;\nHe then proposes the following mnemonic: PECS stands for Producer-Extends, Consumer-Super.\nIf you use a producer-object, say, List\u0026lt;? extends Foo\u0026gt;, you are not allowed to call add() or set() on this object, but this does not mean that it is immutable: for example, nothing prevents you from calling clear() to remove all the items from the list, since clear() does not take any parameters at all.\nThe only thing guaranteed by wildcards (or other types of variance) is type safety. Immutability is a completely different story.\n","pageTitle":"Variance and wildcards in Java","metaDescription":"","type":"Documentation","breadcrumbs":"Concepts///Classes and objects","root":0,"depth":2}