{"objectID":"_generics.html#","parent":"_generics.html#variance","pageViews":0,"url":"https://kotlinlang.org/docs/generics.html","mainTitle":"Generics: in, out, where","product":"","headings":"Generics: in, out, where","content":"Classes in Kotlin can have type parameters, just like in Java:\nclass Box\u0026lt;T\u0026gt;(t: T) {\n    var value \u003d t\n}\nTo create an instance of such a class, simply provide the type arguments:\nval box: Box\u0026lt;Int\u0026gt; \u003d Box\u0026lt;Int\u0026gt;(1)\nBut if the parameters can be inferred, for example, from the constructor arguments, you can omit the type arguments:\nval box \u003d Box(1) // 1 has type Int, so the compiler figures out that it is Box\u0026lt;Int\u0026gt;\n","pageTitle":"Generics: in, out, where","metaDescription":"","type":"Documentation","breadcrumbs":"Concepts///Classes and objects","root":0,"depth":2}