{"objectID":"_get_started_with_kotlin_notebooks.html#next_step","parent":"_get_started_with_kotlin_notebooks.html#next_step","pageViews":0,"url":"https://kotlinlang.org/docs/get-started-with-kotlin-notebooks.html#next-step","mainTitle":"Get started with Kotlin Notebook","product":"","headings":"Get started with Kotlin Notebook,Next step","content":"Start by setting up an environment for working with Kotlin Notebook:\nProceed to the next part\n","pageTitle":"Next step","metaDescription":"","type":"Documentation","breadcrumbs":"Data analysis///Get started with Kotlin Notebook","root":0,"depth":2}