{"objectID":"_get_started_with_jvm_gradle_project.html#specify_a_gradle_version_for_your_project","parent":"_get_started_with_jvm_gradle_project.html#create_a_project","pageViews":0,"url":"https://kotlinlang.org/docs/get-started-with-jvm-gradle-project.html#specify-a-gradle-version-for-your-project","mainTitle":"Get started with Gradle and Kotlin/JVM","product":"","headings":"Get started with Gradle and Kotlin/JVM,Specify a Gradle version for your project","content":"You can explicitly specify a Gradle version for your project under the Advanced Settings section, either by using the Gradle Wrapper or a local installation of Gradle:\n- Gradle Wrapper:\n2. From the Gradle distribution list, select Wrapper.\n4. Disable the Auto-select checkbox.\n6. From the Gradle version list, select your Gradle version.\n- Local installation:\n2. From the Gradle distribution list, select Local installation.\n4. For Gradle location, specify the path of your local Gradle version.\nAdvanced settings ","pageTitle":"Specify a Gradle version for your project","metaDescription":"","type":"Documentation","breadcrumbs":"Tools///Build tools///Gradle","root":0,"depth":3}