{"objectID":"_getting_started.html#choose_your_kotlin_use_case","parent":"_getting_started.html#install_kotlin","pageViews":0,"url":"https://kotlinlang.org/docs/getting-started.html#choose-your-kotlin-use-case","mainTitle":"Get started with Kotlin","product":"","headings":"Get started with Kotlin,Choose your Kotlin use case","content":"\u003cb\u003eConsole\u003c/b\u003e Here you\u0027ll learn how to develop a console application and create unit tests with Kotlin.\n2. Create a basic JVM application with the IntelliJ IDEA project wizard.\n4. Write your first unit test.\n\u003cb\u003eBackend\u003c/b\u003e Here you\u0027ll learn how to develop a backend application with Kotlin server-side.\n2. Create your first backend application:\n- Create a RESTful web service with Spring Boot\n- Create HTTP APIs with Ktor\n4. Learn how to mix Kotlin and Java code in your application.\n\u003cb\u003eCross-platform\u003c/b\u003e Here you\u0027ll learn how to develop a cross-platform application using Kotlin Multiplatform.\n2. Set up your environment for cross-platform development.\n4. Create your first application for iOS and Android:\n- Create a cross-platform application from scratch and:\n- Share business logic while keeping the UI native\n- Share business logic and UI\n- Make your existing Android application work on iOS\n- Create a cross-platform application using Ktor and SQLdelight\n6. Explore sample projects.\n\u003cb\u003eAndroid\u003c/b\u003e To start using Kotlin for Android development, read Google\u0027s recommendation for getting started with Kotlin on Android.\n\u003cb\u003eData analysis\u003c/b\u003e From building data pipelines to productionizing machine learning models, Kotlin is a great choice for working with data and getting the most out of it.\n2. Create and edit notebooks seamlessly within the IDE:\n- Get started with Kotlin Notebook\n4. Explore and experiment with your data:\n- DataFrame – a library for data analysis and manipulation.\n- Kandy – a plotting tool for data visualization.\n6. Follow Kotlin for Data Analysis on Twitter: KotlinForData.\n","pageTitle":"Choose your Kotlin use case","metaDescription":"","type":"Documentation","breadcrumbs":"","root":0,"depth":0}