{"objectID":"_gradle_compiler_options.html#target_javascript","parent":"_gradle_compiler_options.html#how_to_define_options","pageViews":0,"url":"https://kotlinlang.org/docs/gradle-compiler-options.html#target-javascript","mainTitle":"Compiler options in the Kotlin Gradle plugin","product":"","headings":"Compiler options in the Kotlin Gradle plugin,Target JavaScript","content":"JavaScript compilation tasks are called compileKotlinJs for production code, compileTestKotlinJs for test code, and compile\u0026lt;Name\u0026gt;KotlinJs for custom source sets.\nTo configure a single task, use its name:\n\u003cb\u003eKotlin\u003c/b\u003e import org.jetbrains.kotlin.gradle.tasks.KotlinCompilationTask\n// ...\n\nval compileKotlin: KotlinCompilationTask\u0026lt;*\u0026gt; by tasks\n\ncompileKotlin.compilerOptions.suppressWarnings.set(true)\n\u003cb\u003eGroovy\u003c/b\u003e import org.jetbrains.kotlin.gradle.tasks.KotlinCompilationTask\n// ...\n\ntasks.named(\u0027compileKotlin\u0027, KotlinCompilationTask) {\n    compilerOptions {\n        suppressWarnings \u003d true\n    }\n}\nNote that with the Gradle Kotlin DSL, you should get the task from the project\u0027s tasks first.\nUse the Kotlin2JsCompile and KotlinCompileCommon types for JS and common targets, respectively.\nYou can see the list of JavaScript compilation tasks by running the gradlew tasks --all command in the terminal and searching for compile*KotlinJS task names in the Other tasks group.\n","pageTitle":"Target JavaScript","metaDescription":"","type":"Documentation","breadcrumbs":"Tools///Build tools///Gradle","root":0,"depth":3}