{"objectID":"_gradle_configure_project.html#targeting_the_jvm","parent":"_gradle_configure_project.html#apply_the_plugin","pageViews":0,"url":"https://kotlinlang.org/docs/gradle-configure-project.html#targeting-the-jvm","mainTitle":"Configure a Gradle project","product":"","headings":"Configure a Gradle project,Targeting the JVM","content":"To target the JVM, apply the Kotlin JVM plugin.\n\u003cb\u003eKotlin\u003c/b\u003e plugins {\n    kotlin(\"jvm\") version \"2.2.0\"\n}\n\u003cb\u003eGroovy\u003c/b\u003e plugins {\n    id \"org.jetbrains.kotlin.jvm\" version \"2.2.0\"\n}\nThe version should be literal in this block, and it cannot be applied from another build script.\n","pageTitle":"Targeting the JVM","metaDescription":"","type":"Documentation","breadcrumbs":"Tools///Build tools///Gradle","root":0,"depth":3}