{"objectID":"_gradle_compiler_options.html#centralize_compiler_options_and_use_types","parent":"_gradle_compiler_options.html#how_to_define_options","pageViews":0,"url":"https://kotlinlang.org/docs/gradle-compiler-options.html#centralize-compiler-options-and-use-types","mainTitle":"Compiler options in the Kotlin Gradle plugin","product":"","headings":"Compiler options in the Kotlin Gradle plugin,Centralize compiler options and use types","content":"Whenever possible, configure compiler options at the extension level, and override them for specific tasks at the compilation unit level.\nYou can\u0027t use raw strings in the compilerOptions {} block, so convert them to typed values. For example, if you have:\n\u003cb\u003eKotlin\u003c/b\u003e plugins {\n    kotlin(\"jvm\") version \"2.2.0\"\n}\n\ntasks.withType\u0026lt;KotlinCompile\u0026gt;().configureEach {\n    kotlinOptions {\n        jvmTarget \u003d \"17\"\n        languageVersion \u003d \"2.1\"\n        apiVersion \u003d \"2.1\"\n    }\n}\n\u003cb\u003eGroovy\u003c/b\u003e plugins {\n    id \u0027org.jetbrains.kotlin.jvm\u0027 version \u00272.2.0\u0027\n}\n\ntasks.withType(KotlinCompile).configureEach {\n    kotlinOptions {\n        jvmTarget \u003d \u002717\u0027\n        languageVersion \u003d \u00272.1\u0027\n        apiVersion \u003d \u00272.1\u0027\n    }\n}\nAfter migration, it should be:\n\u003cb\u003eKotlin\u003c/b\u003e plugins {\n    kotlin(\"jvm\") version \"2.2.0\"\n}\n\nkotlin {\n    // Extension level\n    compilerOptions {\n        jvmTarget \u003d JvmTarget.fromTarget(\"17\")\n        languageVersion \u003d KotlinVersion.fromVersion(\"2.1\")\n        apiVersion \u003d KotlinVersion.fromVersion(\"2.1\")\n    }\n}\n\n// Example of overriding at compilation unit level\ntasks.named\u0026lt;KotlinJvmCompile\u0026gt;(\"compileKotlin\"){\n    compilerOptions {\n        apiVersion \u003d KotlinVersion.fromVersion(\"2.1\")\n    }\n}\n\u003cb\u003eGroovy\u003c/b\u003e plugins {\n    id \u0027org.jetbrains.kotlin.jvm\u0027 version \u00272.2.0\u0027\n}\n\nkotlin {\n  // Extension level\n    compilerOptions {\n        jvmTarget \u003d JvmTarget.fromTarget(\"17\")\n        languageVersion \u003d KotlinVersion.fromVersion(\"2.1\")\n        apiVersion \u003d KotlinVersion.fromVersion(\"2.1\")\n    }\n}\n\n// Example of overriding at compilation unit level\ntasks.named(\"compileKotlin\", KotlinJvmCompile).configure {\n    compilerOptions {\n        apiVersion \u003d KotlinVersion.fromVersion(\"2.1\")\n    }\n}\n","pageTitle":"Centralize compiler options and use types","metaDescription":"","type":"Documentation","breadcrumbs":"Tools///Build tools///Gradle","root":0,"depth":3}