{"objectID":"_gradle_best_practices.html#optimize","parent":"_gradle_best_practices.html#organize","pageViews":0,"url":"https://kotlinlang.org/docs/gradle-best-practices.html#optimize","mainTitle":"Gradle best practices","product":"","headings":"Gradle best practices,Optimize","content":"This section provides strategies to enhance the performance and efficiency of your Gradle builds.\n","pageTitle":"Optimize","metaDescription":"","type":"Documentation","breadcrumbs":"Tools///Build tools///Gradle","root":0,"depth":3}