{"objectID":"_gradle_compiler_options.html#how_to_define_options","parent":"_gradle_compiler_options.html#how_to_define_options","pageViews":0,"url":"https://kotlinlang.org/docs/gradle-compiler-options.html#how-to-define-options","mainTitle":"Compiler options in the Kotlin Gradle plugin","product":"","headings":"Compiler options in the Kotlin Gradle plugin,How to define options","content":"Kotlin compilers have a number of options for tailoring the compiling process.\nThe Gradle DSL allows comprehensive configuration of compiler options. It is available for Kotlin Multiplatform and JVM/Android projects.\nWith the Gradle DSL, you can configure compiler options within the build script at three levels:\n- Extension level, in the kotlin {} block for all targets and shared source sets.\n- Target level, in the block for a specific target.\n- Compilation unit level, usually in a specific compilation task.\nKotlin compiler options levels The settings at a higher level are used as a convention (default) for a lower level:\n- Compiler options set at the extension level are the default for target-level options, including shared source sets like commonMain, nativeMain, and commonTest.\n- Compiler options set at the target level are the default for options at the compilation unit (task) level, like compileKotlinJvm and compileTestKotlinJvm tasks.\nIn turn, configurations made at a lower level override related settings at a higher level:\n- Task-level compiler options override related configurations at the target or the extension level.\n- Target-level compiler options override related configurations at the extension level.\nTo find out which level of compiler arguments is applied to the compilation, use the DEBUG level of Gradle logging. For JVM and JS/WASM tasks, search for the \u0026quot;Kotlin compiler args:\u0026quot; string within the logs; for Native tasks, search for the \u0026quot;Arguments \u003d\u0026quot; string.\nIf you\u0027re a third-party plugin author, it\u0027s best to apply your configuration on the project level to avoid overriding issues. You can use the new Kotlin plugin DSL extension types for this. It\u0027s recommended that you document this configuration on your side explicitly.\n","pageTitle":"How to define options","metaDescription":"","type":"Documentation","breadcrumbs":"Tools///Build tools///Gradle","root":0,"depth":3}