{"objectID":"_gradle_compiler_options.html#attributes_common_to_jvm_and_javascript","parent":"_gradle_compiler_options.html#how_to_define_options","pageViews":0,"url":"https://kotlinlang.org/docs/gradle-compiler-options.html#attributes-common-to-jvm-and-javascript","mainTitle":"Compiler options in the Kotlin Gradle plugin","product":"","headings":"Compiler options in the Kotlin Gradle plugin,Attributes common to JVM and JavaScript","content":"Name Description Possible values Default value\nallWarningsAsErrors Report an error if there are any warnings false\nsuppressWarnings Don\u0027t generate warnings false\nverbose Enable verbose logging output. Works only when the Gradle debug log level enabled false\nfreeCompilerArgs A list of additional compiler arguments. You can use experimental -X arguments here too. See an example []\napiVersion Restrict the use of declarations to those from the specified version of bundled libraries \u0026quot;1.8\u0026quot;, \u0026quot;1.9\u0026quot;, \u0026quot;2.0\u0026quot;, \u0026quot;2.1\u0026quot;, \u0026quot;2.2\u0026quot; (EXPERIMENTAL)\nlanguageVersion Provide source compatibility with the specified version of Kotlin \u0026quot;1.8\u0026quot;, \u0026quot;1.9\u0026quot;, \u0026quot;2.0\u0026quot;, \u0026quot;2.1\u0026quot;, \u0026quot;2.2\u0026quot; (EXPERIMENTAL)\nWe are going to deprecate the attribute freeCompilerArgs in future releases. If you miss some option in the Kotlin Gradle DSL, please, file an issue.\n","pageTitle":"Attributes common to JVM and JavaScript","metaDescription":"","type":"Documentation","breadcrumbs":"Tools///Build tools///Gradle","root":0,"depth":3}