{"objectID":"_gradle_configure_project.html#gradle_java_toolchains_support","parent":"_gradle_configure_project.html#apply_the_plugin","pageViews":0,"url":"https://kotlinlang.org/docs/gradle-configure-project.html#gradle-java-toolchains-support","mainTitle":"Configure a Gradle project","product":"","headings":"Configure a Gradle project,Gradle Java toolchains support","content":"A warning for Android users. To use Gradle toolchain support, use the Android Gradle plugin (AGP) version 8.1.0-alpha09 or higher.\nGradle Java toolchain support is available only from AGP 7.4.0. Nevertheless, because of this issue, AGP did not set targetCompatibility to be equal to the toolchain\u0027s JDK until the version 8.1.0-alpha09. If you use versions less than 8.1.0-alpha09, you need to configure targetCompatibility manually via compileOptions. Replace the placeholder \u0026lt;MAJOR_JDK_VERSION\u0026gt; with the JDK version you would like to use:\nandroid {\n    compileOptions {\n        sourceCompatibility \u003d \u0026lt;MAJOR_JDK_VERSION\u0026gt;\n        targetCompatibility \u003d \u0026lt;MAJOR_JDK_VERSION\u0026gt;\n    }\n}\nGradle 6.7 introduced Java toolchains support. Using this feature, you can:\n- Use a JDK and a JRE that are different from the ones in Gradle to run compilations, tests, and executables.\n- Compile and test code with a not-yet-released language version.\nWith toolchains support, Gradle can autodetect local JDKs and install missing JDKs that Gradle requires for the build. Now Gradle itself can run on any JDK and still reuse the remote build cache feature for tasks that depend on a major JDK version.\nThe Kotlin Gradle plugin supports Java toolchains for Kotlin/JVM compilation tasks. JS and Native tasks don\u0027t use toolchains. The Kotlin compiler always runs on the JDK the Gradle daemon is running on. A Java toolchain:\n- Sets the -jdk-home option available for JVM targets.\n- Sets the compilerOptions.jvmTarget to the toolchain\u0027s JDK version if the user doesn\u0027t set the jvmTarget option explicitly. If the user doesn\u0027t configure the toolchain, the jvmTarget field uses the default value. Learn more about JVM target compatibility.\n- Sets the toolchain to be used by any Java compile, test and javadoc tasks.\n- Affects which JDK kapt workers are running on.\nUse the following code to set a toolchain. Replace the placeholder \u0026lt;MAJOR_JDK_VERSION\u0026gt; with the JDK version you would like to use:\n\u003cb\u003eKotlin\u003c/b\u003e kotlin {\n    jvmToolchain {\n        languageVersion.set(JavaLanguageVersion.of(\u0026lt;MAJOR_JDK_VERSION\u0026gt;))\n    }\n    // Or shorter:\n    jvmToolchain(\u0026lt;MAJOR_JDK_VERSION\u0026gt;)\n    // For example:\n    jvmToolchain(17)\n}\n\u003cb\u003eGroovy\u003c/b\u003e kotlin {\n    jvmToolchain {\n        languageVersion \u003d JavaLanguageVersion.of(\u0026lt;MAJOR_JDK_VERSION\u0026gt;)\n    }\n    // Or shorter:\n    jvmToolchain(\u0026lt;MAJOR_JDK_VERSION\u0026gt;)\n    // For example:\n    jvmToolchain(17)\n}\nNote that setting a toolchain via the kotlin extension updates the toolchain for Java compile tasks as well.\nYou can set a toolchain via the java extension, and Kotlin compilation tasks will use it:\n\u003cb\u003eKotlin\u003c/b\u003e java {\n    toolchain {\n        languageVersion.set(JavaLanguageVersion.of(\u0026lt;MAJOR_JDK_VERSION\u0026gt;)) \n    }\n}\n\u003cb\u003eGroovy\u003c/b\u003e java {\n    toolchain {\n        languageVersion \u003d JavaLanguageVersion.of(\u0026lt;MAJOR_JDK_VERSION\u0026gt;)\n    }\n}\nIf you use Gradle 8.0.2 or higher, you also need to add a toolchain resolver plugin. This type of plugin manages which repositories to download a toolchain from. As an example, add to your settings.gradle(.kts) the following plugin:\n\u003cb\u003eKotlin\u003c/b\u003e plugins {\n    id(\"org.gradle.toolchains.foojay-resolver-convention\") version(\"0.9.0\")\n}\n\u003cb\u003eGroovy\u003c/b\u003e plugins {\n    id \u0027org.gradle.toolchains.foojay-resolver-convention\u0027 version \u00270.9.0\u0027\n}\nCheck that the version of foojay-resolver-convention corresponds to your Gradle version on the Gradle site.\nTo understand which toolchain Gradle uses, run your Gradle build with the log level --info and find a string in the output starting with [KOTLIN] Kotlin compilation \u0027jdkHome\u0027 argument:. The part after the colon will be the JDK version from the toolchain.\nTo set any JDK (even local) for a specific task, use the Task DSL.\nLearn more about Gradle JVM toolchain support in the Kotlin plugin.\n","pageTitle":"Gradle Java toolchains support","metaDescription":"","type":"Documentation","breadcrumbs":"Tools///Build tools///Gradle","root":0,"depth":3}