{"objectID":"_gradle_compilation_and_caches.html#kotlin_extension","parent":"_gradle_compilation_and_caches.html#incremental_compilation","pageViews":0,"url":"https://kotlinlang.org/docs/gradle-compilation-and-caches.html#kotlin-extension","mainTitle":"Compilation and caches in the Kotlin Gradle plugin","product":"","headings":"Compilation and caches in the Kotlin Gradle plugin,kotlin extension","content":"You can specify arguments in the kotlin extension:\n\u003cb\u003eKotlin\u003c/b\u003e kotlin {\n    kotlinDaemonJvmArgs \u003d listOf(\"-Xmx486m\", \"-Xms256m\", \"-XX:+UseParallelGC\")\n}\n\u003cb\u003eGroovy\u003c/b\u003e kotlin {\n    kotlinDaemonJvmArgs \u003d [\"-Xmx486m\", \"-Xms256m\", \"-XX:+UseParallelGC\"]\n}\n","pageTitle":"kotlin extension","metaDescription":"","type":"Documentation","breadcrumbs":"Tools///Build tools///Gradle","root":0,"depth":3}