{"objectID":"_gradle_configure_project.html#","parent":"_gradle_configure_project.html#apply_the_plugin","pageViews":0,"url":"https://kotlinlang.org/docs/gradle-configure-project.html","mainTitle":"Configure a Gradle project","product":"","headings":"Configure a Gradle project","content":"To build a Kotlin project with Gradle, you need to add the Kotlin Gradle plugin to your build script file build.gradle(.kts) and configure the project\u0027s dependencies there.\nTo learn more about the contents of a build script, visit the Explore the build script section.\n","pageTitle":"Configure a Gradle project","metaDescription":"","type":"Documentation","breadcrumbs":"Tools///Build tools///Gradle","root":0,"depth":3}