{"objectID":"_gradle_compiler_options.html#migrate_freecompilerargs","parent":"_gradle_compiler_options.html#how_to_define_options","pageViews":0,"url":"https://kotlinlang.org/docs/gradle-compiler-options.html#migrate-freecompilerargs","mainTitle":"Compiler options in the Kotlin Gradle plugin","product":"","headings":"Compiler options in the Kotlin Gradle plugin,Migrate","content":"- Replace all +\u003d operations with add() or addAll() functions.\n- If you use the -opt-in compiler option, check whether a specialized DSL already is available in the KGP API reference and use that instead.\n- Migrate any use of the -progressive compiler option to use the dedicated DSL: progressiveMode.set(true).\n- Migrate any use of the -Xjvm-default compiler option to use the dedicated DSL: jvmDefault.set(). Use the following mapping for the options:\nBefore After\n-Xjvm-default\u003dall-compatibility jvmDefault.set(JvmDefaultMode.ENABLE)\n-Xjvm-default\u003dall jvmDefault.set(JvmDefaultMode.NO_COMPATIBILITY)\n-Xjvm-default\u003ddisable jvmDefault.set(JvmDefaultMode.DISABLE)\nFor example, if you have:\n\u003cb\u003eKotlin\u003c/b\u003e kotlinOptions {\n    freeCompilerArgs +\u003d \"-opt-in\u003dkotlin.RequiresOptIn\"\n    freeCompilerArgs +\u003d listOf(\"-Xcontext-receivers\", \"-Xinline-classes\", \"-progressive\", \"-Xjvm-default\u003dall\")\n}\n\u003cb\u003eGroovy\u003c/b\u003e kotlinOptions {\n    freeCompilerArgs +\u003d \"-opt-in\u003dkotlin.RequiresOptIn\"\n    freeCompilerArgs +\u003d [\"-Xcontext-receivers\", \"-Xinline-classes\", \"-progressive\", \"-Xjvm-default\u003dall\"]\n}\nMigrate to:\n\u003cb\u003eKotlin\u003c/b\u003e kotlin {\n    compilerOptions {\n        optIn.add(\"kotlin.RequiresOptIn\")\n        freeCompilerArgs.addAll(listOf(\"-Xcontext-receivers\", \"-Xinline-classes\"))\n        progressiveMode.set(true)\n        jvmDefault.set(JvmDefaultMode.NO_COMPATIBILITY)\n    }\n}\n\u003cb\u003eGroovy\u003c/b\u003e kotlin {\n    compilerOptions {\n        optIn.add(\"kotlin.RequiresOptIn\")\n        freeCompilerArgs.addAll([\"-Xcontext-receivers\", \"-Xinline-classes\"])\n        progressiveMode.set(true)\n        jvmDefault.set(JvmDefaultMode.NO_COMPATIBILITY)\n    }\n}\n","pageTitle":"Migrate","metaDescription":"","type":"Documentation","breadcrumbs":"Tools///Build tools///Gradle","root":0,"depth":3}