{"objectID":"_gradle_configure_project.html#set_jdk_version_with_the_task_dsl","parent":"_gradle_configure_project.html#apply_the_plugin","pageViews":0,"url":"https://kotlinlang.org/docs/gradle-configure-project.html#set-jdk-version-with-the-task-dsl","mainTitle":"Configure a Gradle project","product":"","headings":"Configure a Gradle project,Set JDK version with the Task DSL","content":"The Task DSL allows setting any JDK version for any task implementing the UsesKotlinJavaToolchain interface. At the moment, these tasks are KotlinCompile and KaptTask. If you want Gradle to search for the major JDK version, replace the \u0026lt;MAJOR_JDK_VERSION\u0026gt; placeholder in your build script:\n\u003cb\u003eKotlin\u003c/b\u003e val service \u003d project.extensions.getByType\u0026lt;JavaToolchainService\u0026gt;()\nval customLauncher \u003d service.launcherFor {\n    languageVersion.set(JavaLanguageVersion.of(\u0026lt;MAJOR_JDK_VERSION\u0026gt;))\n}\nproject.tasks.withType\u0026lt;UsesKotlinJavaToolchain\u0026gt;().configureEach {\n    kotlinJavaToolchain.toolchain.use(customLauncher)\n}\n\u003cb\u003eGroovy\u003c/b\u003e JavaToolchainService service \u003d project.getExtensions().getByType(JavaToolchainService.class)\nProvider\u0026lt;JavaLauncher\u0026gt; customLauncher \u003d service.launcherFor {\n    it.languageVersion \u003d JavaLanguageVersion.of(\u0026lt;MAJOR_JDK_VERSION\u0026gt;)\n}\ntasks.withType(UsesKotlinJavaToolchain::class).configureEach { task -\u0026gt;\n    task.kotlinJavaToolchain.toolchain.use(customLauncher)\n}\nOr you can specify the path to your local JDK and replace the placeholder \u0026lt;LOCAL_JDK_VERSION\u0026gt; with this JDK version:\ntasks.withType\u0026lt;UsesKotlinJavaToolchain\u0026gt;().configureEach {\n    kotlinJavaToolchain.jdk.use(\n        \"/path/to/local/jdk\", // Put a path to your JDK\n        JavaVersion.\u0026lt;LOCAL_JDK_VERSION\u0026gt; // For example, JavaVersion.17\n    )\n}\n","pageTitle":"Set JDK version with the Task DSL","metaDescription":"","type":"Documentation","breadcrumbs":"Tools///Build tools///Gradle","root":0,"depth":3}