{"objectID":"_gradle_compiler_options.html#all_compiler_options","parent":"_gradle_compiler_options.html#how_to_define_options","pageViews":0,"url":"https://kotlinlang.org/docs/gradle-compiler-options.html#all-compiler-options","mainTitle":"Compiler options in the Kotlin Gradle plugin","product":"","headings":"Compiler options in the Kotlin Gradle plugin,All compiler options","content":"Here is a complete list of options for the Gradle compiler:\n","pageTitle":"All compiler options","metaDescription":"","type":"Documentation","breadcrumbs":"Tools///Build tools///Gradle","root":0,"depth":3}