{"objectID":"_gradle_compiler_options.html#example_of_setting_languageversion","parent":"_gradle_compiler_options.html#how_to_define_options","pageViews":0,"url":"https://kotlinlang.org/docs/gradle-compiler-options.html#example-of-setting-languageversion","mainTitle":"Compiler options in the Kotlin Gradle plugin","product":"","headings":"Compiler options in the Kotlin Gradle plugin,Example of setting languageVersion","content":"To set a language version, use the following syntax:\n\u003cb\u003eKotlin\u003c/b\u003e kotlin {\n    compilerOptions {\n        languageVersion.set(org.jetbrains.kotlin.gradle.dsl.KotlinVersion.KOTLIN_2_1)\n    }\n}\n\u003cb\u003eGroovy\u003c/b\u003e tasks\n    .withType(org.jetbrains.kotlin.gradle.tasks.KotlinCompilationTask.class)\n    .configureEach {\n        compilerOptions.languageVersion \u003d\n            org.jetbrains.kotlin.gradle.dsl.KotlinVersion.KOTLIN_2_1\n    }\nAlso, see Types for compiler options.\n","pageTitle":"Example of setting languageVersion","metaDescription":"","type":"Documentation","breadcrumbs":"Tools///Build tools///Gradle","root":0,"depth":3}