{"objectID":"_gradle_configure_project.html#set_a_dependency_on_a_kotlinx_library","parent":"_gradle_configure_project.html#apply_the_plugin","pageViews":0,"url":"https://kotlinlang.org/docs/gradle-configure-project.html#set-a-dependency-on-a-kotlinx-library","mainTitle":"Configure a Gradle project","product":"","headings":"Configure a Gradle project,Set a dependency on a kotlinx library","content":"If you use a multiplatform library and need to depend on the shared code, set the dependency only once in the shared source set. Use the library\u0027s base artifact name, such as kotlinx-coroutines-core or ktor-client-core:\n\u003cb\u003eKotlin\u003c/b\u003e kotlin {\n    sourceSets {\n        commonMain.dependencies {\n            implementation(\"org.jetbrains.kotlinx:kotlinx-coroutines-core:1.10.2\")\n        }\n    }\n}\n\u003cb\u003eGroovy\u003c/b\u003e kotlin {\n    sourceSets {\n        commonMain {\n            dependencies {\n                implementation \u0027org.jetbrains.kotlinx:kotlinx-coroutines-core:1.10.2\u0027\n            }\n        }\n    }\n}\nIf you need a kotlinx library for a platform-specific dependency, you can still use the library\u0027s base artifact name in the corresponding platform source set:\n\u003cb\u003eKotlin\u003c/b\u003e kotlin {\n    sourceSets {\n        jvmMain.dependencies {\n            implementation(\"org.jetbrains.kotlinx:kotlinx-coroutines-core:1.10.2\")\n        }\n    }\n}\n\u003cb\u003eGroovy\u003c/b\u003e kotlin {\n    sourceSets {\n        jvmMain {\n            dependencies {\n                implementation \u0027org.jetbrains.kotlinx:kotlinx-coroutines-core:1.10.2\u0027\n            }\n        }\n    }\n}\n","pageTitle":"Set a dependency on a kotlinx library","metaDescription":"","type":"Documentation","breadcrumbs":"Tools///Build tools///Gradle","root":0,"depth":3}