{"objectID":"_gradle_best_practices.html#use_kotlin_dsl","parent":"_gradle_best_practices.html#organize","pageViews":0,"url":"https://kotlinlang.org/docs/gradle-best-practices.html#use-kotlin-dsl","mainTitle":"Gradle best practices","product":"","headings":"Gradle best practices,Use Kotlin DSL","content":"Use Kotlin DSL instead of the traditional Groovy DSL. You avoid learning another language and gain the benefits of strict typing. Strict typing lets IDEs provide better support for refactoring and auto-completion, making development more efficient.\nFind more information in Gradle’s Kotlin DSL primer.\nRead Gradle\u0027s blog about Kotlin DSL becoming the default for Gradle builds.\n","pageTitle":"Use Kotlin DSL","metaDescription":"","type":"Documentation","breadcrumbs":"Tools///Build tools///Gradle","root":0,"depth":3}