{"objectID":"_gradle_compiler_options.html#all_kotlin_compilation_tasks","parent":"_gradle_compiler_options.html#how_to_define_options","pageViews":0,"url":"https://kotlinlang.org/docs/gradle-compiler-options.html#all-kotlin-compilation-tasks","mainTitle":"Compiler options in the Kotlin Gradle plugin","product":"","headings":"Compiler options in the Kotlin Gradle plugin,All Kotlin compilation tasks","content":"It is also possible to configure all the Kotlin compilation tasks in the project:\n\u003cb\u003eKotlin\u003c/b\u003e import org.jetbrains.kotlin.gradle.tasks.KotlinCompilationTask\n// ...\n\ntasks.named\u0026lt;KotlinCompilationTask\u0026lt;*\u0026gt;\u0026gt;(\"compileKotlin\").configure {\n    compilerOptions { /*...*/ }\n}\n\u003cb\u003eGroovy\u003c/b\u003e import org.jetbrains.kotlin.gradle.tasks.KotlinCompilationTask\n// ...\n\ntasks.named(\u0027compileKotlin\u0027, KotlinCompilationTask) {\n    compilerOptions { /*...*/ }\n}\n","pageTitle":"All Kotlin compilation tasks","metaDescription":"","type":"Documentation","breadcrumbs":"Tools///Build tools///Gradle","root":0,"depth":3}