{"objectID":"_gradle_configure_project.html#what_can_go_wrong_if_targets_are_incompatible","parent":"_gradle_configure_project.html#apply_the_plugin","pageViews":0,"url":"https://kotlinlang.org/docs/gradle-configure-project.html#what-can-go-wrong-if-targets-are-incompatible","mainTitle":"Configure a Gradle project","product":"","headings":"Configure a Gradle project,What can go wrong if targets are incompatible","content":"There are two ways of manually setting JVM targets for Kotlin and Java source sets:\n- The implicit way via setting up a Java toolchain.\n- The explicit way via setting the jvmTarget attribute in the kotlin extension or task and targetCompatibility in the java extension or task.\nJVM target incompatibility occurs if you:\n- Explicitly set different values of jvmTarget and targetCompatibility.\n- Have a default configuration, and your JDK is not equal to 1.8.\nLet\u0027s consider a default configuration of JVM targets when you have only the Kotlin JVM plugin in your build script and no additional settings for JVM targets:\n\u003cb\u003eKotlin\u003c/b\u003e plugins {\n    kotlin(\"jvm\") version \"2.2.0\"\n}\n\u003cb\u003eGroovy\u003c/b\u003e plugins {\n    id \"org.jetbrains.kotlin.jvm\" version \"2.2.0\"\n}\nWhen there is no explicit information about the jvmTarget value in the build script, its default value is null, and the compiler translates it to the default value 1.8. The targetCompatibility equals the current Gradle\u0027s JDK version, which is equal to your JDK version (unless you use a Java toolchain approach). Assuming that your JDK version is 17, your published library artifact will declare itself compatible with JDK 17+: org.gradle.jvm.version\u003d17, which is wrong. In this case, you have to use Java 17 in your main project to add this library, even though the bytecode\u0027s version is 1.8. Configure a toolchain to solve this issue.\n","pageTitle":"What can go wrong if targets are incompatible","metaDescription":"","type":"Documentation","breadcrumbs":"Tools///Build tools///Gradle","root":0,"depth":3}