{"objectID":"_gradle_compilation_and_caches.html#gradle_configuration_cache_support","parent":"_gradle_compilation_and_caches.html#incremental_compilation","pageViews":0,"url":"https://kotlinlang.org/docs/gradle-compilation-and-caches.html#gradle-configuration-cache-support","mainTitle":"Compilation and caches in the Kotlin Gradle plugin","product":"","headings":"Compilation and caches in the Kotlin Gradle plugin,Gradle configuration cache support","content":"The Kotlin plugin uses the Gradle configuration cache, which speeds up the build process by reusing the results of the configuration phase for subsequent builds.\nSee the Gradle documentation to learn how to enable the configuration cache. After you enable this feature, the Kotlin Gradle plugin automatically starts using it.\n","pageTitle":"Gradle configuration cache support","metaDescription":"","type":"Documentation","breadcrumbs":"Tools///Build tools///Gradle","root":0,"depth":3}