{"objectID":"_gradle_compiler_options.html#migrate_away_from_android_kotlinoptions","parent":"_gradle_compiler_options.html#how_to_define_options","pageViews":0,"url":"https://kotlinlang.org/docs/gradle-compiler-options.html#migrate-away-from-android-kotlinoptions","mainTitle":"Compiler options in the Kotlin Gradle plugin","product":"","headings":"Compiler options in the Kotlin Gradle plugin,Migrate away from","content":"If your build script previously used android.kotlinOptions, migrate to kotlin.compilerOptions instead. Either at the extension level or the target level.\nFor example, if you have an Android project:\n\u003cb\u003eKotlin\u003c/b\u003e plugins {\n    id(\"com.android.application\")\n    kotlin(\"android\")\n}\n\nandroid {\n    kotlinOptions {\n        jvmTarget \u003d \"17\"\n    }\n}\n\u003cb\u003eGroovy\u003c/b\u003e plugins {\n    id \u0027com.android.application\u0027\n    id \u0027org.jetbrains.kotlin.android\u0027\n}\n\nandroid {\n    kotlinOptions {\n        jvmTarget \u003d \u002717\u0027\n    }\n}\nUpdate it to:\n\u003cb\u003eKotlin\u003c/b\u003e plugins {\n  id(\"com.android.application\")\n  kotlin(\"android\")\n}\n\nkotlin {\n    compilerOptions {\n        jvmTarget \u003d JvmTarget.fromTarget(\"17\")\n    }\n}\n\u003cb\u003eGroovy\u003c/b\u003e plugins {\n    id \u0027com.android.application\u0027\n    id \u0027org.jetbrains.kotlin.android\u0027\n}\n\nkotlin {\n    compilerOptions {\n        jvmTarget \u003d JvmTarget.fromTarget(\"17\")\n    }\n}\nAnd for example, if you have a Kotlin Multiplatform project with an Android target:\n\u003cb\u003eKotlin\u003c/b\u003e plugins {\n    kotlin(\"multiplatform\")\n    id(\"com.android.application\")\n}\n\nkotlin {\n    androidTarget {\n        compilations.all {\n            kotlinOptions.jvmTarget \u003d \"17\"\n        }\n    }\n}\n\u003cb\u003eGroovy\u003c/b\u003e plugins {\n    id \u0027org.jetbrains.kotlin.multiplatform\u0027\n    id \u0027com.android.application\u0027\n}\n\nkotlin {\n    androidTarget {\n        compilations.all {\n            kotlinOptions {\n                jvmTarget \u003d \u002717\u0027\n            }\n        }\n    }\n}\nUpdate it to:\n\u003cb\u003eKotlin\u003c/b\u003e plugins {\n    kotlin(\"multiplatform\")\n    id(\"com.android.application\")\n}\n\nkotlin {\n    androidTarget {\n        compilerOptions {\n            jvmTarget \u003d JvmTarget.fromTarget(\"17\")\n        }\n    }\n}\n\u003cb\u003eGroovy\u003c/b\u003e plugins {\n    id \u0027org.jetbrains.kotlin.multiplatform\u0027\n    id \u0027com.android.application\u0027\n}\n\nkotlin {\n    androidTarget {\n        compilerOptions {\n            jvmTarget \u003d JvmTarget.fromTarget(\"17\")\n        }\n    }\n}\n","pageTitle":"Migrate away from","metaDescription":"","type":"Documentation","breadcrumbs":"Tools///Build tools///Gradle","root":0,"depth":3}