{"objectID":"_gradle_compilation_and_caches.html#setting_kotlin_daemon_s_jvm_arguments","parent":"_gradle_compilation_and_caches.html#incremental_compilation","pageViews":0,"url":"https://kotlinlang.org/docs/gradle-compilation-and-caches.html#setting-kotlin-daemon-s-jvm-arguments","mainTitle":"Compilation and caches in the Kotlin Gradle plugin","product":"","headings":"Compilation and caches in the Kotlin Gradle plugin,Setting Kotlin daemon\u0027s JVM arguments","content":"Each of the following ways to set arguments overrides the ones that came before it:\n- Gradle daemon arguments inheritance\n- kotlin.daemon.jvm.options system property\n- kotlin.daemon.jvmargs property\n- kotlin extension\n- Specific task definition\n","pageTitle":"Setting Kotlin daemon\u0027s JVM arguments","metaDescription":"","type":"Documentation","breadcrumbs":"Tools///Build tools///Gradle","root":0,"depth":3}