{"objectID":"_gradle_compilation_and_caches.html#trying_the_latest_language_version","parent":"_gradle_compilation_and_caches.html#incremental_compilation","pageViews":0,"url":"https://kotlinlang.org/docs/gradle-compilation-and-caches.html#trying-the-latest-language-version","mainTitle":"Compilation and caches in the Kotlin Gradle plugin","product":"","headings":"Compilation and caches in the Kotlin Gradle plugin,Trying the latest language version","content":"Starting with Kotlin 2.0.0, to try the latest language version, set the kotlin.experimental.tryNext property in your gradle.properties file. When you use this property, the Kotlin Gradle plugin increments the language version to one above the default value for your Kotlin version. For example, in Kotlin 2.0.0, the default language version is 2.0, so the property configures language version 2.1.\nAlternatively, you can run the following command:\n./gradlew assemble -Pkotlin.experimental.tryNext\u003dtrue\nIn build reports, you can find the language version used to compile each task.\n","pageTitle":"Trying the latest language version","metaDescription":"","type":"Documentation","breadcrumbs":"Tools///Build tools///Gradle","root":0,"depth":3}