{"objectID":"_gradle.html#","parent":"_gradle.html#what_s_next","pageViews":0,"url":"https://kotlinlang.org/docs/gradle.html","mainTitle":"Gradle","product":"","headings":"Gradle","content":"Gradle is a build system that helps to automate and manage your building process. It downloads required dependencies, packages your code, and prepares it for compilation. Learn about Gradle basics and specifics on the Gradle website.\nYou can set up your own project with these instructions for different platforms or pass a small step-by-step tutorial that will show you how to create a simple backend \u0026quot;Hello World\u0026quot; application in Kotlin.\nYou can find information about the compatibility of Kotlin, Gradle, and Android Gradle plugin versions here.\nIn this chapter, you can also learn about:\n- Compiler options and how to pass them.\n- Incremental compilation, caches support, build reports, and the Kotlin daemon.\n- Support for Gradle plugin variants.\n","pageTitle":"Gradle","metaDescription":"","type":"Documentation","breadcrumbs":"Tools///Build tools///Gradle","root":0,"depth":3}