{"objectID":"_gradle_compiler_options.html#attributes_specific_to_javascript","parent":"_gradle_compiler_options.html#how_to_define_options","pageViews":0,"url":"https://kotlinlang.org/docs/gradle-compiler-options.html#attributes-specific-to-javascript","mainTitle":"Compiler options in the Kotlin Gradle plugin","product":"","headings":"Compiler options in the Kotlin Gradle plugin,Attributes specific to JavaScript","content":"Name Description Possible values Default value\nfriendModulesDisabled Disable internal declaration export false\nmain Specify whether the main function should be called upon execution JsMainFunctionExecutionMode.CALL, JsMainFunctionExecutionMode.NO_CALL JsMainFunctionExecutionMode.CALL\nmoduleKind The kind of JS module generated by the compiler JsModuleKind.MODULE_AMD, JsModuleKind.MODULE_PLAIN, JsModuleKind.MODULE_ES, JsModuleKind.MODULE_COMMONJS, JsModuleKind.MODULE_UMD null\nsourceMap Generate source map false\nsourceMapEmbedSources Embed source files into the source map JsSourceMapEmbedMode.SOURCE_MAP_SOURCE_CONTENT_INLINING, JsSourceMapEmbedMode.SOURCE_MAP_SOURCE_CONTENT_NEVER, JsSourceMapEmbedMode.SOURCE_MAP_SOURCE_CONTENT_ALWAYS null\nsourceMapNamesPolicy Add variable and function names that you declared in Kotlin code into the source map. For more information on the behavior, see our compiler reference JsSourceMapNamesPolicy.SOURCE_MAP_NAMES_POLICY_FQ_NAMES, JsSourceMapNamesPolicy.SOURCE_MAP_NAMES_POLICY_SIMPLE_NAMES, JsSourceMapNamesPolicy.SOURCE_MAP_NAMES_POLICY_NO null\nsourceMapPrefix Add the specified prefix to paths in the source map null\ntarget Generate JS files for specific ECMA version \u0026quot;es5\u0026quot;, \u0026quot;es2015\u0026quot; \u0026quot;es5\u0026quot;\nuseEsClasses Let generated JavaScript code use ES2015 classes. Enabled by default in case of ES2015 target usage null\n","pageTitle":"Attributes specific to JavaScript","metaDescription":"","type":"Documentation","breadcrumbs":"Tools///Build tools///Gradle","root":0,"depth":3}