{"objectID":"_gsoc_2023.html#groovy_to_kotlin_gradle_dsl_converter_medium_350_hrs","parent":"_gsoc_2023.html#project_ideas","pageViews":0,"url":"https://kotlinlang.org/docs/gsoc-2023.html#groovy-to-kotlin-gradle-dsl-converter-medium-350-hrs","mainTitle":"Google Summer of Code with Kotlin 2023","product":"","headings":"Google Summer of Code with Kotlin 2023,Groovy to Kotlin Gradle DSL Converter [Medium, 350 hrs]","content":"Description\nThe project aims to create a Groovy-to-Kotlin converter with a primary focus on Gradle scripts. We will start from basic use cases, such as when a user wants to paste Groovy-style dependency declarations to a Kotlin script and the IDE automatically converts them. Later, we will start supporting more complex code constructs and conversions of complete files.\nMotivation\nThe Kotlin Gradle DSL is gaining popularity, so much so that it will soon become the default choice for building projects with Gradle. However, many documents and resources about Gradle still refer to Groovy, and pasting Groovy samples into build.gradle.kts requires manual editing. Furthermore, many new features around Gradle will be in Kotlin first, and consequently users will migrate from the Groovy DSL to the Kotlin DSL. The automatic code conversion of a build setup will therefore greatly ease this migration, saving a lot of time.\nExpected outcomes\nA plugin for IntelliJ IDEA that can convert Groovy code to Kotlin with the main focus on the Gradle DSL.\nSkills required (preferred)\n- Basic knowledge of Gradle\n- Basic knowledge of parsers and how compilers work in general\n- Basic knowledge of Kotlin\n","pageTitle":"Groovy to Kotlin Gradle DSL Converter [Medium, 350 hrs]","metaDescription":"","type":"Documentation","breadcrumbs":"Other resources///Google Summer of Code","root":0,"depth":2}