{"objectID":"_gsoc_2024.html#enabling_click_to_run_for_kotlinx_benchmark_benchmarks_in_intellij_idea_medium_175_hrs","parent":"_gsoc_2024.html#kotlin_contributor_guidelines_for_google_summer_of_code_gsoc","pageViews":0,"url":"https://kotlinlang.org/docs/gsoc-2024.html#enabling-click-to-run-for-kotlinx-benchmark-benchmarks-in-intellij-idea-medium-175-hrs","mainTitle":"Google Summer of Code with Kotlin 2024","product":"","headings":"Google Summer of Code with Kotlin 2024,Enabling click-to-run for kotlinx-benchmark benchmarks in IntelliJ IDEA [Medium, 175 hrs]","content":"kotlinx-benchmark is an open-source library for benchmarking multiplatform code written in Kotlin. It includes a Gradle plugin that, when applied, provides tasks for running benchmarks. However, executing these tasks requires navigating to the IDE’s Gradle panel or using the terminal. Additionally, running a specific benchmark necessitates further steps, adding to the complication. To mitigate this inconvenience and streamline the process, this project aims to enable users to run an individual benchmark or an entire suite directly from the IntelliJ IDEA interface, mirroring the convenience offered for unit tests. Achieving this goal may necessitate collaboration with the IntelliJ IDEA team and/or contributions directly to the IntelliJ project.\nExpected outcomes\nIntegration of click-to-run functionality for kotlinx-benchmark benchmarks in IntelliJ IDEA, improving user experience.\nSkills required (preferred)\nKotlin, IntelliJ IDEA Plugin Development, Benchmarking\nPossible mentor\nAbduqodiri Qurbonzoda, JetBrains\n","pageTitle":"Enabling click-to-run for kotlinx-benchmark benchmarks in IntelliJ IDEA [Medium, 175 hrs]","metaDescription":"","type":"Documentation","breadcrumbs":"Other resources///Google Summer of Code","root":0,"depth":2}