{"objectID":"_gsoc_2025.html#support_android_and_ios_targets_in_kotlin_multiplatform_for_gemini_using_vertex_ai_in_firebase_medium_175_hrs","parent":"_gsoc_2025.html#kotlin_contributor_guidelines_for_google_summer_of_code_gsoc","pageViews":0,"url":"https://kotlinlang.org/docs/gsoc-2025.html#support-android-and-ios-targets-in-kotlin-multiplatform-for-gemini-using-vertex-ai-in-firebase-medium-175-hrs","mainTitle":"Google Summer of Code with Kotlin 2025","product":"","headings":"Google Summer of Code with Kotlin 2025,Support Android and iOS targets in Kotlin Multiplatform for Gemini using Vertex AI in Firebase [Medium, 175 hrs]","content":"This project aims to create an open-source Kotlin Multiplatform (KMP) library that supports Gemini using Vertex AI in Firebase on at least Android and iOS. It will showcase best practices in creating KMP libraries for existing services, with a focus on appropriate production implementation (for example, proper API key management, user-managed API keys support, and client throttling).\nExpected outcomes\n- A new Kotlin Multiplatform library with support for an existing Google service\n- Sample code and documentation\nPreferred skills\n- Kotlin\n- Kotlin Multiplatform\n- Mobile development (Android and iOS)\nPossible mentors\nMatt Dyor, and the Google team\n","pageTitle":"Support Android and iOS targets in Kotlin Multiplatform for Gemini using Vertex AI in Firebase [Medium, 175 hrs]","metaDescription":"","type":"Documentation","breadcrumbs":"Other resources///Google Summer of Code","root":0,"depth":2}