{"objectID":"_gsoc_2025.html#add_bom_support_to_bazel_rules_jvm_external_hard_350_hrs","parent":"_gsoc_2025.html#kotlin_contributor_guidelines_for_google_summer_of_code_gsoc","pageViews":0,"url":"https://kotlinlang.org/docs/gsoc-2025.html#add-bom-support-to-bazel-rules-jvm-external-hard-350-hrs","mainTitle":"Google Summer of Code with Kotlin 2025","product":"","headings":"Google Summer of Code with Kotlin 2025,Add BOM Support to Bazel  [Hard, 350 hrs]","content":"Bazel\u0027s rules_jvm_external provides a structured way to declare external Java dependencies, but it currently lacks proper support for Bill of Materials (BOM) files. BOM files are widely used in Maven and Gradle to manage dependencies in a consistent manner without requiring developers to specify individual versions. This project aims to enhance rules_jvm_external by adding BOM support, allowing developers to use BOM-based dependency resolution within Bazel. The project may involve contributing to an existing open-source effort or implementing BOM support directly in rules_jvm_external, ensuring compatibility with widely used dependency management approaches.\nExpected outcomes\n- Implementation of BOM support in Bazel rules_jvm_external\n- Improved dependency resolution and usability for Bazel users\n- Documentation and examples for using BOM support in Bazel\nPreferred skills\n- Starlark (Bazel\u0027s scripting language)\n- Bazel build system\n- Dependency resolution strategies\nPossible mentors\nShauvik Roy Choudhary, and the Uber team\n","pageTitle":"Add BOM Support to Bazel  [Hard, 350 hrs]","metaDescription":"","type":"Documentation","breadcrumbs":"Other resources///Google Summer of Code","root":0,"depth":2}