{"objectID":"_gsoc_2023.html#improve_support_for_parameter_forwarding_in_the_kotlin_plugin_for_intellij_idea_medium_350_hrs","parent":"_gsoc_2023.html#project_ideas","pageViews":0,"url":"https://kotlinlang.org/docs/gsoc-2023.html#improve-support-for-parameter-forwarding-in-the-kotlin-plugin-for-intellij-idea-medium-350-hrs","mainTitle":"Google Summer of Code with Kotlin 2023","product":"","headings":"Google Summer of Code with Kotlin 2023,Improve support for parameter forwarding in the Kotlin Plugin for IntelliJ IDEA [Medium, 350 hrs]","content":"Description and motivation\nThe Kotlin plugin provides Kotlin language support in IntelliJ IDEA and Android Studio. In the scope of this project, you will improve parameter forwarding support for the plugin.\nTo prefer composition over inheritance is a widely known principle. IntelliJ IDEA provides great support for writing code that uses inheritance (completion and quick-fixes the IDE suggests), but the support for code that uses composition instead of inheritance has yet to be implemented.\nThe main problem of working with code that heavily uses composition is parameter forwarding. In particular:\n- The IDE doesn\u0027t suggest completing parameter declarations that can be forwarded as arguments to other functions that currently use default arguments.\n- The IDE doesn\u0027t rename the chain of forwarded parameters.\n- The IDE doesn\u0027t provide any quick-fixes that fill in all the required arguments with parameters that can be forwarded.\nOne notable example where such support would be greatly appreciated is Jetpack Compose. Android’s modern tool kit for building UI, Jetpack Compose heavily uses function composition and parameter forwarding. It quickly becomes tedious to work with @Composable functions because they have a lot of parameters. For example, androidx.compose.material.TextField has 19 parameters.\nExpected outcomes\n- Improved parameter and argument completion suggestions in IntelliJ IDEA.\n- Implemented IDE quick-fixes that suggest filling in all the required arguments with parameters with the same names and types.\n- The Rename refactoring renames the chain of forwarded parameters.\n- All other IDE improvements around parameter forwarding and functions that have a lot of parameters.\nSkills required (preferred)\n- Knowledge of Kotlin and Java\n- Ability to navigate in a large codebase\n","pageTitle":"Improve support for parameter forwarding in the Kotlin Plugin for IntelliJ IDEA [Medium, 350 hrs]","metaDescription":"","type":"Documentation","breadcrumbs":"Other resources///Google Summer of Code","root":0,"depth":2}