{"objectID":"_gsoc_2024.html#compose_multiplatform_component_gallery_generator_medium_350_hrs","parent":"_gsoc_2024.html#kotlin_contributor_guidelines_for_google_summer_of_code_gsoc","pageViews":0,"url":"https://kotlinlang.org/docs/gsoc-2024.html#compose-multiplatform-component-gallery-generator-medium-350-hrs","mainTitle":"Google Summer of Code with Kotlin 2024","product":"","headings":"Google Summer of Code with Kotlin 2024,Compose Multiplatform component gallery generator [Medium, 350 hrs]","content":"Compose Multiplatform is a declarative framework for sharing UIs built with Kotlin across multiple platforms. At the beginning of the React era of web development, Storybook was created, and Storybook’s proposed approach of describing component states and generating the whole UI library gallery is still one of the essential approaches to documentation in web development. Can we do the same with Compose Multiplatform, using it to generate a gallery of web UI elements, as well as galleries for mobile and desktop? Let\u0027s give it a try in this project.\nExpected outcomes\nCreation of a tool to generate UI component galleries for web, mobile, and desktop platforms using Compose Multiplatform.\nSkills required (preferred)\nKotlin, Jetpack Compose, UI/UX Design\nPossible mentor\nArtem Kobzar, JetBrains\n","pageTitle":"Compose Multiplatform component gallery generator [Medium, 350 hrs]","metaDescription":"","type":"Documentation","breadcrumbs":"Other resources///Google Summer of Code","root":0,"depth":2}