{"objectID":"_gsoc_2024.html#","parent":"_gsoc_2024.html#kotlin_contributor_guidelines_for_google_summer_of_code_gsoc","pageViews":0,"url":"https://kotlinlang.org/docs/gsoc-2024.html","mainTitle":"Google Summer of Code with Kotlin 2024","product":"","headings":"Google Summer of Code with Kotlin 2024","content":"This article contains the list of project ideas for Google Summer of Code with Kotlin 2024, and contributor guidelines\nKotlin resources:\n- Kotlin GitHub repository\n- Kotlin Slack and the #gsoc Slack channel\nIf you got any questions, contact us via gsoc@kotlinfoundation.org\n","pageTitle":"Google Summer of Code with Kotlin 2024","metaDescription":"","type":"Documentation","breadcrumbs":"Other resources///Google Summer of Code","root":0,"depth":2}