{"objectID":"_gsoc_overview.html#past_gsoc_projects_with_kotlin","parent":"_gsoc_overview.html#gsoc_2025_project_ideas","pageViews":0,"url":"https://kotlinlang.org/docs/gsoc-overview.html#past-gsoc-projects-with-kotlin","mainTitle":"Google Summer of Code with Kotlin","product":"","headings":"Google Summer of Code with Kotlin,Past GSoC projects with Kotlin","content":"You can explore past Google Summer of Code projects and ideas with Kotlin:\n-\n-\n","pageTitle":"Past GSoC projects with Kotlin","metaDescription":"","type":"Documentation","breadcrumbs":"Other resources///Google Summer of Code","root":0,"depth":2}