{"objectID":"_gsoc_2023.html#","parent":"_gsoc_2023.html#project_ideas","pageViews":0,"url":"https://kotlinlang.org/docs/gsoc-2023.html","mainTitle":"Google Summer of Code with Kotlin 2023","product":"","headings":"Google Summer of Code with Kotlin 2023","content":"This article contains the list of project ideas for Google Summer of Code with Kotlin 2023.\nGoogle Summer of Code 2023 has already ended. If you want to participate in GSoC 2024, check out this list of project ideas.\n","pageTitle":"Google Summer of Code with Kotlin 2023","metaDescription":"","type":"Documentation","breadcrumbs":"Other resources///Google Summer of Code","root":0,"depth":2}