{"objectID":"_gsoc_2025.html#clean_and_actionable_reporting_for_gradle_code_quality_plugins_for_kotlin_easy_to_medium_90_hrs_to_175_hrs","parent":"_gsoc_2025.html#kotlin_contributor_guidelines_for_google_summer_of_code_gsoc","pageViews":0,"url":"https://kotlinlang.org/docs/gsoc-2025.html#clean-and-actionable-reporting-for-gradle-code-quality-plugins-for-kotlin-easy-to-medium-90-hrs-to-175-hrs","mainTitle":"Google Summer of Code with Kotlin 2025","product":"","headings":"Google Summer of Code with Kotlin 2025,Clean and actionable reporting for Gradle code quality plugins for Kotlin [Easy to Medium, 90 hrs to 175 hrs]","content":"Gradle recently introduced a new Problems API that allows Gradle and third-party plugins to propagate issues and warnings in a unified way. This API provides clean and actionable error reporting and more insights into the console output, dedicated HTML reports, and connected observability tools. IDEs such as IntelliJ IDEA or Android Studio can also access the details via Gradle\u0027s API integration tool, and can show warnings right in the code editor. Several core features and plugins have already adopted the Problems API: Java compilation, dependency resolution errors, deprecation warnings, etc. We want the code quality plugins for Kotlin to adopt this API, too; it would significantly improve the developer experience for 100,000+ Kotlin developers using Gradle.\nIn this project, we invite contributors to choose a number of Kotlin code quality plugins, such as Ktlint, Detekt, Diktat, ArchUnit, or Checkstyle for Kotlin, and integrate them with Problems API. You can also work on integrating a similar analysis for Gradle builds defined with KotlinDSL.\nExpected outcomes\n- Implement Problems API integration in the mentioned plugins\nPreferred skills\n- Kotlin\n- Gradle\nPossible mentors\nOleg Nenashev, Balint Hegyi, Reinhold Degenfellner\n","pageTitle":"Clean and actionable reporting for Gradle code quality plugins for Kotlin [Easy to Medium, 90 hrs to 175 hrs]","metaDescription":"","type":"Documentation","breadcrumbs":"Other resources///Google Summer of Code","root":0,"depth":2}