{"objectID":"_gsoc_2025.html#add_more_kotlin_openrewrite_recipes_medium_175_hrs","parent":"_gsoc_2025.html#kotlin_contributor_guidelines_for_google_summer_of_code_gsoc","pageViews":0,"url":"https://kotlinlang.org/docs/gsoc-2025.html#add-more-kotlin-openrewrite-recipes-medium-175-hrs","mainTitle":"Google Summer of Code with Kotlin 2025","product":"","headings":"Google Summer of Code with Kotlin 2025,Add More Kotlin OpenRewrite Recipes [Medium, 175 hrs]","content":"OpenRewrite is a powerful framework for automating code migrations and refactorings in a structured manner. While OpenRewrite has strong support for Java, the Kotlin ecosystem would benefit from a more comprehensive set of OpenRewrite recipes to help developers seamlessly migrate their codebases.\nThis project aims to expand the Kotlin OpenRewrite recipe collection by adding more automated transformations, such as migrating Java-based AutoValue classes to idiomatic Kotlin data classes, modernizing Kotlin code to follow best practices, and enabling more seamless migrations across Kotlin versions. These recipes will help Kotlin developers maintain clean, up-to-date, and idiomatic codebases with minimal manual effort.\nExpected outcomes\n- Development of new OpenRewrite recipes for Kotlin code migrations\nPreferred skills\n- Kotlin\n- OpenRewrite framework\n- Java-to-Kotlin migration strategies\nPossible mentors\nShauvik Roy Choudhary, and the Uber team\n","pageTitle":"Add More Kotlin OpenRewrite Recipes [Medium, 175 hrs]","metaDescription":"","type":"Documentation","breadcrumbs":"Other resources///Google Summer of Code","root":0,"depth":2}