{"objectID":"_gsoc_2023.html#enhance_the_kotlinx_benchmark_library_api_and_user_experience_easy_175_hrs","parent":"_gsoc_2023.html#project_ideas","pageViews":0,"url":"https://kotlinlang.org/docs/gsoc-2023.html#enhance-the-kotlinx-benchmark-library-api-and-user-experience-easy-175-hrs","mainTitle":"Google Summer of Code with Kotlin 2023","product":"","headings":"Google Summer of Code with Kotlin 2023,Enhance the kotlinx-benchmark library API and user experience [Easy, 175 hrs]","content":"Read the blog post about this project\nDescription\nkotlinx-benchmark is an open-source library for benchmarking multiplatform code written in Kotlin. It has a barebones skeleton but lacks quality-of-life features, such as fine-grained benchmark configuration (like time units, modes), feature parity between JVM and Kotlin/Native benchmarking, a command-line API, and modern Gradle support. Its documentation, integration tests, and examples are also lagging.\nMotivation\nThe library has already been implemented, but it is sometimes difficult to use correctly and confuses some users. Improving the library’s user experience would greatly help the Kotlin community.\nExpected outcomes\n- The library has clear documentation with usage examples.\n- The library API is simple and easy to use.\n- Options for benchmarking Kotlin/JVM code are also available for benchmarking code on other platforms.\nSkills required (preferred)\n- Kotlin\n- Gradle internals\n","pageTitle":"Enhance the kotlinx-benchmark library API and user experience [Easy, 175 hrs]","metaDescription":"","type":"Documentation","breadcrumbs":"Other resources///Google Summer of Code","root":0,"depth":2}