{"objectID":"_idioms.html#traverse_a_map_or_a_list_of_pairs","parent":"_idioms.html#create_dtos_pojos_pocos","pageViews":0,"url":"https://kotlinlang.org/docs/idioms.html#traverse-a-map-or-a-list-of-pairs","mainTitle":"Idioms","product":"","headings":"Idioms,Traverse a map or a list of pairs","content":"for ((k, v) in map) {\n    println(\"$k -\u0026gt; $v\")\n}\nk and v can be any convenient names, such as name and age.\n","pageTitle":"Traverse a map or a list of pairs","metaDescription":"","type":"Documentation","breadcrumbs":"Basics","root":0,"depth":1}