{"objectID":"_idioms.html#create_dtos_pojos_pocos","parent":"_idioms.html#create_dtos_pojos_pocos","pageViews":0,"url":"https://kotlinlang.org/docs/idioms.html#create-dtos-pojos-pocos","mainTitle":"Idioms","product":"","headings":"Idioms,Create DTOs (POJOs/POCOs)","content":"data class Customer(val name: String, val email: String)\nprovides a Customer class with the following functionality:\n- getters (and setters in case of vars) for all properties\n- equals()\n- hashCode()\n- toString()\n- copy()\n- component1(), component2(), ..., for all properties (see Data classes)\n","pageTitle":"Create DTOs (POJOs/POCOs)","metaDescription":"","type":"Documentation","breadcrumbs":"Basics","root":0,"depth":1}