{"objectID":"_idioms.html#java_7_s_try_with_resources","parent":"_idioms.html#create_dtos_pojos_pocos","pageViews":0,"url":"https://kotlinlang.org/docs/idioms.html#java-7-s-try-with-resources","mainTitle":"Idioms","product":"","headings":"Idioms,Java 7\u0027s try-with-resources","content":"val stream \u003d Files.newInputStream(Paths.get(\"/some/file.txt\"))\nstream.buffered().reader().use { reader -\u0026gt;\n    println(reader.readText())\n}\n","pageTitle":"Java 7\u0027s try-with-resources","metaDescription":"","type":"Documentation","breadcrumbs":"Basics","root":0,"depth":1}