{"objectID":"_idioms.html#call_multiple_methods_on_an_object_instance_with","parent":"_idioms.html#create_dtos_pojos_pocos","pageViews":0,"url":"https://kotlinlang.org/docs/idioms.html#call-multiple-methods-on-an-object-instance-with","mainTitle":"Idioms","product":"","headings":"Idioms,Call multiple methods on an object instance (with)","content":"class Turtle {\n    fun penDown()\n    fun penUp()\n    fun turn(degrees: Double)\n    fun forward(pixels: Double)\n}\n\nval myTurtle \u003d Turtle()\nwith(myTurtle) { //draw a 100 pix square\n    penDown()\n    for (i in 1..4) {\n        forward(100.0)\n        turn(90.0)\n    }\n    penUp()\n}\n","pageTitle":"Call multiple methods on an object instance (with)","metaDescription":"","type":"Documentation","breadcrumbs":"Basics","root":0,"depth":1}