{"objectID":"_idioms.html#generic_function_that_requires_the_generic_type_information","parent":"_idioms.html#create_dtos_pojos_pocos","pageViews":0,"url":"https://kotlinlang.org/docs/idioms.html#generic-function-that-requires-the-generic-type-information","mainTitle":"Idioms","product":"","headings":"Idioms,Generic function that requires the generic type information","content":"//  public final class Gson {\n//     ...\n//     public \u0026lt;T\u0026gt; T fromJson(JsonElement json, Class\u0026lt;T\u0026gt; classOfT) throws JsonSyntaxException {\n//     ...\n\ninline fun \u0026lt;reified T: Any\u0026gt; Gson.fromJson(json: JsonElement): T \u003d this.fromJson(json, T::class.java)\n","pageTitle":"Generic function that requires the generic type information","metaDescription":"","type":"Documentation","breadcrumbs":"Basics","root":0,"depth":1}