{"objectID":"_inheritance.html#derived_class_initialization_order","parent":"_inheritance.html#overriding_methods","pageViews":0,"url":"https://kotlinlang.org/docs/inheritance.html#derived-class-initialization-order","mainTitle":"Inheritance","product":"","headings":"Inheritance,Derived class initialization order","content":"During the construction of a new instance of a derived class, the base class initialization is done as the first step (preceded only by evaluation of the arguments for the base class constructor), which means that it happens before the initialization logic of the derived class is run.\n//sampleStart\nopen class Base(val name: String) {\n\n    init { println(\"Initializing a base class\") }\n\n    open val size: Int \u003d \n        name.length.also { println(\"Initializing size in the base class: $it\") }\n}\n\nclass Derived(\n    name: String,\n    val lastName: String,\n) : Base(name.replaceFirstChar { it.uppercase() }.also { println(\"Argument for the base class: $it\") }) {\n\n    init { println(\"Initializing a derived class\") }\n\n    override val size: Int \u003d\n        (super.size + lastName.length).also { println(\"Initializing size in the derived class: $it\") }\n}\n//sampleEnd\n\nfun main() {\n    println(\"Constructing the derived class(\\\"hello\\\", \\\"world\\\")\")\n    Derived(\"hello\", \"world\")\n}\nThis means that when the base class constructor is executed, the properties declared or overridden in the derived class have not yet been initialized. Using any of those properties in the base class initialization logic (either directly or indirectly through another overridden open member implementation) may lead to incorrect behavior or a runtime failure. When designing a base class, you should therefore avoid using open members in the constructors, property initializers, or init blocks.\n","pageTitle":"Derived class initialization order","metaDescription":"","type":"Documentation","breadcrumbs":"Concepts///Classes and objects","root":0,"depth":2}