{"objectID":"_inheritance.html#overriding_methods","parent":"_inheritance.html#overriding_methods","pageViews":0,"url":"https://kotlinlang.org/docs/inheritance.html#overriding-methods","mainTitle":"Inheritance","product":"","headings":"Inheritance,Overriding methods","content":"Kotlin requires explicit modifiers for overridable members and overrides:\nopen class Shape {\n    open fun draw() { /*...*/ }\n    fun fill() { /*...*/ }\n}\n\nclass Circle() : Shape() {\n    override fun draw() { /*...*/ }\n}\nThe override modifier is required for Circle.draw(). If it\u0027s missing, the compiler will complain. If there is no open modifier on a function, like Shape.fill(), declaring a method with the same signature in a subclass is not allowed, either with override or without it. The open modifier has no effect when added to members of a final class – a class without an open modifier.\nA member marked override is itself open, so it may be overridden in subclasses. If you want to prohibit re-overriding, use final:\nopen class Rectangle() : Shape() {\n    final override fun draw() { /*...*/ }\n}\n","pageTitle":"Overriding methods","metaDescription":"","type":"Documentation","breadcrumbs":"Concepts///Classes and objects","root":0,"depth":2}