{"objectID":"_inline_classes.html#members","parent":"_inline_classes.html#members","pageViews":0,"url":"https://kotlinlang.org/docs/inline-classes.html#members","mainTitle":"Inline value classes","product":"","headings":"Inline value classes,Members","content":"Inline classes support some functionality of regular classes. In particular, they are allowed to declare properties and functions, have an init block and secondary constructors:\n@JvmInline\nvalue class Person(private val fullName: String) {\n    init {\n        require(fullName.isNotEmpty()) {\n            \"Full name shouldn\u0027t be empty\"\n        }\n    }\n\n    constructor(firstName: String, lastName: String) : this(\"$firstName $lastName\") {\n        require(lastName.isNotBlank()) {\n            \"Last name shouldn\u0027t be empty\"\n        }\n    }\n\n    val length: Int\n        get() \u003d fullName.length\n\n    fun greet() {\n        println(\"Hello, $fullName\")\n    }\n}\n\nfun main() {\n    val name1 \u003d Person(\"Kotlin\", \"Mascot\")\n    val name2 \u003d Person(\"Kodee\")\n    name1.greet() // the `greet()` function is called as a static method\n    println(name2.length) // property getter is called as a static method\n}\nInline class properties cannot have backing fields. They can only have simple computable properties (no lateinit/delegated properties).\n","pageTitle":"Members","metaDescription":"","type":"Documentation","breadcrumbs":"Concepts///Classes and objects","root":0,"depth":2}