{"objectID":"_inline_functions.html#inline_properties","parent":"_inline_functions.html#noinline","pageViews":0,"url":"https://kotlinlang.org/docs/inline-functions.html#inline-properties","mainTitle":"Inline functions","product":"","headings":"Inline functions,Inline properties","content":"The inline modifier can be used on accessors of properties that don\u0027t have backing fields. You can annotate individual property accessors:\nval foo: Foo\n    inline get() \u003d Foo()\n\nvar bar: Bar\n    get() \u003d ...\n    inline set(v) { ... }\nYou can also annotate an entire property, which marks both of its accessors as inline:\ninline var bar: Bar\n    get() \u003d ...\n    set(v) { ... }\nAt the call site, inline accessors are inlined as regular inline functions.\n","pageTitle":"Inline properties","metaDescription":"","type":"Documentation","breadcrumbs":"Concepts///Functions","root":0,"depth":2}