{"objectID":"_inline_functions.html#reified_type_parameters","parent":"_inline_functions.html#noinline","pageViews":0,"url":"https://kotlinlang.org/docs/inline-functions.html#reified-type-parameters","mainTitle":"Inline functions","product":"","headings":"Inline functions,Reified type parameters","content":"Sometimes you need to access a type passed as a parameter:\nfun \u0026lt;T\u0026gt; TreeNode.findParentOfType(clazz: Class\u0026lt;T\u0026gt;): T? {\n    var p \u003d parent\n    while (p !\u003d null \u0026\u0026 !clazz.isInstance(p)) {\n        p \u003d p.parent\n    }\n    @Suppress(\"UNCHECKED_CAST\")\n    return p as T?\n}\nHere, you walk up a tree and use reflection to check whether a node has a certain type. It\u0027s all fine, but the call site is not very pretty:\ntreeNode.findParentOfType(MyTreeNode::class.java)\nA better solution would be to simply pass a type to this function. You can call it as follows:\ntreeNode.findParentOfType\u0026lt;MyTreeNode\u0026gt;()\nTo enable this, inline functions support reified type parameters, so you can write something like this:\ninline fun \u0026lt;reified T\u0026gt; TreeNode.findParentOfType(): T? {\n    var p \u003d parent\n    while (p !\u003d null \u0026\u0026 p !is T) {\n        p \u003d p.parent\n    }\n    return p as T?\n}\nThe code above qualifies the type parameter with the reified modifier to make it accessible inside the function, almost as if it were a normal class. Since the function is inlined, no reflection is needed and normal operators like !is and as are now available for you to use. Also, you can call the function as shown above: myTree.findParentOfType\u0026lt;MyTreeNodeType\u0026gt;().\nThough reflection may not be needed in many cases, you can still use it with a reified type parameter:\ninline fun \u0026lt;reified T\u0026gt; membersOf() \u003d T::class.members\n\nfun main(s: Array\u0026lt;String\u0026gt;) {\n    println(membersOf\u0026lt;StringBuilder\u0026gt;().joinToString(\"\\n\"))\n}\nNormal functions (not marked as inline) cannot have reified parameters. A type that does not have a run-time representation (for example, a non-reified type parameter or a fictitious type like Nothing) cannot be used as an argument for a reified type parameter.\n","pageTitle":"Reified type parameters","metaDescription":"","type":"Documentation","breadcrumbs":"Concepts///Functions","root":0,"depth":2}