{"objectID":"_inline_functions.html#noinline","parent":"_inline_functions.html#noinline","pageViews":0,"url":"https://kotlinlang.org/docs/inline-functions.html#noinline","mainTitle":"Inline functions","product":"","headings":"Inline functions,noinline","content":"If you don\u0027t want all of the lambdas passed to an inline function to be inlined, mark some of your function parameters with the noinline modifier:\ninline fun foo(inlined: () -\u0026gt; Unit, noinline notInlined: () -\u0026gt; Unit) { ... }\nInlinable lambdas can only be called inside inline functions or passed as inlinable arguments. noinline lambdas, however, can be manipulated in any way you like, including being stored in fields or passed around.\nIf an inline function has no inlinable function parameters and no reified type parameters, the compiler will issue a warning, since inlining such functions is very unlikely to be beneficial (you can use the @Suppress(\u0026quot;NOTHING_TO_INLINE\u0026quot;) annotation to suppress the warning if you are sure the inlining is needed).\n","pageTitle":"noinline","metaDescription":"","type":"Documentation","breadcrumbs":"Concepts///Functions","root":0,"depth":2}