{"objectID":"_inline_functions.html#restrictions_for_public_api_inline_functions","parent":"_inline_functions.html#noinline","pageViews":0,"url":"https://kotlinlang.org/docs/inline-functions.html#restrictions-for-public-api-inline-functions","mainTitle":"Inline functions","product":"","headings":"Inline functions,Restrictions for public API inline functions","content":"When an inline function is public or protected but is not a part of a private or internal declaration, it is considered a module\u0027s public API. It can be called in other modules and is inlined at such call sites as well.\nThis imposes certain risks of binary incompatibility caused by changes in the module that declares an inline function in case the calling module is not re-compiled after the change.\nTo eliminate the risk of such incompatibility being introduced by a change in a non-public API of a module, public API inline functions are not allowed to use non-public-API declarations, i.e. private and internal declarations and their parts, in their bodies.\nAn internal declaration can be annotated with @PublishedApi, which allows its use in public API inline functions. When an internal inline function is marked as @PublishedApi, its body is checked too, as if it were public.\n","pageTitle":"Restrictions for public API inline functions","metaDescription":"","type":"Documentation","breadcrumbs":"Concepts///Functions","root":0,"depth":2}