{"objectID":"_inline_classes.html#inline_classes_and_delegation","parent":"_inline_classes.html#members","pageViews":0,"url":"https://kotlinlang.org/docs/inline-classes.html#inline-classes-and-delegation","mainTitle":"Inline value classes","product":"","headings":"Inline value classes,Inline classes and delegation","content":"Implementation by delegation to inlined value of inlined class is allowed with interfaces:\ninterface MyInterface {\n    fun bar()\n    fun foo() \u003d \"foo\"\n}\n\n@JvmInline\nvalue class MyInterfaceWrapper(val myInterface: MyInterface) : MyInterface by myInterface\n\nfun main() {\n    val my \u003d MyInterfaceWrapper(object : MyInterface {\n        override fun bar() {\n            // body\n        }\n    })\n    println(my.foo()) // prints \"foo\"\n}\n","pageTitle":"Inline classes and delegation","metaDescription":"","type":"Documentation","breadcrumbs":"Concepts///Classes and objects","root":0,"depth":2}