{"objectID":"_interfaces.html#implementing_interfaces","parent":"_interfaces.html#implementing_interfaces","pageViews":0,"url":"https://kotlinlang.org/docs/interfaces.html#implementing-interfaces","mainTitle":"Interfaces","product":"","headings":"Interfaces,Implementing interfaces","content":"A class or object can implement one or more interfaces:\nclass Child : MyInterface {\n    override fun bar() {\n        // body\n    }\n}\n","pageTitle":"Implementing interfaces","metaDescription":"","type":"Documentation","breadcrumbs":"Concepts///Classes and objects","root":0,"depth":2}