{"objectID":"_interfaces.html#properties_in_interfaces","parent":"_interfaces.html#implementing_interfaces","pageViews":0,"url":"https://kotlinlang.org/docs/interfaces.html#properties-in-interfaces","mainTitle":"Interfaces","product":"","headings":"Interfaces,Properties in interfaces","content":"You can declare properties in interfaces. A property declared in an interface can either be abstract or provide implementations for accessors. Properties declared in interfaces can\u0027t have backing fields, and therefore accessors declared in interfaces can\u0027t reference them:\ninterface MyInterface {\n    val prop: Int // abstract\n\n    val propertyWithImplementation: String\n        get() \u003d \"foo\"\n\n    fun foo() {\n        print(prop)\n    }\n}\n\nclass Child : MyInterface {\n    override val prop: Int \u003d 29\n}\n","pageTitle":"Properties in interfaces","metaDescription":"","type":"Documentation","breadcrumbs":"Concepts///Classes and objects","root":0,"depth":2}