{"objectID":"_iterators.html#list_iterators","parent":"_iterators.html#list_iterators","pageViews":0,"url":"https://kotlinlang.org/docs/iterators.html#list-iterators","mainTitle":"Iterators","product":"","headings":"Iterators,List iterators","content":"For lists, there is a special iterator implementation: ListIterator. It supports iterating lists in both directions: forwards and backwards.\nBackward iteration is implemented by the functions hasPrevious() and previous(). Additionally, the ListIterator provides information about the element indices with the functions nextIndex() and previousIndex().\n\nfun main() {\n//sampleStart\n    val numbers \u003d listOf(\"one\", \"two\", \"three\", \"four\")\n    val listIterator \u003d numbers.listIterator()\n    while (listIterator.hasNext()) listIterator.next()\n    println(\"Iterating backwards:\")\n    // Iterating backwards:\n    while (listIterator.hasPrevious()) {\n        print(\"Index: ${listIterator.previousIndex()}\")\n        println(\", value: ${listIterator.previous()}\")\n        // Index: 3, value: four\n        // Index: 2, value: three\n        // Index: 1, value: two\n        // Index: 0, value: one\n    }\n//sampleEnd\n}\nHaving the ability to iterate in both directions, means the ListIterator can still be used after it reaches the last element.\n","pageTitle":"List iterators","metaDescription":"","type":"Documentation","breadcrumbs":"Standard library///Collections","root":0,"depth":2}