{"objectID":"_iterators.html#mutable_iterators","parent":"_iterators.html#list_iterators","pageViews":0,"url":"https://kotlinlang.org/docs/iterators.html#mutable-iterators","mainTitle":"Iterators","product":"","headings":"Iterators,Mutable iterators","content":"For iterating mutable collections, there is MutableIterator that extends Iterator with the element removal function remove(). So, you can remove elements from a collection while iterating it.\n\nfun main() {\n//sampleStart\n    val numbers \u003d mutableListOf(\"one\", \"two\", \"three\", \"four\") \n    val mutableIterator \u003d numbers.iterator()\n    \n    mutableIterator.next()\n    mutableIterator.remove()    \n    println(\"After removal: $numbers\")\n    // After removal: [two, three, four]\n//sampleEnd\n}\nIn addition to removing elements, the MutableListIterator can also insert and replace elements while iterating the list by using the add() and set() functions.\n\nfun main() {\n//sampleStart\n    val numbers \u003d mutableListOf(\"one\", \"four\", \"four\") \n    val mutableListIterator \u003d numbers.listIterator()\n    \n    mutableListIterator.next()\n    mutableListIterator.add(\"two\")\n    println(numbers)\n    // [one, two, four, four]\n    mutableListIterator.next()\n    mutableListIterator.set(\"three\")   \n    println(numbers)\n    // [one, two, three, four]\n//sampleEnd\n}\n","pageTitle":"Mutable iterators","metaDescription":"","type":"Documentation","breadcrumbs":"Standard library///Collections","root":0,"depth":2}