{"objectID":"_java_interop.html#java_generics_in_kotlin","parent":"_java_interop.html#getters_and_setters","pageViews":0,"url":"https://kotlinlang.org/docs/java-interop.html#java-generics-in-kotlin","mainTitle":"Calling Java from Kotlin","product":"","headings":"Calling Java from Kotlin,Java generics in Kotlin","content":"Kotlin\u0027s generics are a little different from Java\u0027s (see Generics). When importing Java types to Kotlin, the following conversions are done:\n- Java\u0027s wildcards are converted into type projections:\n- Foo\u0026lt;? extends Bar\u0026gt; becomes Foo\u0026lt;out Bar!\u0026gt;!\n- Foo\u0026lt;? super Bar\u0026gt; becomes Foo\u0026lt;in Bar!\u0026gt;!\n- Java\u0027s raw types are converted into star projections:\n- List becomes List\u0026lt;*\u0026gt;! that is List\u0026lt;out Any?\u0026gt;!\nLike Java\u0027s, Kotlin\u0027s generics are not retained at runtime: objects do not carry information about actual type arguments passed to their constructors. For example, ArrayList\u0026lt;Integer\u0026gt;() is indistinguishable from ArrayList\u0026lt;Character\u0026gt;(). This makes it impossible to perform is-checks that take generics into account. Kotlin only allows is-checks for star-projected generic types:\nif (a is List\u0026lt;Int\u0026gt;) // Error: cannot check if it is really a List of Ints\n// but\nif (a is List\u0026lt;*\u0026gt;) // OK: no guarantees about the contents of the list\n","pageTitle":"Java generics in Kotlin","metaDescription":"","type":"Documentation","breadcrumbs":"Platforms///JVM","root":0,"depth":2}