{"objectID":"_java_interop.html#type_parameters","parent":"_java_interop.html#getters_and_setters","pageViews":0,"url":"https://kotlinlang.org/docs/java-interop.html#type-parameters","mainTitle":"Calling Java from Kotlin","product":"","headings":"Calling Java from Kotlin,Type parameters","content":"By default, the nullability of plain type parameters in both Kotlin and Java is undefined. In Java, you can specify it using nullability annotations. Let\u0027s annotate the type parameter of the Base class:\npublic class Base\u0026lt;@NotNull T\u0026gt; {}\nWhen inheriting from Base, Kotlin expects a non-nullable type argument or type parameter. Thus, the following Kotlin code produces a warning:\nclass Derived\u0026lt;K\u0026gt; : Base\u0026lt;K\u0026gt; {} // warning: K has undefined nullability\nYou can fix it by specifying the upper bound K : Any.\nKotlin also supports nullability annotations on the bounds of Java type parameters. Let\u0027s add bounds to Base:\npublic class BaseWithBound\u0026lt;T extends @NotNull Number\u0026gt; {}\nKotlin translates this just as follows:\nclass BaseWithBound\u0026lt;T : Number\u0026gt; {}\nSo passing nullable type as a type argument or type parameter produces a warning.\nAnnotating type arguments and type parameters works with the Java 8 target or higher. The feature requires that the nullability annotations support the TYPE_USE target (org.jetbrains.annotations supports this in version 15 and above).\nIf a nullability annotation supports other targets that are applicable to a type in addition to the TYPE_USE target, TYPE_USE takes priority. For example, if @Nullable has both TYPE_USE and METHOD targets, the Java method signature @Nullable String[] f() becomes fun f(): Array\u0026lt;String?\u0026gt;! in Kotlin.\n","pageTitle":"Type parameters","metaDescription":"","type":"Documentation","breadcrumbs":"Platforms///JVM","root":0,"depth":2}