{"objectID":"_java_interop.html#mapped_types","parent":"_java_interop.html#getters_and_setters","pageViews":0,"url":"https://kotlinlang.org/docs/java-interop.html#mapped-types","mainTitle":"Calling Java from Kotlin","product":"","headings":"Calling Java from Kotlin,Mapped types","content":"Kotlin treats some Java types specifically. Such types are not loaded from Java \u0026quot;as is\u0026quot;, but are mapped to corresponding Kotlin types. The mapping only matters at compile time, the runtime representation remains unchanged. Java\u0027s primitive types are mapped to corresponding Kotlin types (keeping platform types in mind):\nJava type Kotlin type\nbyte kotlin.Byte\nshort kotlin.Short\nint kotlin.Int\nlong kotlin.Long\nchar kotlin.Char\nfloat kotlin.Float\ndouble kotlin.Double\nboolean kotlin.Boolean\nSome non-primitive built-in classes are also mapped:\nJava type Kotlin type\njava.lang.Object kotlin.Any!\njava.lang.Cloneable kotlin.Cloneable!\njava.lang.Comparable kotlin.Comparable!\njava.lang.Enum kotlin.Enum!\njava.lang.annotation.Annotation kotlin.Annotation!\njava.lang.CharSequence kotlin.CharSequence!\njava.lang.String kotlin.String!\njava.lang.Number kotlin.Number!\njava.lang.Throwable kotlin.Throwable!\nJava\u0027s boxed primitive types are mapped to nullable Kotlin types:\nJava type Kotlin type\njava.lang.Byte kotlin.Byte?\njava.lang.Short kotlin.Short?\njava.lang.Integer kotlin.Int?\njava.lang.Long kotlin.Long?\njava.lang.Character kotlin.Char?\njava.lang.Float kotlin.Float?\njava.lang.Double kotlin.Double?\njava.lang.Boolean kotlin.Boolean?\nNote that a boxed primitive type used as a type parameter is mapped to a platform type: for example, List\u0026lt;java.lang.Integer\u0026gt; becomes a List\u0026lt;Int!\u0026gt; in Kotlin.\nCollection types may be read-only or mutable in Kotlin, so Java\u0027s collections are mapped as follows (all Kotlin types in this table reside in the package kotlin.collections):\nJava type Kotlin read-only type Kotlin mutable type Loaded platform type\nIterator\u0026lt;T\u0026gt; Iterator\u0026lt;T\u0026gt; MutableIterator\u0026lt;T\u0026gt; (Mutable)Iterator\u0026lt;T\u0026gt;!\nIterable\u0026lt;T\u0026gt; Iterable\u0026lt;T\u0026gt; MutableIterable\u0026lt;T\u0026gt; (Mutable)Iterable\u0026lt;T\u0026gt;!\nCollection\u0026lt;T\u0026gt; Collection\u0026lt;T\u0026gt; MutableCollection\u0026lt;T\u0026gt; (Mutable)Collection\u0026lt;T\u0026gt;!\nSet\u0026lt;T\u0026gt; Set\u0026lt;T\u0026gt; MutableSet\u0026lt;T\u0026gt; (Mutable)Set\u0026lt;T\u0026gt;!\nList\u0026lt;T\u0026gt; List\u0026lt;T\u0026gt; MutableList\u0026lt;T\u0026gt; (Mutable)List\u0026lt;T\u0026gt;!\nListIterator\u0026lt;T\u0026gt; ListIterator\u0026lt;T\u0026gt; MutableListIterator\u0026lt;T\u0026gt; (Mutable)ListIterator\u0026lt;T\u0026gt;!\nMap\u0026lt;K, V\u0026gt; Map\u0026lt;K, V\u0026gt; MutableMap\u0026lt;K, V\u0026gt; (Mutable)Map\u0026lt;K, V\u0026gt;!\nMap.Entry\u0026lt;K, V\u0026gt; Map.Entry\u0026lt;K, V\u0026gt; MutableMap.MutableEntry\u0026lt;K,V\u0026gt; (Mutable)Map.(Mutable)Entry\u0026lt;K, V\u0026gt;!\nJava\u0027s arrays are mapped as mentioned below:\nJava type Kotlin type\nint[] kotlin.IntArray!\nString[] kotlin.Array\u0026lt;(out) String!\u0026gt;!\nThe static members of these Java types are not directly accessible on the companion objects of the Kotlin types. To call them, use the full qualified names of the Java types, e.g. java.lang.Integer.toHexString(foo).\n","pageTitle":"Mapped types","metaDescription":"","type":"Documentation","breadcrumbs":"Platforms///JVM","root":0,"depth":2}