{"objectID":"_java_to_kotlin_interop.html#overloads_generation","parent":"_java_to_kotlin_interop.html#properties","pageViews":0,"url":"https://kotlinlang.org/docs/java-to-kotlin-interop.html#overloads-generation","mainTitle":"Calling Kotlin from Java","product":"","headings":"Calling Kotlin from Java,Overloads generation","content":"Normally, if you write a Kotlin function with default parameter values, it is visible in Java only as a full signature, with all parameters present. If you wish to expose multiple overloads to Java callers, you can use the @JvmOverloads annotation.\nThe annotation also works for constructors, static methods, and so on. It can\u0027t be used on abstract methods, including methods defined in interfaces.\nclass Circle @JvmOverloads constructor(centerX: Int, centerY: Int, radius: Double \u003d 1.0) {\n    @JvmOverloads fun draw(label: String, lineWidth: Int \u003d 1, color: String \u003d \"red\") { /*...*/ }\n}\nFor every parameter with a default value, this generates one additional overload, which has this parameter and all parameters to the right of it in the parameter list removed. In this example, the following is generated:\n// Constructors:\nCircle(int centerX, int centerY, double radius)\nCircle(int centerX, int centerY)\n\n// Methods\nvoid draw(String label, int lineWidth, String color) { }\nvoid draw(String label, int lineWidth) { }\nvoid draw(String label) { }\nNote that, as described in Secondary constructors, if a class has default values for all constructor parameters, a public constructor with no arguments is generated for it. This works even if the @JvmOverloads annotation is not specified.\n","pageTitle":"Overloads generation","metaDescription":"","type":"Documentation","breadcrumbs":"Platforms///JVM","root":0,"depth":2}