{"objectID":"_java_interop.html#operators","parent":"_java_interop.html#getters_and_setters","pageViews":0,"url":"https://kotlinlang.org/docs/java-interop.html#operators","mainTitle":"Calling Java from Kotlin","product":"","headings":"Calling Java from Kotlin,Operators","content":"Since Java has no way of marking methods for which it makes sense to use the operator syntax, Kotlin allows using any Java methods with the right name and signature as operator overloads and other conventions (invoke() etc.) Calling Java methods using the infix call syntax is not allowed.\n","pageTitle":"Operators","metaDescription":"","type":"Documentation","breadcrumbs":"Platforms///JVM","root":0,"depth":2}