{"objectID":"_java_to_kotlin_collections_guide.html#zip_elements","parent":"_java_to_kotlin_collections_guide.html#operations_that_are_the_same_in_java_and_kotlin","pageViews":0,"url":"https://kotlinlang.org/docs/java-to-kotlin-collections-guide.html#zip-elements","mainTitle":"Collections in Java and Kotlin","product":"","headings":"Collections in Java and Kotlin,Zip elements","content":"In Java, you can make pairs from elements with the same positions in two collections by iterating simultaneously over them:\n// Java\npublic void zip() {\n    var colors \u003d List.of(\"red\", \"brown\");\n    var animals \u003d List.of(\"fox\", \"bear\", \"wolf\");\n\n    for (int i \u003d 0; i \u0026lt; Math.min(colors.size(), animals.size()); i++) {\n        String animal \u003d animals.get(i);\n        System.out.println(\"The \" + animal.substring(0, 1).toUpperCase()\n               + animal.substring(1) + \" is \" + colors.get(i));\n   }\n}\nIf you want to do something more complex than just printing pairs of elements into the output, you can use Records. In the example above, the record would be record AnimalDescription(String animal, String color) {}.\nIn Kotlin, use the zip() function to do the same thing:\nfun main() {\n//sampleStart\n    // Kotlin\n    val colors \u003d listOf(\"red\", \"brown\")\n    val animals \u003d listOf(\"fox\", \"bear\", \"wolf\")\n\n    println(colors.zip(animals) { color, animal -\u0026gt; \n        \"The ${animal.replaceFirstChar { it.uppercase() }} is $color\" })\n//sampleEnd\n}\nzip() returns the List of Pair objects.\nIf collections have different sizes, the result of zip() is the smaller size. The last elements of the larger collection are not included in the result.\n","pageTitle":"Zip elements","metaDescription":"","type":"Documentation","breadcrumbs":"Platforms///JVM///Java to Kotlin migration guides","root":0,"depth":3}