{"objectID":"_java_to_kotlin_interop.html#no_compatibility","parent":"_java_to_kotlin_interop.html#properties","pageViews":0,"url":"https://kotlinlang.org/docs/java-to-kotlin-interop.html#no-compatibility","mainTitle":"Calling Kotlin from Java","product":"","headings":"Calling Kotlin from Java,no-compatibility","content":"Generates only default implementations in interfaces. Skips compatibility bridges and DefaultImpls classes. Use this mode for new codebases that don\u0027t interact with code that relies on DefaultImpls classes. This can break binary compatibility with older Kotlin code.\nIf interface delegation is used, all interface methods are delegated.\n","pageTitle":"no-compatibility","metaDescription":"","type":"Documentation","breadcrumbs":"Platforms///JVM","root":0,"depth":2}