{"objectID":"_java_to_kotlin_interop.html#inline_value_classes","parent":"_java_to_kotlin_interop.html#properties","pageViews":0,"url":"https://kotlinlang.org/docs/java-to-kotlin-interop.html#inline-value-classes","mainTitle":"Calling Kotlin from Java","product":"","headings":"Calling Kotlin from Java,Inline value classes","content":"If you want Java code to work smoothly with Kotlin\u0027s inline value classes, you can use the @JvmExposeBoxed annotation or the -Xjvm-expose-boxed compiler option. These approaches ensure Kotlin generates the necessary boxed representations for Java interoperability.\nBy default, Kotlin compiles inline value classes to use unboxed representations, which are often inaccessible from Java. For example, you can\u0027t call the constructor for the MyInt class from Java:\n@JvmInline\nvalue class MyInt(val value: Int)\nSo the following Java code fails:\nMyInt input \u003d new MyInt(5);\nYou can use the @JvmExposeBoxed annotation so that Kotlin generates a public constructor that you can call from Java directly. You can apply the annotation at the following levels to ensure fine-grained control over what\u0027s exposed to Java:\n- Class\n- Constructor\n- Function\nBefore using the @JvmExposeBoxed annotation in your code, you must opt in by using @OptIn(ExperimentalStdlibApi::class). For example:\n@OptIn(ExperimentalStdlibApi::class)\n@JvmExposeBoxed\n@JvmInline\nvalue class MyInt(val value: Int)\n\n@OptIn(ExperimentalStdlibApi::class)\n@JvmExposeBoxed\nfun MyInt.timesTwoBoxed(): MyInt \u003d MyInt(this.value * 2)\nWith these annotations, Kotlin generates a Java-accessible constructor for the MyInt class and a variant for the extension function that uses the boxed form of the value class. So the following Java code runs successfully:\nMyInt input \u003d new MyInt(5);\nMyInt output \u003d ExampleKt.timesTwoBoxed(input);\nTo apply this behavior to all inline value classes and the functions that use them within a module, compile it with the -Xjvm-expose-boxed option. Compiling with this option has the same effect as if every declaration in the module has the @JvmExposeBoxed annotation.\n","pageTitle":"Inline value classes","metaDescription":"","type":"Documentation","breadcrumbs":"Platforms///JVM","root":0,"depth":2}