{"objectID":"_java_to_kotlin_idioms_strings.html#concatenate_strings","parent":"_java_to_kotlin_idioms_strings.html#concatenate_strings","pageViews":0,"url":"https://kotlinlang.org/docs/java-to-kotlin-idioms-strings.html#concatenate-strings","mainTitle":"Strings in Java and Kotlin","product":"","headings":"Strings in Java and Kotlin,Concatenate strings","content":"In Java, you can do this in the following way:\n// Java\nString name \u003d \"Joe\";\nSystem.out.println(\"Hello, \" + name);\nSystem.out.println(\"Your name is \" + name.length() + \" characters long\");\nIn Kotlin, use the dollar sign ($) before the variable name to interpolate the value of this variable into your string:\nfun main() {\n//sampleStart\n    // Kotlin\n    val name \u003d \"Joe\"\n    println(\"Hello, $name\")\n    println(\"Your name is ${name.length} characters long\")\n//sampleEnd\n}\nYou can interpolate the value of a complicated expression by surrounding it with curly braces, like in ${name.length}. See string templates for more information.\n","pageTitle":"Concatenate strings","metaDescription":"","type":"Documentation","breadcrumbs":"Platforms///JVM///Java to Kotlin migration guides","root":0,"depth":3}