{"objectID":"_java_to_kotlin_idioms_strings.html#create_a_string_from_collection_items","parent":"_java_to_kotlin_idioms_strings.html#concatenate_strings","pageViews":0,"url":"https://kotlinlang.org/docs/java-to-kotlin-idioms-strings.html#create-a-string-from-collection-items","mainTitle":"Strings in Java and Kotlin","product":"","headings":"Strings in Java and Kotlin,Create a string from collection items","content":"In Java, you use the Stream API to filter, map, and then collect the items:\n// Java\nList\u0026lt;Integer\u0026gt; numbers \u003d List.of(1, 2, 3, 4, 5, 6);\nString invertedOddNumbers \u003d numbers\n        .stream()\n        .filter(it -\u0026gt; it % 2 !\u003d 0)\n        .map(it -\u0026gt; -it)\n        .map(Object::toString)\n        .collect(Collectors.joining(\"; \"));\nSystem.out.println(invertedOddNumbers);\nIn Kotlin, use the joinToString() function, which Kotlin defines for every List:\nfun main() {\n//sampleStart\n    // Kotlin\n    val numbers \u003d listOf(1, 2, 3, 4, 5, 6)\n    val invertedOddNumbers \u003d numbers\n        .filter { it % 2 !\u003d 0 }\n        .joinToString(separator \u003d \";\") {\"${-it}\"}\n    println(invertedOddNumbers)\n//sampleEnd\n}\nIn Java, if you want spaces between your delimiters and following items, you need to add a space to the delimiter explicitly.\nLearn more about joinToString() usage.\n","pageTitle":"Create a string from collection items","metaDescription":"","type":"Documentation","breadcrumbs":"Platforms///JVM///Java to Kotlin migration guides","root":0,"depth":3}