{"objectID":"_java_to_kotlin_collections_guide.html#operations_on_lists_sets_queues_and_deques","parent":"_java_to_kotlin_collections_guide.html#operations_that_are_the_same_in_java_and_kotlin","pageViews":0,"url":"https://kotlinlang.org/docs/java-to-kotlin-collections-guide.html#operations-on-lists-sets-queues-and-deques","mainTitle":"Collections in Java and Kotlin","product":"","headings":"Collections in Java and Kotlin,Operations on lists, sets, queues, and deques","content":"Description Common operations More Kotlin alternatives\nAdd an element or elements add(), addAll() Use the plusAssign(+\u003d) operator: collection +\u003d element, collection +\u003d anotherCollection.\nCheck whether a collection contains an element or elements contains(), containsAll() Use the in keyword to call contains() in the operator form: element in collection.\nCheck whether a collection is empty isEmpty() Use isNotEmpty() to check whether a collection is not empty.\nRemove under a certain condition removeIf()\nLeave only selected elements retainAll()\nRemove all elements from a collection clear()\nGet a stream from a collection stream() Kotlin has its own way to process streams: sequences and methods like map() and filter().\nGet an iterator from a collection iterator()\n","pageTitle":"Operations on lists, sets, queues, and deques","metaDescription":"","type":"Documentation","breadcrumbs":"Platforms///JVM///Java to Kotlin migration guides","root":0,"depth":3}