{"objectID":"_java_to_kotlin_collections_guide.html#filter_elements","parent":"_java_to_kotlin_collections_guide.html#operations_that_are_the_same_in_java_and_kotlin","pageViews":0,"url":"https://kotlinlang.org/docs/java-to-kotlin-collections-guide.html#filter-elements","mainTitle":"Collections in Java and Kotlin","product":"","headings":"Collections in Java and Kotlin,Filter elements","content":"In Java, to filter elements from a collection, you need to use the Stream API. The Stream API has intermediate and terminal operations. filter() is an intermediate operation, which returns a stream. To receive a collection as the output, you need to use a terminal operation, like collect(). For example, to leave only those pairs whose keys end with 1 and whose values are greater than 10:\n// Java\npublic void filterEndsWith() {\n    var numbers \u003d Map.of(\"key1\", 1, \"key2\", 2, \"key3\", 3, \"key11\", 11);\n    var filteredNumbers \u003d numbers.entrySet().stream()\n        .filter(entry -\u0026gt; entry.getKey().endsWith(\"1\") \u0026\u0026 entry.getValue() \u0026gt; 10)\n        .collect(Collectors.toMap(Map.Entry::getKey, Map.Entry::getValue));\n    System.out.println(filteredNumbers);\n}\nIn Kotlin, filtering is built into collections, and filter() returns the same collection type that was filtered. So, all you need to write is the filter() and its predicate:\nfun main() {\n//sampleStart\n    // Kotlin\n    val numbers \u003d mapOf(\"key1\" to 1, \"key2\" to 2, \"key3\" to 3, \"key11\" to 11)\n    val filteredNumbers \u003d numbers.filter { (key, value) -\u0026gt; key.endsWith(\"1\") \u0026\u0026 value \u0026gt; 10 }\n    println(filteredNumbers)\n//sampleEnd\n}\nLearn more about filtering maps here.\n","pageTitle":"Filter elements","metaDescription":"","type":"Documentation","breadcrumbs":"Platforms///JVM///Java to Kotlin migration guides","root":0,"depth":3}