{"objectID":"_java_to_kotlin_nullability_guide.html#support_for_nullable_types","parent":"_java_to_kotlin_nullability_guide.html#support_for_nullable_types","pageViews":0,"url":"https://kotlinlang.org/docs/java-to-kotlin-nullability-guide.html#support-for-nullable-types","mainTitle":"Nullability in Java and Kotlin","product":"","headings":"Nullability in Java and Kotlin,Support for nullable types","content":"The most important difference between Kotlin\u0027s and Java\u0027s type systems is Kotlin\u0027s explicit support for nullable types. It is a way to indicate which variables can possibly hold a null value. If a variable can be null, it\u0027s not safe to call a method on the variable because this can cause a NullPointerException. Kotlin prohibits such calls at compile time and thereby prevents lots of possible exceptions. At runtime, objects of nullable types and objects of non-nullable types are treated the same: A nullable type isn\u0027t a wrapper for a non-nullable type. All checks are performed at compile time. That means there\u0027s almost no runtime overhead for working with nullable types in Kotlin.\nWe say \u0026quot;almost\u0026quot; because, even though intrinsic checks are generated, their overhead is minimal.\nIn Java, if you don\u0027t write null checks, methods may throw a NullPointerException:\n// Java\nint stringLength(String a) {\n    return a.length();\n}\n\nvoid main() {\n    stringLength(null); // Throws a `NullPointerException`\n}\nThis call will have the following output:\njava.lang.NullPointerException: Cannot invoke \"String.length()\" because \"a\" is null\n    at test.java.Nullability.stringLength(Nullability.java:8)\n    at test.java.Nullability.main(Nullability.java:12)\n    at java.base/java.util.ArrayList.forEach(ArrayList.java:1511)\n    at java.base/java.util.ArrayList.forEach(ArrayList.java:1511)\nIn Kotlin, all regular types are non-nullable by default unless you explicitly mark them as nullable. If you don\u0027t expect a to be null, declare the stringLength() function as follows:\n// Kotlin\nfun stringLength(a: String) \u003d a.length\nThe parameter a has the String type, which in Kotlin means it must always contain a String instance and it cannot contain null. Nullable types in Kotlin are marked with a question mark ?, for example, String?. The situation with a NullPointerException at runtime is impossible if a is String because the compiler enforces the rule that all arguments of stringLength() not be null.\nAn attempt to pass a null value to the stringLength(a: String) function will result in a compile-time error, \u0026quot;Null can not be a value of a non-null type String\u0026quot;:\nPassing null to a non-nullable function error If you want to use this function with any arguments, including null, use a question mark after the argument type String? and check inside the function body to ensure that the value of the argument is not null:\n// Kotlin\nfun stringLength(a: String?): Int \u003d if (a !\u003d null) a.length else 0\nAfter the check is passed successfully, the compiler treats the variable as if it were of the non-nullable type String in the scope where the compiler performs the check.\nIf you don\u0027t perform this check, the code will fail to compile with the following message: \u0026quot;Only safe (?.) or non-nullable asserted (!!.) calls are allowed on a nullable receiver of type String?\u0026quot;.\nYou can write the same shorter – use the safe-call operator ?. (If-not-null shorthand), which allows you to combine a null check and a method call into a single operation:\n// Kotlin\nfun stringLength(a: String?): Int \u003d a?.length ?: 0\n","pageTitle":"Support for nullable types","metaDescription":"","type":"Documentation","breadcrumbs":"Platforms///JVM///Java to Kotlin migration guides","root":0,"depth":3}