{"objectID":"_java_to_kotlin_nullability_guide.html#default_values_instead_of_null","parent":"_java_to_kotlin_nullability_guide.html#support_for_nullable_types","pageViews":0,"url":"https://kotlinlang.org/docs/java-to-kotlin-nullability-guide.html#default-values-instead-of-null","mainTitle":"Nullability in Java and Kotlin","product":"","headings":"Nullability in Java and Kotlin,Default values instead of null","content":"Checking for null is often used in combination with setting the default value in case the null check is successful.\nThe Java code with a null check:\n// Java\nOrder order \u003d findOrder();\nif (order \u003d\u003d null) {\n    order \u003d new Order(new Customer(\"Antonio\"))\n}\nTo express the same in Kotlin, use the Elvis operator (If-not-null-else shorthand):\n// Kotlin\nval order \u003d findOrder() ?: Order(Customer(\"Antonio\"))\n","pageTitle":"Default values instead of null","metaDescription":"","type":"Documentation","breadcrumbs":"Platforms///JVM///Java to Kotlin migration guides","root":0,"depth":3}