{"objectID":"_java_to_kotlin_collections_guide.html#sequences","parent":"_java_to_kotlin_collections_guide.html#operations_that_are_the_same_in_java_and_kotlin","pageViews":0,"url":"https://kotlinlang.org/docs/java-to-kotlin-collections-guide.html#sequences","mainTitle":"Collections in Java and Kotlin","product":"","headings":"Collections in Java and Kotlin,Sequences","content":"In Java, you can generate a sequence of numbers this way:\n// Java\nint sum \u003d IntStream.iterate(1, e -\u0026gt; e + 3)\n    .limit(10).sum();\nSystem.out.println(sum); // Prints 145\nIn Kotlin, use sequences. Multi-step processing of sequences is executed lazily when possible – actual computing happens only when the result of the whole processing chain is requested.\nfun main() {\n//sampleStart\n    // Kotlin\n    val sum \u003d generateSequence(1) {\n        it + 3\n    }.take(10).sum()\n    println(sum) // Prints 145\n//sampleEnd\n}\nSequences may reduce the number of steps that are needed to perform some filtering operations. See the sequence processing example, which shows the difference between Iterable and Sequence.\n","pageTitle":"Sequences","metaDescription":"","type":"Documentation","breadcrumbs":"Platforms///JVM///Java to Kotlin migration guides","root":0,"depth":3}