{"objectID":"_java_to_kotlin_idioms_strings.html#split_a_string","parent":"_java_to_kotlin_idioms_strings.html#concatenate_strings","pageViews":0,"url":"https://kotlinlang.org/docs/java-to-kotlin-idioms-strings.html#split-a-string","mainTitle":"Strings in Java and Kotlin","product":"","headings":"Strings in Java and Kotlin,Split a string","content":"In Java, to split a string with the period character (.), you need to use shielding (\\\\). This happens because the split() function of the String class accepts a regular expression as an argument:\n// Java\nSystem.out.println(Arrays.toString(\"Sometimes.text.should.be.split\".split(\"\\\\.\")));\nIn Kotlin, use the Kotlin function split(), which accepts varargs of delimiters as input parameters:\nfun main() {\n//sampleStart\n    // Kotlin\n    println(\"Sometimes.text.should.be.split\".split(\".\"))\n//sampleEnd\n}\nIf you need to split with a regular expression, use the overloaded split() version that accepts the Regex as a parameter.\n","pageTitle":"Split a string","metaDescription":"","type":"Documentation","breadcrumbs":"Platforms///JVM///Java to Kotlin migration guides","root":0,"depth":3}