{"objectID":"_java_to_kotlin_collections_guide.html#traverse_a_map","parent":"_java_to_kotlin_collections_guide.html#operations_that_are_the_same_in_java_and_kotlin","pageViews":0,"url":"https://kotlinlang.org/docs/java-to-kotlin-collections-guide.html#traverse-a-map","mainTitle":"Collections in Java and Kotlin","product":"","headings":"Collections in Java and Kotlin,Traverse a map","content":"In Java, you can traverse a map via forEach:\n// Java\nnumbers.forEach((k,v) -\u0026gt; System.out.println(\"Key \u003d \" + k + \", Value \u003d \" + v));\nIn Kotlin, use a for loop or a forEach, similar to Java\u0027s forEach, to traverse a map:\n// Kotlin\nfor ((k, v) in numbers) {\n    println(\"Key \u003d $k, Value \u003d $v\")\n}\n// Or\nnumbers.forEach { (k, v) -\u0026gt; println(\"Key \u003d $k, Value \u003d $v\") }\n","pageTitle":"Traverse a map","metaDescription":"","type":"Documentation","breadcrumbs":"Platforms///JVM///Java to Kotlin migration guides","root":0,"depth":3}