{"objectID":"_java_interop.html#escaping_for_java_identifiers_that_are_keywords_in_kotlin","parent":"_java_interop.html#getters_and_setters","pageViews":0,"url":"https://kotlinlang.org/docs/java-interop.html#escaping-for-java-identifiers-that-are-keywords-in-kotlin","mainTitle":"Calling Java from Kotlin","product":"","headings":"Calling Java from Kotlin,Escaping for Java identifiers that are keywords in Kotlin","content":"Some of the Kotlin keywords are valid identifiers in Java: in, object, is, and other. If a Java library uses a Kotlin keyword for a method, you can still call the method escaping it with the backtick (`) character:\nfoo.`is`(bar)\n","pageTitle":"Escaping for Java identifiers that are keywords in Kotlin","metaDescription":"","type":"Documentation","breadcrumbs":"Platforms///JVM","root":0,"depth":2}