{"objectID":"_java_interop.html#undermigration_annotation","parent":"_java_interop.html#getters_and_setters","pageViews":0,"url":"https://kotlinlang.org/docs/java-interop.html#undermigration-annotation","mainTitle":"Calling Java from Kotlin","product":"","headings":"Calling Java from Kotlin,@UnderMigration annotation","content":"The @UnderMigration annotation (provided in a separate artifact kotlin-annotations-jvm) can be used by library maintainers to define the migration status for the nullability type qualifiers.\nThe status value in @UnderMigration(status \u003d ...) specifies how the compiler treats inappropriate usages of the annotated types in Kotlin (e.g. using a @MyNullable-annotated type value as non-null):\n- MigrationStatus.STRICT makes annotation work as any plain nullability annotation, i.e. report errors for the inappropriate usages and affect the types in the annotated declarations as they are seen in Kotlin\n- MigrationStatus.WARN: the inappropriate usages are reported as compilation warnings instead of errors, but the types in the annotated declarations remain platform\n- MigrationStatus.IGNORE makes the compiler ignore the nullability annotation completely\nA library maintainer can add @UnderMigration status to both type qualifier nicknames and type qualifier defaults:\n@Nonnull(when \u003d When.ALWAYS)\n@TypeQualifierDefault({ElementType.METHOD, ElementType.PARAMETER})\n@UnderMigration(status \u003d MigrationStatus.WARN)\npublic @interface NonNullApi {\n}\n\n// The types in the class are non-nullable, but only warnings are reported\n// because `@NonNullApi` is annotated `@UnderMigration(status \u003d MigrationStatus.WARN)`\n@NonNullApi\npublic class Test {}\nThe migration status of a nullability annotation is not inherited by its type qualifier nicknames but is applied to its usages in default type qualifiers.\nIf a default type qualifier uses a type qualifier nickname and they are both @UnderMigration, the status from the default type qualifier is used.\n","pageTitle":"@UnderMigration annotation","metaDescription":"","type":"Documentation","breadcrumbs":"Platforms///JVM","root":0,"depth":2}