{"objectID":"_java_interop.html#annotating_type_arguments_and_type_parameters","parent":"_java_interop.html#getters_and_setters","pageViews":0,"url":"https://kotlinlang.org/docs/java-interop.html#annotating-type-arguments-and-type-parameters","mainTitle":"Calling Java from Kotlin","product":"","headings":"Calling Java from Kotlin,Annotating type arguments and type parameters","content":"You can annotate the type arguments and type parameters of generic types to provide nullability information for them as well.\nAll examples in the section use JetBrains nullability annotations from the org.jetbrains.annotations package.\n","pageTitle":"Annotating type arguments and type parameters","metaDescription":"","type":"Documentation","breadcrumbs":"Platforms///JVM","root":0,"depth":2}