{"objectID":"_java_interop.html#null_safety_and_platform_types","parent":"_java_interop.html#getters_and_setters","pageViews":0,"url":"https://kotlinlang.org/docs/java-interop.html#null-safety-and-platform-types","mainTitle":"Calling Java from Kotlin","product":"","headings":"Calling Java from Kotlin,Null-safety and platform types","content":"Any reference in Java may be null, which makes Kotlin\u0027s requirements of strict null-safety impractical for objects coming from Java. Types of Java declarations are treated in Kotlin in a specific manner and called platform types. Null-checks are relaxed for such types, so that safety guarantees for them are the same as in Java (see more below).\nConsider the following examples:\nval list \u003d ArrayList\u0026lt;String\u0026gt;() // non-null (constructor result)\nlist.add(\"Item\")\nval size \u003d list.size // non-null (primitive int)\nval item \u003d list[0] // platform type inferred (ordinary Java object)\nWhen you call methods on variables of platform types, Kotlin does not issue nullability errors at compile time, but the call may fail at runtime, because of a null-pointer exception or an assertion that Kotlin generates to prevent nulls from propagating:\nitem.substring(1) // allowed, throws an exception if item \u003d\u003d null\nPlatform types are non-denotable, meaning that you can\u0027t write them down explicitly in the language. When a platform value is assigned to a Kotlin variable, you can rely on the type inference (the variable will have an inferred platform type then, as item has in the example above), or you can choose the type you expect (both nullable and non-nullable types are allowed):\nval nullable: String? \u003d item // allowed, always works\nval notNull: String \u003d item // allowed, may fail at runtime\nIf you choose a non-nullable type, the compiler will emit an assertion upon assignment. This prevents Kotlin\u0027s non-nullable variables from holding nulls. Assertions are also emitted when you pass platform values to Kotlin functions expecting non-null values and in other cases. Overall, the compiler does its best to prevent nulls from propagating far through the program although sometimes this is impossible to eliminate entirely, because of generics.\n","pageTitle":"Null-safety and platform types","metaDescription":"","type":"Documentation","breadcrumbs":"Platforms///JVM","root":0,"depth":2}