{"objectID":"_java_interop.html#type_arguments","parent":"_java_interop.html#getters_and_setters","pageViews":0,"url":"https://kotlinlang.org/docs/java-interop.html#type-arguments","mainTitle":"Calling Java from Kotlin","product":"","headings":"Calling Java from Kotlin,Type arguments","content":"Consider these annotations on a Java declaration:\n@NotNull\nSet\u0026lt;@NotNull String\u0026gt; toSet(@NotNull Collection\u0026lt;@NotNull String\u0026gt; elements) { ... }\nThey result in the following signature in Kotlin:\nfun toSet(elements: (Mutable)Collection\u0026lt;String\u0026gt;) : (Mutable)Set\u0026lt;String\u0026gt; { ... }\nWhen the @NotNull annotation is missing from a type argument, you get a platform type instead:\nfun toSet(elements: (Mutable)Collection\u0026lt;String!\u0026gt;) : (Mutable)Set\u0026lt;String!\u0026gt; { ... }\nKotlin also takes into account nullability annotations on type arguments of base classes and interfaces. For example, there are two Java classes with the signatures provided below:\npublic class Base\u0026lt;T\u0026gt; {}\npublic class Derived extends Base\u0026lt;@Nullable String\u0026gt; {}\nIn the Kotlin code, passing the instance of Derived where the Base\u0026lt;String\u0026gt; is assumed produces the warning.\nfun takeBaseOfNotNullStrings(x: Base\u0026lt;String\u0026gt;) {}\n\nfun main() {\n    takeBaseOfNotNullStrings(Derived()) // warning: nullability mismatch\n}\nThe upper bound of Derived is set to Base\u0026lt;String?\u0026gt;, which is different from Base\u0026lt;String\u0026gt;.\nLearn more about Java generics in Kotlin.\n","pageTitle":"Type arguments","metaDescription":"","type":"Documentation","breadcrumbs":"Platforms///JVM","root":0,"depth":2}