{"objectID":"_java_to_kotlin_interop.html#package_level_functions","parent":"_java_to_kotlin_interop.html#properties","pageViews":0,"url":"https://kotlinlang.org/docs/java-to-kotlin-interop.html#package-level-functions","mainTitle":"Calling Kotlin from Java","product":"","headings":"Calling Kotlin from Java,Package-level functions","content":"All the functions and properties declared in a file app.kt inside a package org.example, including extension functions, are compiled into static methods of a Java class named org.example.AppKt.\n// app.kt\npackage org.example\n\nclass Util\n\nfun getTime() { /*...*/ }\n\n// Java\nnew org.example.Util();\norg.example.AppKt.getTime();\nTo set a custom name to the generated Java class, use the @JvmName annotation:\n@file:JvmName(\"DemoUtils\")\n\npackage org.example\n\nclass Util\n\nfun getTime() { /*...*/ }\n\n// Java\nnew org.example.Util();\norg.example.DemoUtils.getTime();\nHaving multiple files with the same generated Java class name (the same package and the same name or the same @JvmName annotation) is normally an error. However, the compiler can generate a single Java facade class which has the specified name and contains all the declarations from all the files which have that name. To enable the generation of such a facade, use the @JvmMultifileClass annotation in all such files.\n// oldutils.kt\n@file:JvmName(\"Utils\")\n@file:JvmMultifileClass\n\npackage org.example\n\nfun getTime() { /*...*/ }\n// newutils.kt\n@file:JvmName(\"Utils\")\n@file:JvmMultifileClass\n\npackage org.example\n\nfun getDate() { /*...*/ }\n// Java\norg.example.Utils.getTime();\norg.example.Utils.getDate();\n","pageTitle":"Package-level functions","metaDescription":"","type":"Documentation","breadcrumbs":"Platforms///JVM","root":0,"depth":2}