{"objectID":"_java_to_kotlin_nullability_guide.html#aggregate_operations","parent":"_java_to_kotlin_nullability_guide.html#support_for_nullable_types","pageViews":0,"url":"https://kotlinlang.org/docs/java-to-kotlin-nullability-guide.html#aggregate-operations","mainTitle":"Nullability in Java and Kotlin","product":"","headings":"Nullability in Java and Kotlin,Aggregate operations","content":"When you need to get the biggest element or null if there are no elements, in Java you would use the Stream API:\n// Java\nvar numbers \u003d new ArrayList\u0026lt;Integer\u0026gt;();\nvar max \u003d numbers.stream().max(Comparator.naturalOrder()).orElse(null);\nSystem.out.println(\"Max: \" + max);\nIn Kotlin, use aggregate operations:\n// Kotlin\nval numbers \u003d listOf\u0026lt;Int\u0026gt;()\nprintln(\"Max: ${numbers.maxOrNull()}\")\nLearn more about collections in Java and Kotlin.\n","pageTitle":"Aggregate operations","metaDescription":"","type":"Documentation","breadcrumbs":"Platforms///JVM///Java to Kotlin migration guides","root":0,"depth":3}