{"objectID":"_java_to_kotlin_collections_guide.html#get_the_first_and_the_last_items_of_a_possibly_empty_collection","parent":"_java_to_kotlin_collections_guide.html#operations_that_are_the_same_in_java_and_kotlin","pageViews":0,"url":"https://kotlinlang.org/docs/java-to-kotlin-collections-guide.html#get-the-first-and-the-last-items-of-a-possibly-empty-collection","mainTitle":"Collections in Java and Kotlin","product":"","headings":"Collections in Java and Kotlin,Get the first and the last items of a possibly empty collection","content":"In Java, you can safely get the first and the last items by checking the size of the collection and using indices:\n// Java\nvar list \u003d new ArrayList\u0026lt;\u0026gt;();\n//...\nif (list.size() \u0026gt; 0) {\n    System.out.println(list.get(0));\n    System.out.println(list.get(list.size() - 1));\n}\nYou can also use the getFirst() and getLast() functions for Deque and its inheritors:\n// Java\nvar deque \u003d new ArrayDeque\u0026lt;\u0026gt;();\n//...\nif (deque.size() \u0026gt; 0) {\n    System.out.println(deque.getFirst());\n    System.out.println(deque.getLast());\n}\nIn Kotlin, there are the special functions firstOrNull() and lastOrNull(). Using the Elvis operator, you can perform further actions right away depending on the result of a function. For example, firstOrNull():\n// Kotlin\nval emails \u003d listOf\u0026lt;String\u0026gt;() // Might be empty\nval theOldestEmail \u003d emails.firstOrNull() ?: \"\"\nval theFreshestEmail \u003d emails.lastOrNull() ?: \"\"\n","pageTitle":"Get the first and the last items of a possibly empty collection","metaDescription":"","type":"Documentation","breadcrumbs":"Platforms///JVM///Java to Kotlin migration guides","root":0,"depth":3}