{"objectID":"_java_to_kotlin_nullability_guide.html#functions_returning_a_value_or_null","parent":"_java_to_kotlin_nullability_guide.html#support_for_nullable_types","pageViews":0,"url":"https://kotlinlang.org/docs/java-to-kotlin-nullability-guide.html#functions-returning-a-value-or-null","mainTitle":"Nullability in Java and Kotlin","product":"","headings":"Nullability in Java and Kotlin,Functions returning a value or null","content":"In Java, you need to be careful when working with list elements. You should always check whether an element exists at an index before you attempt to use the element:\n// Java\nvar numbers \u003d new ArrayList\u0026lt;Integer\u0026gt;();\nnumbers.add(1);\nnumbers.add(2);\n\nSystem.out.println(numbers.get(0));\n//numbers.get(5) // Exception!\nThe Kotlin standard library often provides functions whose names indicate whether they can possibly return a null value. This is especially common in the collections API:\nfun main() {\n//sampleStart\n    // Kotlin\n    // The same code as in Java:\n    val numbers \u003d listOf(1, 2)\n    \n    println(numbers[0])  // Can throw IndexOutOfBoundsException if the collection is empty\n    //numbers.get(5)     // Exception!\n\n    // More abilities:\n    println(numbers.firstOrNull())\n    println(numbers.getOrNull(5)) // null\n//sampleEnd\n}\n","pageTitle":"Functions returning a value or null","metaDescription":"","type":"Documentation","breadcrumbs":"Platforms///JVM///Java to Kotlin migration guides","root":0,"depth":3}