{"objectID":"_java_to_kotlin_collections_guide.html#operations_on_maps","parent":"_java_to_kotlin_collections_guide.html#operations_that_are_the_same_in_java_and_kotlin","pageViews":0,"url":"https://kotlinlang.org/docs/java-to-kotlin-collections-guide.html#operations-on-maps","mainTitle":"Collections in Java and Kotlin","product":"","headings":"Collections in Java and Kotlin,Operations on maps","content":"Description Common operations More Kotlin alternatives\nAdd an element or elements put(), putAll(), putIfAbsent() In Kotlin, the assignment map[key] \u003d value behaves the same as put(key, value). Also, you may use the plusAssign(+\u003d) operator: map +\u003d Pair(key, value) or map +\u003d anotherMap.\nReplace an element or elements put(), replace(), replaceAll() Use the indexing operator map[key] \u003d value instead of put() and replace().\nGet an element get() Use the indexing operator to get an element: map[index].\nCheck whether a map contains an element or elements containsKey(), containsValue() Use the in keyword to call contains() in the operator form: element in map.\nCheck whether a map is empty isEmpty() Use isNotEmpty() to check whether a map is not empty.\nRemove an element remove(key), remove(key, value) Use the minusAssign(-\u003d) operator: map -\u003d key.\nRemove all elements from a map clear()\nGet a stream from a map stream() on entries, keys, or values\n","pageTitle":"Operations on maps","metaDescription":"","type":"Documentation","breadcrumbs":"Platforms///JVM///Java to Kotlin migration guides","root":0,"depth":3}