{"objectID":"_java_to_kotlin_interop.html#enable","parent":"_java_to_kotlin_interop.html#properties","pageViews":0,"url":"https://kotlinlang.org/docs/java-to-kotlin-interop.html#enable","mainTitle":"Calling Kotlin from Java","product":"","headings":"Calling Kotlin from Java,enable","content":"Default behavior. Generates default implementations in interfaces and includes compatibility bridges and DefaultImpls classes. This mode maintains compatibility with older compiled Kotlin code.\n","pageTitle":"enable","metaDescription":"","type":"Documentation","breadcrumbs":"Platforms///JVM","root":0,"depth":2}