{"objectID":"_java_to_kotlin_nullability_guide.html#casting_types_safely","parent":"_java_to_kotlin_nullability_guide.html#support_for_nullable_types","pageViews":0,"url":"https://kotlinlang.org/docs/java-to-kotlin-nullability-guide.html#casting-types-safely","mainTitle":"Nullability in Java and Kotlin","product":"","headings":"Nullability in Java and Kotlin,Casting types safely","content":"When you need to safely cast a type, in Java you would use the instanceof operator and then check how well it worked:\n// Java\nint getStringLength(Object y) {\n    return y instanceof String x ? x.length() : -1;\n}\n\nvoid main() {\n    System.out.println(getStringLength(1)); // Prints `-1`\n}\nTo avoid exceptions in Kotlin, use the safe cast operator as?, which returns null on failure:\n// Kotlin\nfun main() {\n    println(getStringLength(1)) // Prints `-1`\n}\n\nfun getStringLength(y: Any): Int {\n    val x: String? \u003d y as? String // null\n    return x?.length ?: -1 // Returns -1 because `x` is null\n}\nIn the Java example above, the function getStringLength() returns a result of the primitive type int. To make it return null, you can use the boxed type Integer. However, it\u0027s more resource-efficient to make such functions return a negative value and then check the value – you would do the check anyway, but no additional boxing is performed this way.\n","pageTitle":"Casting types safely","metaDescription":"","type":"Documentation","breadcrumbs":"Platforms///JVM///Java to Kotlin migration guides","root":0,"depth":3}