{"objectID":"_java_to_kotlin_interop.html#compatibility_modes_for_default_methods","parent":"_java_to_kotlin_interop.html#properties","pageViews":0,"url":"https://kotlinlang.org/docs/java-to-kotlin-interop.html#compatibility-modes-for-default-methods","mainTitle":"Calling Kotlin from Java","product":"","headings":"Calling Kotlin from Java,Compatibility modes for default methods","content":"Kotlin provides three modes for controlling how functions in interfaces are compiled to JVM default methods. These modes determine whether the compiler generates compatibility bridges and static methods in DefaultImpls classes.\nYou can control this behavior using the -jvm-default compiler option:\nThe -jvm-default compiler option replaces the deprecated -Xjvm-default option.\nLearn more about compatibility modes:\n","pageTitle":"Compatibility modes for default methods","metaDescription":"","type":"Documentation","breadcrumbs":"Platforms///JVM","root":0,"depth":2}