{"objectID":"_java_to_kotlin_interop.html#static_methods","parent":"_java_to_kotlin_interop.html#properties","pageViews":0,"url":"https://kotlinlang.org/docs/java-to-kotlin-interop.html#static-methods","mainTitle":"Calling Kotlin from Java","product":"","headings":"Calling Kotlin from Java,Static methods","content":"As mentioned above, Kotlin represents package-level functions as static methods. Kotlin can also generate static methods for functions defined in named objects or companion objects if you annotate those functions as @JvmStatic. If you use this annotation, the compiler generates both a static method in the enclosing class of the object and an instance method in the object itself. For example:\nclass C {\n    companion object {\n        @JvmStatic fun callStatic() {}\n        fun callNonStatic() {}\n    }\n}\nNow, callStatic() is static in Java while callNonStatic() is not:\n\nC.callStatic(); // works fine\nC.callNonStatic(); // error: not a static method\nC.Companion.callStatic(); // instance method remains\nC.Companion.callNonStatic(); // the only way it works\nSimilarly, for named objects:\nobject Obj {\n    @JvmStatic fun callStatic() {}\n    fun callNonStatic() {}\n}\nIn Java:\n\nObj.callStatic(); // works fine\nObj.callNonStatic(); // error\nObj.INSTANCE.callNonStatic(); // works, a call through the singleton instance\nObj.INSTANCE.callStatic(); // works too\nStarting from Kotlin 1.3, @JvmStatic applies to functions defined in companion objects of interfaces as well. Such functions compile to static methods in interfaces. Note that static method in interfaces were introduced in Java 1.8, so be sure to use the corresponding targets.\ninterface ChatBot {\n    companion object {\n        @JvmStatic fun greet(username: String) {\n            println(\"Hello, $username\")\n        }\n    }\n}\nYou can also apply @JvmStatic annotation to the property of an object or a companion object making its getter and setter methods static members in that object or the class containing the companion object.\n","pageTitle":"Static methods","metaDescription":"","type":"Documentation","breadcrumbs":"Platforms///JVM","root":0,"depth":2}