{"objectID":"_java_to_kotlin_collections_guide.html#operations_that_don_t_exist_in_java_s_standard_library","parent":"_java_to_kotlin_collections_guide.html#operations_that_are_the_same_in_java_and_kotlin","pageViews":0,"url":"https://kotlinlang.org/docs/java-to-kotlin-collections-guide.html#operations-that-don-t-exist-in-java-s-standard-library","mainTitle":"Collections in Java and Kotlin","product":"","headings":"Collections in Java and Kotlin,Operations that don\u0027t exist in Java\u0027s standard library","content":"- zip(), unzip() – transform a collection.\n- aggregate() – group by a condition.\n- takeLast(), takeLastWhile(), dropLast(), dropLastWhile() – take or drop elements by a predicate.\n- slice(), chunked(), windowed() – retrieve collection parts.\n- Plus (+) and minus (-) operators – add or remove elements.\nIf you want to take a deep dive into zip(), chunked(), windowed(), and some other operations, watch this video by Sebastian Aigner about advanced collection operations in Kotlin:\n","pageTitle":"Operations that don\u0027t exist in Java\u0027s standard library","metaDescription":"","type":"Documentation","breadcrumbs":"Platforms///JVM///Java to Kotlin migration guides","root":0,"depth":3}