{"objectID":"_java_interop.html#using_lombok_generated_declarations_in_kotlin","parent":"_java_interop.html#getters_and_setters","pageViews":0,"url":"https://kotlinlang.org/docs/java-interop.html#using-lombok-generated-declarations-in-kotlin","mainTitle":"Calling Java from Kotlin","product":"","headings":"Calling Java from Kotlin,Using Lombok-generated declarations in Kotlin","content":"You can use Java\u0027s Lombok-generated declarations in Kotlin code. If you need to generate and use these declarations in the same mixed Java/Kotlin module, you can learn how to do this on the Lombok compiler plugin\u0027s page. If you call such declarations from another module, then you don\u0027t need to use this plugin to compile that module.\n","pageTitle":"Using Lombok-generated declarations in Kotlin","metaDescription":"","type":"Documentation","breadcrumbs":"Platforms///JVM","root":0,"depth":2}