{"objectID":"_java_to_kotlin_collections_guide.html#operations_on_any_collection_type","parent":"_java_to_kotlin_collections_guide.html#operations_that_are_the_same_in_java_and_kotlin","pageViews":0,"url":"https://kotlinlang.org/docs/java-to-kotlin-collections-guide.html#operations-on-any-collection-type","mainTitle":"Collections in Java and Kotlin","product":"","headings":"Collections in Java and Kotlin,Operations on any collection type","content":"Description Java Kotlin\nGet a collection\u0027s size size() count(), size\nGet flat access to nested collection elements collectionOfCollections.forEach(flatCollection::addAll) or collectionOfCollections.stream().flatMap().collect() flatten() or flatMap()\nApply the given function to every element stream().map().collect() map()\nApply the provided operation to collection elements sequentially and return the accumulated result stream().reduce() reduce(), fold()\nGroup elements by a classifier and count them stream().collect(Collectors.groupingBy(classifier, counting())) eachCount()\nFilter by a condition stream().filter().collect() filter()\nCheck whether collection elements satisfy a condition stream().noneMatch(), stream().anyMatch(), stream().allMatch() none(), any(), all()\nSort elements stream().sorted().collect() sorted()\nTake the first N elements stream().limit(N).collect() take(N)\nTake elements with a predicate stream().takeWhile().collect() takeWhile()\nSkip the first N elements stream().skip(N).collect() drop(N)\nSkip elements with a predicate stream().dropWhile().collect() dropWhile()\nBuild maps from collection elements and certain values associated with them stream().collect(toMap(keyMapper, valueMapper)) associate()\nTo perform all of the operations listed above on maps, you first need to get an entrySet of a map.\n","pageTitle":"Operations on any collection type","metaDescription":"","type":"Documentation","breadcrumbs":"Platforms///JVM///Java to Kotlin migration guides","root":0,"depth":3}