{"objectID":"_java_to_kotlin_collections_guide.html#collection_transformation_operations","parent":"_java_to_kotlin_collections_guide.html#operations_that_are_the_same_in_java_and_kotlin","pageViews":0,"url":"https://kotlinlang.org/docs/java-to-kotlin-collections-guide.html#collection-transformation-operations","mainTitle":"Collections in Java and Kotlin","product":"","headings":"Collections in Java and Kotlin,Collection transformation operations","content":"","pageTitle":"Collection transformation operations","metaDescription":"","type":"Documentation","breadcrumbs":"Platforms///JVM///Java to Kotlin migration guides","root":0,"depth":3}