{"objectID":"_js_interop.html#external_interfaces","parent":"_js_interop.html#inline_javascript","pageViews":0,"url":"https://kotlinlang.org/docs/js-interop.html#external-interfaces","mainTitle":"Use JavaScript code from Kotlin","product":"","headings":"Use JavaScript code from Kotlin,external interfaces","content":"JavaScript does not have the concept of interfaces. When a function expects its parameter to support two methods foo and bar, you would just pass in an object that actually has these methods.\nYou can use interfaces to express this concept in statically typed Kotlin:\nexternal interface HasFooAndBar {\n    fun foo()\n\n    fun bar()\n}\n\nexternal fun myFunction(p: HasFooAndBar)\nA typical use case for external interfaces is to describe settings objects. For example:\nexternal interface JQueryAjaxSettings {\n    var async: Boolean\n\n    var cache: Boolean\n\n    var complete: (JQueryXHR, String) -\u0026gt; Unit\n\n    // etc\n}\n\nfun JQueryAjaxSettings(): JQueryAjaxSettings \u003d js(\"{}\")\n\nexternal class JQuery {\n    companion object {\n        fun get(settings: JQueryAjaxSettings): JQueryXHR\n    }\n}\n\nfun sendQuery() {\n    JQuery.get(JQueryAjaxSettings().apply {\n        complete \u003d { (xhr, data) -\u0026gt;\n            window.alert(\"Request complete\")\n        }\n    })\n}\nExternal interfaces have some restrictions:\n- They can\u0027t be used on the right-hand side of is checks.\n- They can\u0027t be passed as reified type arguments.\n- They can\u0027t be used in class literal expressions (such as I::class).\n- as casts to external interfaces always succeed. Casting to external interfaces produces the \u0026quot;Unchecked cast to external interface\u0026quot; compile time warning. The warning can be suppressed with the @Suppress(\u0026quot;UNCHECKED_CAST_TO_EXTERNAL_INTERFACE\u0026quot;) annotation.\nIntelliJ IDEA can also automatically generate the @Suppress annotation. Open the intentions menu via the light bulb icon or Alt-Enter, and click the small arrow next to the \u0026quot;Unchecked cast to external interface\u0026quot; inspection. Here, you can select the suppression scope, and your IDE will add the annotation to your file accordingly.\n","pageTitle":"external interfaces","metaDescription":"","type":"Documentation","breadcrumbs":"Platforms///JavaScript///Kotlin for the JS platform","root":0,"depth":3}