{"objectID":"_js_interop.html#declare_static_members_of_a_class","parent":"_js_interop.html#inline_javascript","pageViews":0,"url":"https://kotlinlang.org/docs/js-interop.html#declare-static-members-of-a-class","mainTitle":"Use JavaScript code from Kotlin","product":"","headings":"Use JavaScript code from Kotlin,Declare (static) members of a class","content":"In JavaScript you can define members either on a prototype or a class itself:\nfunction MyClass() { ... }\nMyClass.sharedMember \u003d function() { /* implementation */ };\nMyClass.prototype.ownMember \u003d function() { /* implementation */ };\nThere is no such syntax in Kotlin. However, in Kotlin we have companion objects. Kotlin treats companion objects of external classes in a special way: instead of expecting an object, it assumes members of companion objects to be members of the class itself. MyClass from the example above can be described as follows:\nexternal class MyClass {\n    companion object {\n        fun sharedMember()\n    }\n\n    fun ownMember()\n}\n","pageTitle":"Declare (static) members of a class","metaDescription":"","type":"Documentation","breadcrumbs":"Platforms///JavaScript///Kotlin for the JS platform","root":0,"depth":3}