{"objectID":"_js_ir_migration.html#create_plain_js_objects_for_interoperability","parent":"_js_ir_migration.html#convert_js_and_react_related_classes_and_interfaces_to_external_interfaces","pageViews":0,"url":"https://kotlinlang.org/docs/js-ir-migration.html#create-plain-js-objects-for-interoperability","mainTitle":"Migrating Kotlin/JS projects to the IR compiler","product":"","headings":"Migrating Kotlin/JS projects to the IR compiler,Create plain JS objects for interoperability","content":"Issue: properties of a Kotlin object that implements an external interface are not enumerable. This means that they are not visible for operations that iterate over the object\u0027s properties, for example:\n- for (var name in obj)\n- console.log(obj)\n- JSON.stringify(obj)\nAlthough they are still accessible by the name: obj.myProperty\nexternal interface AppProps { var name: String }\ndata class AppPropsImpl(override var name: String) : AppProps\nfun main() {\n   val jsApp \u003d js(\"{name: \u0027App1\u0027}\") as AppProps // plain JS object\n   println(\"Kotlin sees: ${jsApp.name}\") // \"App1\"\n   println(\"JSON.stringify sees:\" + JSON.stringify(jsApp)) // {\"name\":\"App1\"} - OK\n\n   val ktApp \u003d AppPropsImpl(\"App2\") // Kotlin object\n   println(\"Kotlin sees: ${ktApp.name}\") // \"App2\"\n   // JSON sees only the backing field, not the property\n   println(\"JSON.stringify sees:\" + JSON.stringify(ktApp)) // {\"_name_3\":\"App2\"}\n}\nSolution 1: create plain JavaScript objects with js() or jso() (a helper function from kotlin-wrappers):\nexternal interface AppProps { var name: String }\ndata class AppPropsImpl(override var name: String) : AppProps\n// Replace this\nval ktApp \u003d AppPropsImpl(\"App1\") // Kotlin object\n// With this\nval jsApp \u003d js(\"{name: \u0027App1\u0027}\") as AppProps // or jso {}\nSolution 2: create objects with kotlin.js.json():\n// or with this\nval jsonApp \u003d kotlin.js.json(Pair(\"name\", \"App1\")) as AppProps\n","pageTitle":"Create plain JS objects for interoperability","metaDescription":"","type":"Documentation","breadcrumbs":"Platforms///JavaScript","root":0,"depth":2}