{"objectID":"_js_ir_migration.html#convert_js_and_react_related_classes_and_interfaces_to_external_interfaces","parent":"_js_ir_migration.html#convert_js_and_react_related_classes_and_interfaces_to_external_interfaces","pageViews":0,"url":"https://kotlinlang.org/docs/js-ir-migration.html#convert-js-and-react-related-classes-and-interfaces-to-external-interfaces","mainTitle":"Migrating Kotlin/JS projects to the IR compiler","product":"","headings":"Migrating Kotlin/JS projects to the IR compiler,Convert JS- and React-related classes and interfaces to external interfaces","content":"Issue: Using Kotlin interfaces and classes (including data classes) that derive from pure JS classes, such as React\u0027s State and Props, can cause a ClassCastException. Such exceptions appear because the compiler attempts to work with instances of these classes as if they were Kotlin objects, when they actually come from JS.\nSolution: convert all classes and interfaces that derive from pure JS classes to external interfaces:\n// Replace this\ninterface AppState : State { }\ninterface AppProps : Props { }\ndata class CustomComponentState(var name: String) : State\n// With this\nexternal interface AppState : State { }\nexternal interface AppProps : Props { }\nexternal interface CustomComponentState : State {\n   var name: String\n}\nIn IntelliJ IDEA, you can use these structural search and replace templates to automatically mark interfaces as external:\n- Template for State\n- Template for Props\n","pageTitle":"Convert JS- and React-related classes and interfaces to external interfaces","metaDescription":"","type":"Documentation","breadcrumbs":"Platforms///JavaScript","root":0,"depth":2}