{"objectID":"_js_ir_compiler.html#lazy_initialization_of_top_level_properties","parent":"_js_ir_compiler.html#lazy_initialization_of_top_level_properties","pageViews":0,"url":"https://kotlinlang.org/docs/js-ir-compiler.html#lazy-initialization-of-top-level-properties","mainTitle":"Kotlin/JS IR compiler","product":"","headings":"Kotlin/JS IR compiler,Lazy initialization of top-level properties","content":"For better application startup performance, the Kotlin/JS IR compiler initializes top-level properties lazily. This way, the application loads without initializing all the top-level properties used in its code. It initializes only the ones needed at startup; other properties receive their values later when the code that uses them actually runs.\nval a \u003d run {\n    val result \u003d // intensive computations\n    println(result)\n    result\n} // value is computed upon the first usage\nIf for some reason you need to initialize a property eagerly (upon the application start), mark it with the @EagerInitialization annotation.\n","pageTitle":"Lazy initialization of top-level properties","metaDescription":"","type":"Documentation","breadcrumbs":"Platforms///JavaScript","root":0,"depth":2}