{"objectID":"_js_ir_migration.html#replace_tostring_calls_on_function_references_with_name","parent":"_js_ir_migration.html#convert_js_and_react_related_classes_and_interfaces_to_external_interfaces","pageViews":0,"url":"https://kotlinlang.org/docs/js-ir-migration.html#replace-tostring-calls-on-function-references-with-name","mainTitle":"Migrating Kotlin/JS projects to the IR compiler","product":"","headings":"Migrating Kotlin/JS projects to the IR compiler,Replace toString() calls on function references with .name","content":"Issue: in the IR backend, calling toString() on function references doesn\u0027t produce unique values.\nSolution: use the name property instead of toString().\n","pageTitle":"Replace toString() calls on function references with .name","metaDescription":"","type":"Documentation","breadcrumbs":"Platforms///JavaScript","root":0,"depth":2}