{"objectID":"_js_ir_migration.html#convert_properties_of_external_interfaces_to_var","parent":"_js_ir_migration.html#convert_js_and_react_related_classes_and_interfaces_to_external_interfaces","pageViews":0,"url":"https://kotlinlang.org/docs/js-ir-migration.html#convert-properties-of-external-interfaces-to-var","mainTitle":"Migrating Kotlin/JS projects to the IR compiler","product":"","headings":"Migrating Kotlin/JS projects to the IR compiler,Convert properties of external interfaces to var","content":"Issue: properties of external interfaces in Kotlin/JS code can\u0027t be read-only (val) properties because their values can be assigned only after the object is created with js() or jso() (a helper function from kotlin-wrappers):\nimport kotlinx.js.jso\n\nval myState \u003d jso\u0026lt;CustomComponentState\u0026gt;()\nmyState.name \u003d \"name\"\nSolution: convert all properties of external interfaces to var:\n// Replace this\nexternal interface CustomComponentState : State {\n   val name: String\n}\n// With this\nexternal interface CustomComponentState : State {\n   var name: String\n}\n","pageTitle":"Convert properties of external interfaces to var","metaDescription":"","type":"Documentation","breadcrumbs":"Platforms///JavaScript","root":0,"depth":2}