{"objectID":"_js_interop.html#declare_optional_parameters","parent":"_js_interop.html#inline_javascript","pageViews":0,"url":"https://kotlinlang.org/docs/js-interop.html#declare-optional-parameters","mainTitle":"Use JavaScript code from Kotlin","product":"","headings":"Use JavaScript code from Kotlin,Declare optional parameters","content":"If you are writing an external declaration for a JavaScript function which has an optional parameter, use definedExternally. This delegates the generation of the default values to the JavaScript function itself:\nexternal fun myFunWithOptionalArgs(\n    x: Int,\n    y: String \u003d definedExternally,\n    z: String \u003d definedExternally\n)\nWith this external declaration, you can call myFunWithOptionalArgs with one required argument and two optional arguments, where the default values are calculated by the JavaScript implementation of myFunWithOptionalArgs.\n","pageTitle":"Declare optional parameters","metaDescription":"","type":"Documentation","breadcrumbs":"Platforms///JavaScript///Kotlin for the JS platform","root":0,"depth":3}