{"objectID":"_js_ir_migration.html#additional_troubleshooting_tips_when_working_with_the_kotlin_js_ir_compiler","parent":"_js_ir_migration.html#convert_js_and_react_related_classes_and_interfaces_to_external_interfaces","pageViews":0,"url":"https://kotlinlang.org/docs/js-ir-migration.html#additional-troubleshooting-tips-when-working-with-the-kotlin-js-ir-compiler","mainTitle":"Migrating Kotlin/JS projects to the IR compiler","product":"","headings":"Migrating Kotlin/JS projects to the IR compiler,Additional troubleshooting tips when working with the Kotlin/JS IR compiler","content":"These hints may help you when troubleshooting problems in your projects using the Kotlin/JS IR compiler.\n","pageTitle":"Additional troubleshooting tips when working with the Kotlin/JS IR compiler","metaDescription":"","type":"Documentation","breadcrumbs":"Platforms///JavaScript","root":0,"depth":2}