{"objectID":"_js_ir_compiler.html#authoring_libraries_for_the_ir_compiler_with_backwards_compatibility","parent":"_js_ir_compiler.html#lazy_initialization_of_top_level_properties","pageViews":0,"url":"https://kotlinlang.org/docs/js-ir-compiler.html#authoring-libraries-for-the-ir-compiler-with-backwards-compatibility","mainTitle":"Kotlin/JS IR compiler","product":"","headings":"Kotlin/JS IR compiler,Authoring libraries for the IR compiler with backwards compatibility","content":"If you\u0027re a library maintainer who is looking to provide compatibility with the default backend as well as the new IR compiler backend, a setting for the compiler selection is available that allows you to create artifacts for both backends, allowing you to keep compatibility for your existing users while providing support for the next generation of Kotlin compiler. This so-called both-mode can be turned on using the kotlin.js.compiler\u003dboth setting in your gradle.properties file, or can be set as one of the project-specific options inside your js block inside the build.gradle(.kts) file:\nkotlin {\n    js(BOTH) {\n        // ...\n    }\n}\nWhen in both mode, the IR compiler backend and default compiler backend are both used when building a library from your sources (hence the name). This means that both klib files with Kotlin IR as well as jar files for the default compiler will be generated. When published under the same Maven coordinate, Gradle will automatically choose the right artifact depending on the use case – js for the old compiler, klib for the new one. This enables you to compile and publish your library for projects that are using either of the two compiler backends.\n","pageTitle":"Authoring libraries for the IR compiler with backwards compatibility","metaDescription":"","type":"Documentation","breadcrumbs":"Platforms///JavaScript","root":0,"depth":2}