{"objectID":"_js_interop.html#declare_parameters_with_default_values","parent":"_js_interop.html#inline_javascript","pageViews":0,"url":"https://kotlinlang.org/docs/js-interop.html#declare-parameters-with-default-values","mainTitle":"Use JavaScript code from Kotlin","product":"","headings":"Use JavaScript code from Kotlin,Declare parameters with default values","content":"If you are writing an external declaration for a JavaScript function which has a parameter with a default value, use definedExternally. This delegates the generation of the default values to the JavaScript function itself:\nexternal fun myFunWithOptionalArgs(\n    x: Int,\n    y: String \u003d definedExternally,\n    z: String \u003d definedExternally\n)\nWith this external declaration, you can call myFunWithOptionalArgs with one required argument and two optional arguments, where the default values are calculated by the JavaScript implementation of myFunWithOptionalArgs.\n","pageTitle":"Declare parameters with default values","metaDescription":"","type":"Documentation","breadcrumbs":"Platforms///JavaScript///Kotlin for the JS platform","root":0,"depth":3}