{"objectID":"_js_interop.html#inline_javascript","parent":"_js_interop.html#inline_javascript","pageViews":0,"url":"https://kotlinlang.org/docs/js-interop.html#inline-javascript","mainTitle":"Use JavaScript code from Kotlin","product":"","headings":"Use JavaScript code from Kotlin,Inline JavaScript","content":"You can inline JavaScript code into your Kotlin code using the js() function. For example:\nfun jsTypeOf(o: Any): String {\n    return js(\"typeof o\")\n}\nBecause the parameter of js is parsed at compile time and translated to JavaScript code \u0026quot;as-is\u0026quot;, it is required to be a string constant. So, the following code is incorrect:\nfun jsTypeOf(o: Any): String {\n    return js(getTypeof() + \" o\") // error reported here\n}\n\nfun getTypeof() \u003d \"typeof\"\nAs the JavaScript code is parsed by the Kotlin compiler, not all ECMAScript features might be supported. In this case, you can encounter compilation errors.\nNote that invoking js() returns a result of type dynamic, which provides no type safety at compile time.\n","pageTitle":"Inline JavaScript","metaDescription":"","type":"Documentation","breadcrumbs":"Platforms///JavaScript///Kotlin for the JS platform","root":0,"depth":3}