{"objectID":"_js_modules.html#javascript_libraries_and_node_js_files","parent":"_js_modules.html#browser_targets","pageViews":0,"url":"https://kotlinlang.org/docs/js-modules.html#javascript-libraries-and-node-js-files","mainTitle":"JavaScript modules","product":"","headings":"JavaScript modules,JavaScript libraries and Node.js files","content":"If you are creating a library for use in JavaScript or Node.js environments, and want to use a different module system, the instructions are slightly different.\n","pageTitle":"JavaScript libraries and Node.js files","metaDescription":"","type":"Documentation","breadcrumbs":"Platforms///JavaScript///Kotlin for the JS platform","root":0,"depth":3}