{"objectID":"_js_modules.html#browser_targets","parent":"_js_modules.html#browser_targets","pageViews":0,"url":"https://kotlinlang.org/docs/js-modules.html#browser-targets","mainTitle":"JavaScript modules","product":"","headings":"JavaScript modules,Browser targets","content":"If you intend to run your code in a web browser environment and want to use a module system other than UMD, you can specify the desired module type in the webpackTask configuration block. For example, to switch to CommonJS, use:\nkotlin {\n    js {\n        browser {\n            webpackTask {\n                output.libraryTarget \u003d \"commonjs2\"\n            }\n        }\n        binaries.executable()\n    }\n}\n\nWebpack provides two different flavors of CommonJS, commonjs and commonjs2, which affect the way your declarations are made available. In most cases, you probably want commonjs2, which adds the module.exports syntax to the generated library. Alternatively, you can also opt for the commonjs option, which adheres strictly to the CommonJS specification. To learn more about the difference between commonjs and commonjs2, see the Webpack repository.\n","pageTitle":"Browser targets","metaDescription":"","type":"Documentation","breadcrumbs":"Platforms///JavaScript///Kotlin for the JS platform","root":0,"depth":3}