{"objectID":"_js_overview.html#join_the_kotlin_js_community","parent":"_js_overview.html#kotlin_js_ir_compiler","pageViews":0,"url":"https://kotlinlang.org/docs/js-overview.html#join-the-kotlin-js-community","mainTitle":"Kotlin for JavaScript","product":"","headings":"Kotlin for JavaScript,Join the Kotlin/JS community","content":"You can join the #javascript channel in the official Kotlin Slack to chat with the community and the team.\n","pageTitle":"Join the Kotlin/JS community","metaDescription":"","type":"Documentation","breadcrumbs":"Kotlin overview","root":0,"depth":1}