{"objectID":"_js_overview.html#kotlin_js_ir_compiler","parent":"_js_overview.html#kotlin_js_ir_compiler","pageViews":0,"url":"https://kotlinlang.org/docs/js-overview.html#kotlin-js-ir-compiler","mainTitle":"Kotlin for JavaScript","product":"","headings":"Kotlin for JavaScript,Kotlin/JS IR compiler","content":"The Kotlin/JS IR compiler comes with a number of improvements over the old default compiler. For example, it reduces the size of generated executables via dead code elimination and provides smoother interoperability with the JavaScript ecosystem and its tooling.\nThe old compiler has been deprecated since the Kotlin 1.8.0 release.\nBy generating TypeScript declaration files (d.ts) from Kotlin code, the IR compiler makes it easier to create \u0026quot;hybrid\u0026quot; applications that mix TypeScript and Kotlin code and to leverage code-sharing functionality using Kotlin Multiplatform.\nTo learn more about the available features in the Kotlin/JS IR compiler and how to try it for your project, visit the Kotlin/JS IR compiler documentation page and the migration guide.\n","pageTitle":"Kotlin/JS IR compiler","metaDescription":"","type":"Documentation","breadcrumbs":"Kotlin overview","root":0,"depth":1}