{"objectID":"_js_project_setup.html#webpack_bundling","parent":"_js_project_setup.html#execution_environments","pageViews":0,"url":"https://kotlinlang.org/docs/js-project-setup.html#webpack-bundling","mainTitle":"Set up a Kotlin/JS project","product":"","headings":"Set up a Kotlin/JS project,webpack bundling","content":"For browser targets, the Kotlin Multiplatform Gradle plugin uses the widely known webpack module bundler.\n","pageTitle":"webpack bundling","metaDescription":"","type":"Documentation","breadcrumbs":"Platforms///JavaScript","root":0,"depth":2}