{"objectID":"_js_project_setup.html#additional_yarn_features_yarnrc","parent":"_js_project_setup.html#execution_environments","pageViews":0,"url":"https://kotlinlang.org/docs/js-project-setup.html#additional-yarn-features-yarnrc","mainTitle":"Set up a Kotlin/JS project","product":"","headings":"Set up a Kotlin/JS project,Additional Yarn features: .yarnrc","content":"To configure additional Yarn features, place a .yarnrc file in the root of your project. At build time, it gets picked up automatically.\nFor example, to use a custom registry for npm packages, add the following line to a file called .yarnrc in the project root:\nregistry \"http://my.registry/api/npm/\"\nTo learn more about .yarnrc, visit the official Yarn documentation.\n","pageTitle":"Additional Yarn features: .yarnrc","metaDescription":"","type":"Documentation","breadcrumbs":"Platforms///JavaScript","root":0,"depth":2}