{"objectID":"_js_project_setup.html#npm_dependencies","parent":"_js_project_setup.html#execution_environments","pageViews":0,"url":"https://kotlinlang.org/docs/js-project-setup.html#npm-dependencies","mainTitle":"Set up a Kotlin/JS project","product":"","headings":"Set up a Kotlin/JS project,npm dependencies","content":"In the JavaScript world, the most common way to manage dependencies is npm. It offers the biggest public repository of JavaScript modules.\nThe Kotlin Multiplatform Gradle plugin lets you declare npm dependencies in the Gradle build script, just how you declare any other dependencies.\nTo declare an npm dependency, pass its name and version to the npm() function inside a dependency declaration. You can also specify one or multiple version ranges based on npm\u0027s semver syntax.\n\u003cb\u003eKotlin\u003c/b\u003e dependencies {\n    implementation(npm(\"react\", \"\u0026gt; 14.0.0 \u0026lt;\u003d16.9.0\"))\n}\n\u003cb\u003eGroovy\u003c/b\u003e dependencies {\n    implementation npm(\u0027react\u0027, \u0027\u0026gt; 14.0.0 \u0026lt;\u003d16.9.0\u0027)\n}\nBy default, the plugin uses a separate instance of the Yarn package manager to download and install npm dependencies. It works out of the box without additional configuration, but you can tune it to specific needs.\nYou can also work with npm dependencies directly using the npm package manager instead. To use npm as your package manager, in your gradle.properties file, set the following property:\nkotlin.js.yarn\u003dfalse\nBesides regular dependencies, there are three more types of dependencies that can be used from the Gradle DSL. To learn more about when each type of dependency can best be used, have a look at the official documentation linked from npm:\n- devDependencies, via devNpm(...),\n- optionalDependencies via optionalNpm(...), and\n- peerDependencies via peerNpm(...).\nOnce an npm dependency is installed, you can use its API in your code as described in Calling JS from Kotlin.\n","pageTitle":"npm dependencies","metaDescription":"","type":"Documentation","breadcrumbs":"Platforms///JavaScript","root":0,"depth":2}