{"objectID":"_js_project_setup.html#distribution_target_directory","parent":"_js_project_setup.html#execution_environments","pageViews":0,"url":"https://kotlinlang.org/docs/js-project-setup.html#distribution-target-directory","mainTitle":"Set up a Kotlin/JS project","product":"","headings":"Set up a Kotlin/JS project,Distribution target directory","content":"By default, the results of a Kotlin/JS project build reside in the /build/dist/\u0026lt;targetName\u0026gt;/\u0026lt;binaryName\u0026gt; directory within the project root.\nPrior to Kotlin 1.9.0, the default distribution target directory was /build/distributions.\nTo set another location for project distribution files, in your build script inside the browser {} block, add a distribution {} block and assign a value to the outputDirectory property by using the set() method. Once you run a project build task, Gradle will save the output bundle in this location together with project resources.\n\u003cb\u003eKotlin\u003c/b\u003e kotlin {\n    js {\n        browser {\n            distribution {\n                outputDirectory.set(projectDir.resolve(\"output\"))\n            }\n        }\n        binaries.executable()\n        // ...\n    }\n}\n\u003cb\u003eGroovy\u003c/b\u003e kotlin {\n    js {\n        browser {\n            distribution {\n                outputDirectory \u003d file(\"$projectDir/output\")\n            }\n        }\n        binaries.executable()\n        // ...\n    }\n}\n","pageTitle":"Distribution target directory","metaDescription":"","type":"Documentation","breadcrumbs":"Platforms///JavaScript","root":0,"depth":2}