{"objectID":"_js_project_setup.html#webpack_task","parent":"_js_project_setup.html#execution_environments","pageViews":0,"url":"https://kotlinlang.org/docs/js-project-setup.html#webpack-task","mainTitle":"Set up a Kotlin/JS project","product":"","headings":"Set up a Kotlin/JS project,webpack task","content":"The most common webpack adjustments can be made directly via the kotlin.js.browser.webpackTask {} configuration block in the Gradle build file:\n- outputFileName - the name of the webpacked output file. It will be generated in \u0026lt;projectDir\u0026gt;/build/dist/\u0026lt;targetName\u0026gt; after an execution of a webpack task. The default value is the project name.\n- output.libraryTarget - the module system for the webpacked output. Learn more about available module systems for Kotlin/JS projects. The default value is umd.\nwebpackTask {\n    outputFileName \u003d \"mycustomfilename.js\"\n    output.libraryTarget \u003d \"commonjs2\"\n}\nYou can also configure common webpack settings to use in bundling, running, and testing tasks in the commonWebpackConfig {} block.\n","pageTitle":"webpack task","metaDescription":"","type":"Documentation","breadcrumbs":"Platforms///JavaScript","root":0,"depth":2}