{"objectID":"_js_project_setup.html#yarn","parent":"_js_project_setup.html#execution_environments","pageViews":0,"url":"https://kotlinlang.org/docs/js-project-setup.html#yarn","mainTitle":"Set up a Kotlin/JS project","product":"","headings":"Set up a Kotlin/JS project,Yarn","content":"By default, to download and install your declared dependencies at build time, the plugin manages its own instance of the Yarn package manager. It works out of the box without additional configuration, but you can tune it or use Yarn already installed on your host.\n","pageTitle":"Yarn","metaDescription":"","type":"Documentation","breadcrumbs":"Platforms///JavaScript","root":0,"depth":2}