{"objectID":"_js_project_setup.html#css","parent":"_js_project_setup.html#execution_environments","pageViews":0,"url":"https://kotlinlang.org/docs/js-project-setup.html#css","mainTitle":"Set up a Kotlin/JS project","product":"","headings":"Set up a Kotlin/JS project,CSS","content":"The Kotlin Multiplatform Gradle plugin also provides support for webpack\u0027s CSS and style loaders. While all options can be changed by directly modifying the webpack configuration files that are used to build your project, the most commonly used settings are available directly from the build.gradle(.kts) file.\nTo turn on CSS support in your project, set the cssSupport.enabled option in the Gradle build file in the commonWebpackConfig {} block. This configuration is also enabled by default when creating a new project using the wizard.\n\u003cb\u003eKotlin\u003c/b\u003e browser {\n    commonWebpackConfig {\n        cssSupport {\n            enabled.set(true)\n        }\n    }\n}\n\u003cb\u003eGroovy\u003c/b\u003e browser {\n    commonWebpackConfig {\n        cssSupport {\n            it.enabled \u003d true\n        }\n    }\n}\nAlternatively, you can add CSS support independently for webpackTask {}, runTask {}, and testTask {}:\n\u003cb\u003eKotlin\u003c/b\u003e browser {\n    webpackTask {\n        cssSupport {\n            enabled.set(true)\n        }\n    }\n    runTask {\n        cssSupport {\n            enabled.set(true)\n        }\n    }\n    testTask {\n        useKarma {\n            // ...\n            webpackConfig.cssSupport {\n                enabled.set(true)\n            }\n        }\n    }\n}\n\u003cb\u003eGroovy\u003c/b\u003e browser {\n    webpackTask {\n        cssSupport {\n            it.enabled \u003d true\n        }\n    }\n    runTask {\n        cssSupport {\n            it.enabled \u003d true\n        }\n    }\n    testTask {\n        useKarma {\n            // ...\n            webpackConfig.cssSupport {\n                it.enabled \u003d true\n            }\n        }\n    }\n}\nActivating CSS support in your project helps prevent common errors that occur when trying to use style sheets from an unconfigured project, such as Module parse failed: Unexpected character \u0027@\u0027 (14:0).\nYou can use cssSupport.mode to specify how encountered CSS should be handled. The following values are available:\n- \u0026quot;inline\u0026quot; (default): styles are added to the global \u0026lt;style\u0026gt; tag.\n- \u0026quot;extract\u0026quot;: styles are extracted into a separate file. They can then be included from an HTML page.\n- \u0026quot;import\u0026quot;: styles are processed as strings. This can be useful if you need access to the CSS from your code (such as val styles \u003d require(\u0026quot;main.css\u0026quot;)).\nTo use different modes for the same project, use cssSupport.rules. Here, you can specify a list of KotlinWebpackCssRules, each of which defines a mode, as well as include and exclude patterns.\n","pageTitle":"CSS","metaDescription":"","type":"Documentation","breadcrumbs":"Platforms///JavaScript","root":0,"depth":2}