{"objectID":"_js_project_setup.html#karma_configuration","parent":"_js_project_setup.html#execution_environments","pageViews":0,"url":"https://kotlinlang.org/docs/js-project-setup.html#karma-configuration","mainTitle":"Set up a Kotlin/JS project","product":"","headings":"Set up a Kotlin/JS project,Karma configuration","content":"The Kotlin Multiplatform Gradle plugin automatically generates a Karma configuration file at build time which includes your settings from the kotlin.js.browser.testTask.useKarma {} block in your build.gradle(.kts). You can find the file at build/js/packages/projectName-test/karma.conf.js. To make adjustments to the configuration used by Karma, place your additional configuration files inside a directory called karma.config.d in the root of your project. All .js configuration files in this directory will be picked up and are automatically merged into the generated karma.conf.js at build time.\nAll Karma configuration abilities are well described in Karma\u0027s documentation.\n","pageTitle":"Karma configuration","metaDescription":"","type":"Documentation","breadcrumbs":"Platforms///JavaScript","root":0,"depth":2}