{"objectID":"_js_project_setup.html#use_pre_installed_yarn","parent":"_js_project_setup.html#execution_environments","pageViews":0,"url":"https://kotlinlang.org/docs/js-project-setup.html#use-pre-installed-yarn","mainTitle":"Set up a Kotlin/JS project","product":"","headings":"Set up a Kotlin/JS project,Use pre-installed Yarn","content":"If Yarn is already installed on the host where you build Kotlin/JS projects, you can configure the Kotlin Multiplatform Gradle plugin to use it instead of installing its own Yarn instance.\nTo use the pre-installed Yarn instance, add the following lines to build.gradle(.kts):\n\u003cb\u003eKotlin\u003c/b\u003e rootProject.plugins.withType\u0026lt;org.jetbrains.kotlin.gradle.targets.js.yarn.YarnPlugin\u0026gt; {\n    rootProject.the\u0026lt;org.jetbrains.kotlin.gradle.targets.js.yarn.YarnRootExtension\u0026gt;().download \u003d false\n    // \"true\" for default behavior\n}\n\u003cb\u003eGroovy\u003c/b\u003e rootProject.plugins.withType(org.jetbrains.kotlin.gradle.targets.js.yarn.YarnPlugin) {\n    rootProject.extensions.getByType(org.jetbrains.kotlin.gradle.targets.js.yarn.YarnRootExtension).download \u003d false\n}\n","pageTitle":"Use pre-installed Yarn","metaDescription":"","type":"Documentation","breadcrumbs":"Platforms///JavaScript","root":0,"depth":2}