{"objectID":"_js_react.html#extract_a_list_component","parent":"_js_react.html#before_you_start","pageViews":0,"url":"https://kotlinlang.org/docs/js-react.html#extract-a-list-component","mainTitle":"Build a web application with React and Kotlin/JS — tutorial","product":"","headings":"Build a web application with React and Kotlin/JS — tutorial,Extract a list component","content":"Since the watchedVideos and unwatchedVideos lists each contain a list of videos, it makes sense to create a single reusable component, and only adjust the content displayed in the lists.\nThe VideoList component follows the same pattern as the App component. It uses the FC builder function, and contains the code from the unwatchedVideos list.\n2. Create a new VideoList.kt file in the src/jsMain/kotlin folder and add the following code:\nimport kotlinx.browser.window\nimport react.*\nimport react.dom.*\nimport react.dom.html.ReactHTML.p\n\nval VideoList \u003d FC\u0026lt;Props\u0026gt; {\n    for (video in unwatchedVideos) {\n        p {\n            +\"${video.speaker}: ${video.title}\"\n        }\n    }\n}\n4. In App.kt, use the VideoList component by invoking it without parameters:\n// . . .\n\ndiv {\n    h3 {\n        +\"Videos to watch\"\n    }\n    VideoList()\n\n    h3 {\n        +\"Videos watched\"\n    }\n    VideoList()\n}\n\n// . . .\nFor now, the App component has no control over the content that is shown by the VideoList component. It\u0027s hard-coded, so you see the same list twice.\n","pageTitle":"Extract a list component","metaDescription":"","type":"Documentation","breadcrumbs":"Platforms///JavaScript","root":0,"depth":2}