{"objectID":"_js_react.html#improve_the_style_responsiveness_and_grids","parent":"_js_react.html#before_you_start","pageViews":0,"url":"https://kotlinlang.org/docs/js-react.html#improve-the-style-responsiveness-and-grids","mainTitle":"Build a web application with React and Kotlin/JS — tutorial","product":"","headings":"Build a web application with React and Kotlin/JS — tutorial,Improve the style: responsiveness and grids","content":"The application design is still very simple and won\u0027t look great on mobile devices or in narrow windows. Explore more of the CSS DSL to make the app more accessible.\n","pageTitle":"Improve the style: responsiveness and grids","metaDescription":"","type":"Documentation","breadcrumbs":"Platforms///JavaScript","root":0,"depth":2}