{"objectID":"_js_react.html#use_js_functionality_from_kotlin","parent":"_js_react.html#before_you_start","pageViews":0,"url":"https://kotlinlang.org/docs/js-react.html#use-js-functionality-from-kotlin","mainTitle":"Build a web application with React and Kotlin/JS — tutorial","product":"","headings":"Build a web application with React and Kotlin/JS — tutorial,Use JS functionality from Kotlin","content":"Browsers already come with a large variety of Web APIs. You can also use them from Kotlin/JS, since it includes wrappers for these APIs out of the box. One example is the fetch API, which is used for making HTTP requests.\nThe first potential issue is that browser APIs like fetch() use callbacks to perform non-blocking operations. When multiple callbacks are supposed to run one after the other, they need to be nested. Naturally, the code gets heavily indented, with more and more pieces of functionality stacked inside each other, which makes it harder to read.\nTo overcome this, you can use Kotlin\u0027s coroutines, a better approach for such functionality.\nThe second issue arises from the dynamically typed nature of JavaScript. There are no guarantees about the type of data returned from the external API. To solve this, you can use the kotlinx.serialization library.\nCheck the build.gradle.kts file. The relevant snippet should already exist:\ndependencies {\n    // . . .\n\n    // Coroutines \u0026 serialization\n    implementation(\"org.jetbrains.kotlinx:kotlinx-coroutines-core:1.6.4\")\n}\n","pageTitle":"Use JS functionality from Kotlin","metaDescription":"","type":"Documentation","breadcrumbs":"Platforms///JavaScript","root":0,"depth":2}