{"objectID":"_js_react.html#add_social_share_buttons","parent":"_js_react.html#before_you_start","pageViews":0,"url":"https://kotlinlang.org/docs/js-react.html#add-social-share-buttons","mainTitle":"Build a web application with React and Kotlin/JS — tutorial","product":"","headings":"Build a web application with React and Kotlin/JS — tutorial,Add social share buttons","content":"An easy way to share the application\u0027s content is to have social share buttons for messengers and email. You can use an off-the-shelf React component for this as well, for example, react-share:\n2. Check the build.gradle.kts file. This npm library should already be included:\ndependencies {\n    // ...\n    // Share Buttons\n    implementation(npm(\"react-share\", \"4.4.1\"))\n    // ...\n}\n4. To use react-share from Kotlin, you\u0027ll need to write more basic external declarations. The examples on GitHub show that a share button consists of two React components: EmailShareButton and EmailIcon, for example. Different types of share buttons and icons all have the same kind of interface. You\u0027ll create the external declarations for each component the same way you already did for the video player.\nAdd the following code to a new ReactShare.kt file:\n@file:JsModule(\"react-share\")\n@file:JsNonModule\n\nimport react.ComponentClass\nimport react.Props\n\n@JsName(\"EmailIcon\")\nexternal val EmailIcon: ComponentClass\u0026lt;IconProps\u0026gt;\n\n@JsName(\"EmailShareButton\")\nexternal val EmailShareButton: ComponentClass\u0026lt;ShareButtonProps\u0026gt;\n\n@JsName(\"TelegramIcon\")\nexternal val TelegramIcon: ComponentClass\u0026lt;IconProps\u0026gt;\n\n@JsName(\"TelegramShareButton\")\nexternal val TelegramShareButton: ComponentClass\u0026lt;ShareButtonProps\u0026gt;\n\nexternal interface ShareButtonProps : Props {\n    var url: String\n}\n\nexternal interface IconProps : Props {\n    var size: Int\n    var round: Boolean\n}\n6. Add new components into the user interface of the application. In VideoPlayer.kt, add two share buttons in a div right above the usage of ReactPlayer:\n// . . .\n\ndiv {\n    css {\n         position \u003d Position.absolute\n         top \u003d 10.px\n         right \u003d 10.px\n     }\n    EmailShareButton {\n        url \u003d props.video.videoUrl\n        EmailIcon {\n            size \u003d 32\n            round \u003d true\n        }\n    }\n    TelegramShareButton {\n        url \u003d props.video.videoUrl\n        TelegramIcon {\n            size \u003d 32\n            round \u003d true\n        }\n    }\n}\n\n// . . .\nYou can now check your browser and see whether the buttons actually work. When clicking on the button, a share window should appear with the URL of the video. If the buttons don\u0027t show up or work, you may need to disable your ad and social media blocker.\nShare window Feel free to repeat this step with share buttons for other social networks available in react-share.\n","pageTitle":"Add social share buttons","metaDescription":"","type":"Documentation","breadcrumbs":"Platforms///JavaScript","root":0,"depth":2}