{"objectID":"_js_react.html#add_videos_using_kotlin_constructs_in_markup","parent":"_js_react.html#before_you_start","pageViews":0,"url":"https://kotlinlang.org/docs/js-react.html#add-videos-using-kotlin-constructs-in-markup","mainTitle":"Build a web application with React and Kotlin/JS — tutorial","product":"","headings":"Build a web application with React and Kotlin/JS — tutorial,Add videos using Kotlin constructs in markup","content":"There are some advantages to writing HTML in Kotlin using this DSL. You can manipulate your app using regular Kotlin constructs, like loops, conditions, collections, and string interpolation.\nYou can now replace the hardcoded list of videos with a list of Kotlin objects:\n2. In Main.kt, create a Video data class to keep all video attributes in one place:\ndata class Video(\n    val id: Int,\n    val title: String,\n    val speaker: String,\n    val videoUrl: String\n)\n4. Fill up the two lists, for unwatched videos and watched videos, respectively. Add these declarations at file-level in Main.kt:\nval unwatchedVideos \u003d listOf(\n    Video(1, \"Opening Keynote\", \"Andrey Breslav\", \"https://youtu.be/PsaFVLr8t4E\"),\n    Video(2, \"Dissecting the stdlib\", \"Huyen Tue Dao\", \"https://youtu.be/Fzt_9I733Yg\"),\n    Video(3, \"Kotlin and Spring Boot\", \"Nicolas Frankel\", \"https://youtu.be/pSiZVAeReeg\")\n)\n\nval watchedVideos \u003d listOf(\n    Video(4, \"Creating Internal DSLs in Kotlin\", \"Venkat Subramaniam\", \"https://youtu.be/JzTeAM8N1-o\")\n)\n6. To use these videos on the page, write a Kotlin for loop to iterate over the collection of unwatched Video objects. Replace the three p tags under \u0026quot;Videos to watch\u0026quot; with the following snippet:\nfor (video in unwatchedVideos) {\n    p {\n        +\"${video.speaker}: ${video.title}\"\n    }\n}\n8. Apply the same process to modify the code for the single tag following \u0026quot;Videos watched\u0026quot; as well:\nfor (video in watchedVideos) {\n    p {\n        +\"${video.speaker}: ${video.title}\"\n    }\n}\nWait for the browser to reload. The layout should stay the same as before. You can add some more videos to the list to make sure that the loop is working.\n","pageTitle":"Add videos using Kotlin constructs in markup","metaDescription":"","type":"Documentation","breadcrumbs":"Platforms///JavaScript","root":0,"depth":2}