{"objectID":"_js_reflection.html#class_references","parent":"_js_reflection.html#class_references","pageViews":0,"url":"https://kotlinlang.org/docs/js-reflection.html#class-references","mainTitle":"Kotlin/JS reflection","product":"","headings":"Kotlin/JS reflection,Class references","content":"The ::class syntax returns a reference to the class of an instance, or the class corresponding to the given type. In Kotlin/JS, the value of a ::class expression is a stripped-down KClass implementation that supports only:\n- simpleName and isInstance() members.\n- cast() and safeCast() extension functions.\nIn addition to that, you can use KClass.js to access the JsClass instance corresponding to the class. The JsClass instance itself is a reference to the constructor function. This can be used to interoperate with JS functions that expect a reference to a constructor.\n","pageTitle":"Class references","metaDescription":"","type":"Documentation","breadcrumbs":"Platforms///JavaScript///Kotlin for the JS platform","root":0,"depth":3}