{"objectID":"_js_react.html#lift_state","parent":"_js_react.html#before_you_start","pageViews":0,"url":"https://kotlinlang.org/docs/js-react.html#lift-state","mainTitle":"Build a web application with React and Kotlin/JS — tutorial","product":"","headings":"Build a web application with React and Kotlin/JS — tutorial,Lift state","content":"React makes sure that props can only be passed from a parent component to its children. This prevents components from being hard-wired together.\nIf a component wants to change state of a sibling component, it needs to do so via its parent. At that point, state also no longer belongs to any of the child components but to the overarching parent component.\nThe process of migrating state from components to their parents is called lifting state. For your app, add currentVideo as state to the App component:\n2. In App.kt, add the following to the top of the definition of the App component:\nval App \u003d FC\u0026lt;Props\u0026gt; {\n    var currentVideo: Video? by useState(null)\n\n    // . . .\n}\nThe VideoList component no longer needs to keep track of state. It will receive the current video as a prop instead.\n4. Remove the useState() call in VideoList.kt.\n6. Prepare the VideoList component to receive the selected video as a prop. To do so, expand the VideoListProps interface to contain the selectedVideo:\nexternal interface VideoListProps : Props {\n    var videos: List\u0026lt;Video\u0026gt;\n    var selectedVideo: Video?\n}\n8. Change the condition of the triangle so that it uses props instead of state:\nif (video \u003d\u003d props.selectedVideo) {\n    +\"▶ \"\n}\n","pageTitle":"Lift state","metaDescription":"","type":"Documentation","breadcrumbs":"Platforms///JavaScript","root":0,"depth":2}