{"objectID":"_js_react.html#add_props_to_pass_data_between_components","parent":"_js_react.html#before_you_start","pageViews":0,"url":"https://kotlinlang.org/docs/js-react.html#add-props-to-pass-data-between-components","mainTitle":"Build a web application with React and Kotlin/JS — tutorial","product":"","headings":"Build a web application with React and Kotlin/JS — tutorial,Add props to pass data between components","content":"Since you\u0027re going to reuse the VideoList component, you\u0027ll need to be able to fill it with different content. You can add the ability to pass the list of items as an attribute to the component. In React, these attributes are called props. When the props of a component are changed in React, the framework automatically re-renders the component.\nFor VideoList, you\u0027ll need a prop containing the list of videos to be shown. Define an interface that holds all the props which can be passed to a VideoList component:\n2. Add the following definition to the VideoList.kt file:\nexternal interface VideoListProps : Props {\n    var videos: List\u0026lt;Video\u0026gt;\n}\nThe external modifier tells the compiler that the interface\u0027s implementation is provided externally, so it doesn\u0027t try to generate JavaScript code from the declaration.\n4. Adjust the class definition of VideoList to make use of the props that are passed into the FC block as a parameter:\nval VideoList \u003d FC\u0026lt;VideoListProps\u0026gt; { props -\u0026gt;\n    for (video in props.videos) {\n        p {\n            key \u003d video.id.toString()\n            +\"${video.speaker}: ${video.title}\"\n        }\n    }\n}\nThe key attribute helps the React renderer figure out what to do when the value of props.videos changes. It uses the key to determine which parts of a list need to be refreshed and which ones stay the same. You can find more information about lists and keys in the React guide.\n6. In the App component, make sure that the child components are instantiated with the proper attributes. In App.kt, replace the two loops underneath the h3 elements with an invocation of VideoList together with the attributes for unwatchedVideos and watchedVideos. In the Kotlin DSL, you assign them inside a block belonging to the VideoList component:\nh3 {\n    +\"Videos to watch\"\n}\nVideoList {\n    videos \u003d unwatchedVideos\n}\nh3 {\n    +\"Videos watched\"\n}\nVideoList {\n    videos \u003d watchedVideos\n}\nAfter a reload, the browser will show that the lists now render correctly.\n","pageTitle":"Add props to pass data between components","metaDescription":"","type":"Documentation","breadcrumbs":"Platforms///JavaScript","root":0,"depth":2}