{"objectID":"_js_react.html#enable_hot_reload_continuous_mode","parent":"_js_react.html#before_you_start","pageViews":0,"url":"https://kotlinlang.org/docs/js-react.html#enable-hot-reload-continuous-mode","mainTitle":"Build a web application with React and Kotlin/JS — tutorial","product":"","headings":"Build a web application with React and Kotlin/JS — tutorial,Enable hot reload / continuous mode","content":"Configure continuous compilation mode so you don\u0027t have to manually compile and execute your project every time you make changes. Make sure to stop all running development server instances before proceeding.\n2. Edit the run configuration that IntelliJ IDEA automatically generates after running the Gradle run task for the first time:\nEdit a run configuration 4. In the Run/Debug Configurations dialog, add the --continuous option to the arguments for the run configuration:\nEnable continuous modeAfter applying the changes, you can use the Run button inside IntelliJ IDEA to start the development server back up. To run the continuous Gradle builds from the Terminal, use ./gradlew run --continuous instead.\n6. To test this feature, change the color of the page to blue in the Main.kt file while the Gradle task is running:\ndocument.bgColor \u003d \"blue\"\nThe project then recompiles, and after a reload the browser page will be the new color.\nYou can keep the development server running in continuous mode during the development process. It will automatically rebuild and reload the page when you make changes.\nYou can find this state of the project on the master branch here.\n","pageTitle":"Enable hot reload / continuous mode","metaDescription":"","type":"Documentation","breadcrumbs":"Platforms///JavaScript","root":0,"depth":2}