{"objectID":"_js_react.html#package_a_production_build","parent":"_js_react.html#before_you_start","pageViews":0,"url":"https://kotlinlang.org/docs/js-react.html#package-a-production-build","mainTitle":"Build a web application with React and Kotlin/JS — tutorial","product":"","headings":"Build a web application with React and Kotlin/JS — tutorial,Package a production build","content":"To package all assets in production mode, run the build task in Gradle via the tool window in IntelliJ IDEA or by running ./gradlew build. This generates an optimized project build, applying various improvements such as DCE (dead code elimination).\nOnce the build has finished, you can find all the files needed for deployment in /build/dist. They include the JavaScript files, HTML files, and other resources required to run the application. You can put them on a static HTTP server, serve them using GitHub Pages, or host them on a cloud provider of your choice.\n","pageTitle":"Package a production build","metaDescription":"","type":"Documentation","breadcrumbs":"Platforms///JavaScript","root":0,"depth":2}