{"objectID":"_js_react.html#fetch_videos","parent":"_js_react.html#before_you_start","pageViews":0,"url":"https://kotlinlang.org/docs/js-react.html#fetch-videos","mainTitle":"Build a web application with React and Kotlin/JS — tutorial","product":"","headings":"Build a web application with React and Kotlin/JS — tutorial,Fetch videos","content":"To fetch a video from the API, add the following function in App.kt (or a new file):\nsuspend fun fetchVideo(id: Int): Video {\n    val response \u003d window\n        .fetch(\"https://my-json-server.typicode.com/kotlin-hands-on/kotlinconf-json/videos/$id\")\n        .await()\n        .text()\n        .await()\n    return Json.decodeFromString(response)\n}\n- Suspending function fetch() fetches a video with a given id from the API. This response may take a while, so you await() the result. Next, text(), which uses a callback, reads the body from the response. Then you await() its completion.\n- Before returning the value of the function, you pass it to Json.decodeFromString, a function from kotlinx.coroutines. It converts the JSON text you received from the request into a Kotlin object with the appropriate fields.\n- The window.fetch function call returns a Promise object. You normally would have to define a callback handler that gets invoked once the Promise is resolved and a result is available. However, with coroutines, you can await() those promises. Whenever a function like await() is called, the method stops (suspends) its execution. Its execution continues once the Promise can be resolved.\nTo give users a selection of videos, define the fetchVideos() function, which will fetch 25 videos from the same API as above. To run all the requests concurrently, use the async functionality provided by Kotlin\u0027s coroutines:\n2. Add the following implementation to your App.kt:\nsuspend fun fetchVideos(): List\u0026lt;Video\u0026gt; \u003d coroutineScope {\n    (1..25).map { id -\u0026gt;\n        async {\n            fetchVideo(id)\n        }\n    }.awaitAll()\n}\nFollowing the principle of structured concurrency, the implementation is wrapped in a coroutineScope. You can then start 25 asynchronous tasks (one per request) and wait for all of them to complete.\n4. You can now add data to your application. Add the definition for a mainScope, and change your App component so it starts with the following snippet. Don\u0027t forget to replace demo values with emptyLists instances as well:\nval mainScope \u003d MainScope()\n\nval App \u003d FC\u0026lt;Props\u0026gt; {\n    var currentVideo: Video? by useState(null)\n    var unwatchedVideos: List\u0026lt;Video\u0026gt; by useState(emptyList())\n    var watchedVideos: List\u0026lt;Video\u0026gt; by useState(emptyList())\n\n    useEffectOnce {\n        mainScope.launch {\n            unwatchedVideos \u003d fetchVideos()\n        }\n    }\n\n// . . .\n- The MainScope() is a part of Kotlin\u0027s structured concurrency model and creates the scope for asynchronous tasks to run in.\n- useEffectOnce is another React hook (specifically, a simplified version of the useEffect hook). It indicates that the component performs a side effect. It doesn\u0027t just render itself but also communicates over the network.\nCheck your browser. The application should show actual data:\nFetched data from API When you load the page:\n- The code of the App component will be invoked. This starts the code in the useEffectOnce block.\n- The App component is rendered with empty lists for the watched and unwatched videos.\n- When the API requests finish, the useEffectOnce block assigns it to the App component\u0027s state. This triggers a re-render.\n- The code of the App component will be invoked again, but the useEffectOnce block will not run for a second time.\nIf you want to get an in-depth understanding of how coroutines work, check out this tutorial on coroutines.\n","pageTitle":"Fetch videos","metaDescription":"","type":"Documentation","breadcrumbs":"Platforms///JavaScript","root":0,"depth":2}