{"objectID":"_js_react.html#add_styles_with_typesafe_css","parent":"_js_react.html#before_you_start","pageViews":0,"url":"https://kotlinlang.org/docs/js-react.html#add-styles-with-typesafe-css","mainTitle":"Build a web application with React and Kotlin/JS — tutorial","product":"","headings":"Build a web application with React and Kotlin/JS — tutorial,Add styles with typesafe CSS","content":"The kotlin-emotion wrapper for the Emotion library makes it possible to specify CSS attributes – even dynamic ones – right alongside HTML with JavaScript. Conceptually, that makes it similar to CSS-in-JS – but for Kotlin. The benefit of using a DSL is that you can use Kotlin code constructs to express formatting rules.\nThe template project for this tutorial already includes the dependency needed to use kotlin-emotion:\ndependencies {\n    // ...\n    // Kotlin React Emotion (CSS) (chapter 3)\n    implementation(\"org.jetbrains.kotlin-wrappers:kotlin-emotion\")\n    // ...\n}\nWith kotlin-emotion, you can specify a css block inside HTML elements div and h3, where you can define the styles.\nTo move the video player to the top right-hand corner of the page, use CSS and adjust the code for the video player (the last div in the snippet):\ndiv {\n    css {\n        position \u003d Position.absolute\n        top \u003d 10.px\n        right \u003d 10.px\n    }\n    h3 {\n        +\"John Doe: Building and breaking things\"\n    }\n    img {\n        src \u003d \"https://via.placeholder.com/640x360.png?text\u003dVideo+Player+Placeholder\"\n    }\n}\nFeel free to experiment with some other styles. For example, you could change the fontFamily or add some color to your UI.\n","pageTitle":"Add styles with typesafe CSS","metaDescription":"","type":"Documentation","breadcrumbs":"Platforms///JavaScript","root":0,"depth":2}