{"objectID":"_js_react.html#before_you_start","parent":"_js_react.html#before_you_start","pageViews":0,"url":"https://kotlinlang.org/docs/js-react.html#before-you-start","mainTitle":"Build a web application with React and Kotlin/JS — tutorial","product":"","headings":"Build a web application with React and Kotlin/JS — tutorial,Before you start","content":"2. Download and install the latest version of IntelliJ IDEA.\n4. Clone the project template and open it in IntelliJ IDEA. The template includes a basic Kotlin Multiplatform Gradle project with all required configurations and dependencies\n- Dependencies and tasks in the build.gradle.kts file:\ndependencies {\n    // React, React DOM + Wrappers\n    implementation(enforcedPlatform(\"org.jetbrains.kotlin-wrappers:kotlin-wrappers-bom:1.0.0-pre.430\"))\n    implementation(\"org.jetbrains.kotlin-wrappers:kotlin-react\")\n    implementation(\"org.jetbrains.kotlin-wrappers:kotlin-react-dom\")\n\n    // Kotlin React Emotion (CSS)\n    implementation(\"org.jetbrains.kotlin-wrappers:kotlin-emotion\")\n\n    // Video Player\n    implementation(npm(\"react-player\", \"2.12.0\"))\n\n    // Share Buttons\n    implementation(npm(\"react-share\", \"4.4.1\"))\n\n    // Coroutines \u0026 serialization\n    implementation(\"org.jetbrains.kotlinx:kotlinx-coroutines-core:1.6.4\")\n    implementation(\"org.jetbrains.kotlinx:kotlinx-serialization-json:1.5.0\")\n}\n- An HTML template page in src/jsMain/resources/index.html for inserting JavaScript code that you\u0027ll be using in this tutorial:\n\u0026lt;!doctype html\u0026gt;\n\u0026lt;html lang\u003d\"en\"\u0026gt;\n\u0026lt;head\u0026gt;\n    \u0026lt;meta charset\u003d\"UTF-8\"\u0026gt;\n    \u0026lt;title\u0026gt;Hello, Kotlin/JS!\u0026lt;/title\u0026gt;\n\u0026lt;/head\u0026gt;\n\u0026lt;body\u0026gt;\n    \u0026lt;div id\u003d\"root\"\u0026gt;\u0026lt;/div\u0026gt;\n    \u0026lt;script src\u003d\"confexplorer.js\"\u0026gt;\u0026lt;/script\u0026gt;\n\u0026lt;/body\u0026gt;\n\u0026lt;/html\u0026gt;\nKotlin/JS projects are automatically bundled with all of your code and its dependencies into a single JavaScript file with the same name as the project, confexplorer.js, when you build them. As a typical JavaScript convention, the content of the body (including the root div) is loaded first to ensure that the browser loads all page elements before the scripts.\n- A code snippet in src/jsMain/kotlin/Main.kt:\nimport kotlinx.browser.document\n\nfun main() {\n    document.bgColor \u003d \"red\"\n}\n","pageTitle":"Before you start","metaDescription":"","type":"Documentation","breadcrumbs":"Platforms///JavaScript","root":0,"depth":2}