{"objectID":"_js_to_kotlin_interop.html#jsstatic","parent":"_js_to_kotlin_interop.html#isolating_declarations_in_a_separate_javascript_object_in_plain_mode","pageViews":0,"url":"https://kotlinlang.org/docs/js-to-kotlin-interop.html#jsstatic","mainTitle":"Use Kotlin code from JavaScript","product":"","headings":"Use Kotlin code from JavaScript,@JsStatic","content":"This feature is Experimental. It may be dropped or changed at any time. Use it only for evaluation purposes. We would appreciate your feedback on it in YouTrack.\nThe @JsStatic annotation instructs the compiler to generate additional static methods for the target declaration. This helps you use static members from your Kotlin code directly in JavaScript.\nYou can apply the @JsStatic annotation to functions defined in named objects, as well as in companion objects declared inside classes and interfaces. If you use this annotation, the compiler will generate both a static method of the object and an instance method in the object itself. For example:\n// Kotlin\nclass C {\n    companion object {\n        @JsStatic\n        fun callStatic() {}\n        fun callNonStatic() {}\n    }\n}\nNow, the callStatic() function is static in JavaScript while the callNonStatic() function is not:\n// JavaScript\nC.callStatic();              // Works, accessing the static function\nC.callNonStatic();           // Error, not a static function in the generated JavaScript\nC.Companion.callStatic();    // Instance method remains\nC.Companion.callNonStatic(); // The only way it works\nIt\u0027s also possible to apply the @JsStatic annotation to a property of an object or a companion object, making its getter and setter methods static members in that object or the class containing the companion object.\n","pageTitle":"@JsStatic","metaDescription":"","type":"Documentation","breadcrumbs":"Platforms///JavaScript///Kotlin for the JS platform","root":0,"depth":3}