{"objectID":"_js_to_kotlin_interop.html#isolating_declarations_in_a_separate_javascript_object_in_plain_mode","parent":"_js_to_kotlin_interop.html#isolating_declarations_in_a_separate_javascript_object_in_plain_mode","pageViews":0,"url":"https://kotlinlang.org/docs/js-to-kotlin-interop.html#isolating-declarations-in-a-separate-javascript-object-in-plain-mode","mainTitle":"Use Kotlin code from JavaScript","product":"","headings":"Use Kotlin code from JavaScript,Isolating declarations in a separate JavaScript object in plain mode","content":"If you have explicitly set your module kind to be plain, Kotlin creates an object that contains all Kotlin declarations from the current module. This is done to prevent spoiling the global object. This means that for a module myModule, all declarations are available to JavaScript via the myModule object. For example:\nfun foo() \u003d \"Hello\"\nCan be called from JavaScript like this:\nalert(myModule.foo());\nThis is not applicable when you compile your Kotlin module to JavaScript modules like UMD (which is the default setting for both browser and nodejs targets), CommonJS or AMD. In this case, your declarations will be exposed in the format specified by your chosen JavaScript module system. When using UMD or CommonJS, for example, your call site could look like this:\nalert(require(\u0027myModule\u0027).foo());\nCheck the article on JavaScript Modules for more information on the topic of JavaScript module systems.\n","pageTitle":"Isolating declarations in a separate JavaScript object in plain mode","metaDescription":"","type":"Documentation","breadcrumbs":"Platforms///JavaScript///Kotlin for the JS platform","root":0,"depth":3}