{"objectID":"_js_to_kotlin_interop.html#kotlin_types_in_javascript","parent":"_js_to_kotlin_interop.html#isolating_declarations_in_a_separate_javascript_object_in_plain_mode","pageViews":0,"url":"https://kotlinlang.org/docs/js-to-kotlin-interop.html#kotlin-types-in-javascript","mainTitle":"Use Kotlin code from JavaScript","product":"","headings":"Use Kotlin code from JavaScript,Kotlin types in JavaScript","content":"See how Kotlin types are mapped to JavaScript ones:\nKotlin JavaScript Comments\nByte, Short, Int, Float, Double Number\nChar Number The number represents the character\u0027s code.\nLong Not supported There is no 64-bit integer number type in JavaScript, so it is emulated by a Kotlin class.\nBoolean Boolean\nString String\nArray Array\nByteArray Int8Array\nShortArray Int16Array\nIntArray Int32Array\nCharArray UInt16Array Carries the property $type$ \u003d\u003d \u0026quot;CharArray\u0026quot;.\nFloatArray Float32Array\nDoubleArray Float64Array\nLongArray Array\u0026lt;kotlin.Long\u0026gt; Carries the property $type$ \u003d\u003d \u0026quot;LongArray\u0026quot;. Also see Kotlin\u0027s Long type comment.\nBooleanArray Int8Array Carries the property $type$ \u003d\u003d \u0026quot;BooleanArray\u0026quot;.\nList, MutableList KtList, KtMutableList Exposes an Array via KtList.asJsReadonlyArrayView or KtMutableList.asJsArrayView.\nMap, MutableMap KtMap, KtMutableMap Exposes an ES2015 Map via KtMap.asJsReadonlyMapView or KtMutableMap.asJsMapView.\nSet, MutableSet KtSet, KtMutableSet Exposes an ES2015 Set via KtSet.asJsReadonlySetView or KtMutableSet.asJsSetView.\nUnit Undefined Exportable when used as return type, but not when used as parameter type.\nAny Object\nThrowable Error\nenum class Type Type Enum entries are exposed as static class properties (Type.ENTRY).\nNullable Type? Type | null | undefined\nAll other Kotlin types, except for those marked with @JsExport Not supported Includes Kotlin\u0027s unsigned integer types.\nAdditionally, it is important to know that:\n- Kotlin preserves overflow semantics for kotlin.Int, kotlin.Byte, kotlin.Short, kotlin.Char and kotlin.Long.\n- Kotlin cannot distinguish between numeric types at runtime (except for kotlin.Long), so the following code works:\nfun f() {\n    val x: Int \u003d 23\n    val y: Any \u003d x\n    println(y as Float)\n}\n- Kotlin preserves lazy object initialization in JavaScript.\n- Kotlin does not implement lazy initialization of top-level properties in JavaScript.\n","pageTitle":"Kotlin types in JavaScript","metaDescription":"","type":"Documentation","breadcrumbs":"Platforms///JavaScript///Kotlin for the JS platform","root":0,"depth":3}