{"objectID":"_js_to_kotlin_interop.html#jsname_annotation","parent":"_js_to_kotlin_interop.html#isolating_declarations_in_a_separate_javascript_object_in_plain_mode","pageViews":0,"url":"https://kotlinlang.org/docs/js-to-kotlin-interop.html#jsname-annotation","mainTitle":"Use Kotlin code from JavaScript","product":"","headings":"Use Kotlin code from JavaScript,@JsName annotation","content":"In some cases (for example, to support overloads), the Kotlin compiler mangles the names of generated functions and attributes in JavaScript code. To control the generated names, you can use the @JsName annotation:\n// Module \u0027kjs\u0027\nclass Person(val name: String) {\n    fun hello() {\n        println(\"Hello $name!\")\n    }\n\n    @JsName(\"helloWithGreeting\")\n    fun hello(greeting: String) {\n        println(\"$greeting $name!\")\n    }\n}\nNow you can use this class from JavaScript in the following way:\n// If necessary, import \u0027kjs\u0027 according to chosen module system\nvar person \u003d new kjs.Person(\"Dmitry\");   // refers to module \u0027kjs\u0027\nperson.hello();                          // prints \"Hello Dmitry!\"\nperson.helloWithGreeting(\"Servus\");      // prints \"Servus Dmitry!\"\nIf we didn\u0027t specify the @JsName annotation, the name of the corresponding function would contain a suffix calculated from the function signature, for example hello_61zpoe$.\nNote that there are some cases in which the Kotlin compiler does not apply mangling:\n- external declarations are not mangled.\n- Any overridden functions in non-external classes inheriting from external classes are not mangled.\nThe parameter of @JsName is required to be a constant string literal which is a valid identifier. The compiler will report an error on any attempt to pass non-identifier string to @JsName. The following example produces a compile-time error:\n@JsName(\"new C()\")   // error here\nexternal fun newC()\n","pageTitle":"@JsName annotation","metaDescription":"","type":"Documentation","breadcrumbs":"Platforms///JavaScript///Kotlin for the JS platform","root":0,"depth":3}