{"objectID":"_js_to_kotlin_interop.html#","parent":"_js_to_kotlin_interop.html#isolating_declarations_in_a_separate_javascript_object_in_plain_mode","pageViews":0,"url":"https://kotlinlang.org/docs/js-to-kotlin-interop.html","mainTitle":"Use Kotlin code from JavaScript","product":"","headings":"Use Kotlin code from JavaScript","content":"Depending on the selected JavaScript Module system, the Kotlin/JS compiler generates different output. But in general, the Kotlin compiler generates normal JavaScript classes, functions and properties, which you can freely use from JavaScript code. There are some subtle things you should remember, though.\n","pageTitle":"Use Kotlin code from JavaScript","metaDescription":"","type":"Documentation","breadcrumbs":"Platforms///JavaScript///Kotlin for the JS platform","root":0,"depth":3}