{"objectID":"_jvm_create_project_with_spring_boot.html#create_a_spring_boot_project","parent":"_jvm_create_project_with_spring_boot.html#before_you_start","pageViews":0,"url":"https://kotlinlang.org/docs/jvm-create-project-with-spring-boot.html#create-a-spring-boot-project","mainTitle":"Create a Spring Boot project with Kotlin","product":"","headings":"Create a Spring Boot project with Kotlin,Create a Spring Boot project","content":"Create a new Spring Boot project with Kotlin by using the Project Wizard in IntelliJ IDEA Ultimate Edition:\n2. In IntelliJ IDEA, select File | New | Project.\n4. In the panel on the left, select New Project | Spring Boot.\n6. Specify the following fields and options in the New Project window:\n- Name: demo\n- Language: Kotlin\n- Type: Gradle - Kotlin\nThis option specifies the build system and the DSL.\n- Package name: com.example.demo\n- JDK: Java JDK\nThis tutorial uses Amazon Corretto version 23. If you don\u0027t have a JDK installed, you can download it from the dropdown list.\n- Java: 17\nIf you don\u0027t have Java 17 installed, you can download it from the JDK dropdown list.\nCreate Spring Boot project 8. Ensure that you have specified all the fields and click Next.\n10. Select the following dependencies that will be required for the tutorial:\n- Web | Spring Web\n- SQL | Spring Data JDBC\n- SQL | H2 Database\nSet up Spring Boot project 12. Click Create to generate and set up the project.\nThe IDE will generate and open a new project. It may take some time to download and import the project dependencies.\n14. After this, you can observe the following structure in the Project view:\nSet up Spring Boot projectThe generated Gradle project corresponds to the Maven\u0027s standard directory layout:\n- There are packages and classes under the main/kotlin folder that belong to the application.\n- The entry point to the application is the main() method of the DemoApplication.kt file.\n","pageTitle":"Create a Spring Boot project","metaDescription":"","type":"Documentation","breadcrumbs":"Platforms///JVM///Spring///Create a RESTful web service with a database using Spring Boot","root":0,"depth":4}