{"objectID":"_jvm_spring_boot_using_crudrepository.html#","parent":"_jvm_spring_boot_using_crudrepository.html#update_your_application","pageViews":0,"url":"https://kotlinlang.org/docs/jvm-spring-boot-using-crudrepository.html","mainTitle":"Use Spring Data CrudRepository for database access","product":"","headings":"Use Spring Data CrudRepository for database access","content":"Work with Spring Data interface in a Spring Boot project written in Kotlin. In this part, you will migrate the service layer to use the Spring Data CrudRepository instead of JdbcTemplate for database access. CrudRepository is a Spring Data interface for generic CRUD operations on a repository of a specific type. It provides several methods out of the box for interacting with a database.\n","pageTitle":"Use Spring Data CrudRepository for database access","metaDescription":"","type":"Documentation","breadcrumbs":"Platforms///JVM///Spring///Create a RESTful web service with a database using Spring Boot","root":0,"depth":4}