{"objectID":"_jvm_spring_boot_add_data_class.html#","parent":"_jvm_spring_boot_add_data_class.html#update_your_application","pageViews":0,"url":"https://kotlinlang.org/docs/jvm-spring-boot-add-data-class.html","mainTitle":"Add a data class to Spring Boot project","product":"","headings":"Add a data class to Spring Boot project","content":"This is the second part of the Getting started with Spring Boot and Kotlin tutorial. Before proceeding, make sure you\u0027ve completed previous steps:\nFirst step Create a Spring Boot project with KotlinSecond step Add a data class to the Spring Boot projectThird step Add database support for Spring Boot projectFourth step Use Spring Data CrudRepository for database access\n","pageTitle":"Add a data class to Spring Boot project","metaDescription":"","type":"Documentation","breadcrumbs":"Platforms///JVM///Spring///Create a RESTful web service with a database using Spring Boot","root":0,"depth":4}