{"objectID":"_jvm_create_project_with_spring_boot.html#explore_the_project_gradle_build_file","parent":"_jvm_create_project_with_spring_boot.html#before_you_start","pageViews":0,"url":"https://kotlinlang.org/docs/jvm-create-project-with-spring-boot.html#explore-the-project-gradle-build-file","mainTitle":"Create a Spring Boot project with Kotlin","product":"","headings":"Create a Spring Boot project with Kotlin,Explore the project Gradle build file","content":"Open the build.gradle.kts file: it is the Gradle Kotlin build script, which contains a list of the dependencies required for the application.\nThe Gradle file is standard for Spring Boot, but it also contains necessary Kotlin dependencies, including the kotlin-spring Gradle plugin – kotlin(\u0026quot;plugin.spring\u0026quot;).\nHere is the full script with the explanation of all parts and dependencies:\n// build.gradle.kts\nplugins {\n    kotlin(\"jvm\") version \"1.9.25\" // The version of Kotlin to use\n    kotlin(\"plugin.spring\") version \"1.9.25\" // The Kotlin Spring plugin\n    id(\"org.springframework.boot\") version \"3.4.5\"\n    id(\"io.spring.dependency-management\") version \"1.1.7\"\n}\n\ngroup \u003d \"com.example\"\nversion \u003d \"0.0.1-SNAPSHOT\"\n\njava {\n    toolchain {\n        languageVersion \u003d JavaLanguageVersion.of(17)\n    }\n}\n\nrepositories {\n    mavenCentral()\n}\n\ndependencies {\n    implementation(\"org.springframework.boot:spring-boot-starter-data-jdbc\")\n    implementation(\"org.springframework.boot:spring-boot-starter-web\")\n    implementation(\"com.fasterxml.jackson.module:jackson-module-kotlin\") // Jackson extensions for Kotlin for working with JSON\n    implementation(\"org.jetbrains.kotlin:kotlin-reflect\") // Kotlin reflection library, required for working with Spring\n    runtimeOnly(\"com.h2database:h2\")\n    testImplementation(\"org.springframework.boot:spring-boot-starter-test\")\n    testImplementation(\"org.jetbrains.kotlin:kotlin-test-junit5\")\n    testRuntimeOnly(\"org.junit.platform:junit-platform-launcher\")\n}\n\nkotlin {\n    compilerOptions {\n        freeCompilerArgs.addAll(\"-Xjsr305\u003dstrict\") // `-Xjsr305\u003dstrict` enables the strict mode for JSR-305 annotations\n    }\n}\n\ntasks.withType\u0026lt;Test\u0026gt; {\n    useJUnitPlatform()\n}\nAs you can see, there are a few Kotlin-related artifacts added to the Gradle build file:\n2. In the plugins block, there are two Kotlin artifacts:\n- kotlin(\u0026quot;jvm\u0026quot;) – the plugin defines the version of Kotlin to be used in the project\n- kotlin(\u0026quot;plugin.spring\u0026quot;) – Kotlin Spring compiler plugin for adding the open modifier to Kotlin classes in order to make them compatible with Spring Framework features\n4. In the dependencies block, a few Kotlin-related modules listed:\n- com.fasterxml.jackson.module:jackson-module-kotlin – the module adds support for serialization and deserialization of Kotlin classes and data classes\n- org.jetbrains.kotlin:kotlin-reflect – Kotlin reflection library\n6. After the dependencies section, you can see the kotlin plugin configuration block. This is where you can add extra arguments to the compiler to enable or disable various language features.\nLearn more about the Kotlin compiler options in .\n","pageTitle":"Explore the project Gradle build file","metaDescription":"","type":"Documentation","breadcrumbs":"Platforms///JVM///Spring///Create a RESTful web service with a database using Spring Boot","root":0,"depth":4}