{"objectID":"_jvm_get_started_spring_boot.html#next_step","parent":"_jvm_get_started_spring_boot.html#next_step","pageViews":0,"url":"https://kotlinlang.org/docs/jvm-get-started-spring-boot.html#next-step","mainTitle":"Get started with Spring Boot and Kotlin","product":"","headings":"Get started with Spring Boot and Kotlin,Next step","content":"Start by creating a Spring Boot project with Kotlin using IntelliJ IDEA.\n","pageTitle":"Next step","metaDescription":"","type":"Documentation","breadcrumbs":"Platforms///JVM///Spring///Create a RESTful web service with a database using Spring Boot","root":0,"depth":4}