{"objectID":"_jvm_create_project_with_spring_boot.html#create_a_controller","parent":"_jvm_create_project_with_spring_boot.html#before_you_start","pageViews":0,"url":"https://kotlinlang.org/docs/jvm-create-project-with-spring-boot.html#create-a-controller","mainTitle":"Create a Spring Boot project with Kotlin","product":"","headings":"Create a Spring Boot project with Kotlin,Create a controller","content":"The application is ready to run, but let\u0027s update its logic first.\nIn the Spring application, a controller is used to handle the web requests. In the same package, next to the DemoApplication.kt file, create the MessageController.kt file with the MessageController class as follows:\n// MessageController.kt\npackage com.example.demo\n\nimport org.springframework.web.bind.annotation.GetMapping\nimport org.springframework.web.bind.annotation.RequestParam\nimport org.springframework.web.bind.annotation.RestController\n\n@RestController\nclass MessageController {\n    @GetMapping(\"/\")\n    fun index(@RequestParam(\"name\") name: String) \u003d \"Hello, $name!\"\n}\n\u003cb\u003e@RestController annotation\u003c/b\u003e : You need to tell Spring that MessageController is a REST Controller, so you should mark it with the @RestController annotation.\nThis annotation means this class will be picked up by the component scan because it\u0027s in the same package as our DemoApplication class.\n\u003cb\u003e@GetMapping annotation\u003c/b\u003e : @GetMapping marks the functions of the REST controller that implement the endpoints corresponding to HTTP GET calls:\n@GetMapping(\"/\")\nfun index(@RequestParam(\"name\") name: String) \u003d \"Hello, $name!\"\n\u003cb\u003e@RequestParam annotation\u003c/b\u003e : The function parameter name is marked with @RequestParam annotation. This annotation indicates that a method parameter should be bound to a web request parameter.\nHence, if you access the application at the root and supply a request parameter called \"name\", like /?name\u003d\u0026lt;your-value\u0026gt;, the parameter value will be used as an argument for invoking the index() function.\n\u003cb\u003eSingle-expression functions – index()\u003c/b\u003e : Since the index() function contains only one statement you can declare it as a single-expression function.\nThis means the curly braces can be omitted and the body is specified after the equals sign \u003d.\n\u003cb\u003eType inference for function return types\u003c/b\u003e : The index() function does not declare the return type explicitly. Instead, the compiler infers the return type by looking at the result of the statement on the right-hand side from the equals sign \u003d.\nThe type of Hello, $name! expression is String, hence the return type of the function is also String.\n\u003cb\u003eString templates – $name\u003c/b\u003e : Hello, $name! expression is called a String template in Kotlin.\nString templates are String literals that contain embedded expressions.\nThis is a convenient replacement for String concatenation operations.\n","pageTitle":"Create a controller","metaDescription":"","type":"Documentation","breadcrumbs":"Platforms///JVM///Spring///Create a RESTful web service with a database using Spring Boot","root":0,"depth":4}