{"objectID":"_jvm_create_project_with_spring_boot.html#","parent":"_jvm_create_project_with_spring_boot.html#before_you_start","pageViews":0,"url":"https://kotlinlang.org/docs/jvm-create-project-with-spring-boot.html","mainTitle":"Create a Spring Boot project with Kotlin","product":"","headings":"Create a Spring Boot project with Kotlin","content":"The first part of the tutorial shows how to create a Spring Boot project with Gradle in IntelliJ IDEA using the Project Wizard.\nThis tutorial doesn\u0027t require using Gradle as the build system. You can follow the same steps if you use Maven.\n","pageTitle":"Create a Spring Boot project with Kotlin","metaDescription":"","type":"Documentation","breadcrumbs":"Platforms///JVM///Spring///Create a RESTful web service with a database using Spring Boot","root":0,"depth":4}