{"objectID":"_jvm_spring_boot_add_db_support.html#","parent":"_jvm_spring_boot_add_db_support.html#add_database_support","pageViews":0,"url":"https://kotlinlang.org/docs/jvm-spring-boot-add-db-support.html","mainTitle":"Add database support for Spring Boot project","product":"","headings":"Add database support for Spring Boot project","content":"Add a database support for Sprint Boot project written in Kotlin using JDBC template. In this part of the tutorial, you\u0027ll add and configure a database to your project using Java Database Connectivity (JDBC). In JVM applications, you use JDBC to interact with databases. For convenience, the Spring Framework provides the JdbcTemplate class that simplifies the use of JDBC and helps to avoid common errors.\n","pageTitle":"Add database support for Spring Boot project","metaDescription":"","type":"Documentation","breadcrumbs":"Platforms///JVM///Spring///Create a RESTful web service with a database using Spring Boot","root":0,"depth":4}