{"objectID":"_jvm_create_project_with_spring_boot.html#explore_the_generated_spring_boot_application","parent":"_jvm_create_project_with_spring_boot.html#before_you_start","pageViews":0,"url":"https://kotlinlang.org/docs/jvm-create-project-with-spring-boot.html#explore-the-generated-spring-boot-application","mainTitle":"Create a Spring Boot project with Kotlin","product":"","headings":"Create a Spring Boot project with Kotlin,Explore the generated Spring Boot application","content":"Open the DemoApplication.kt file:\n// DemoApplication.kt\npackage com.example.demo\n\nimport org.springframework.boot.autoconfigure.SpringBootApplication\nimport org.springframework.boot.runApplication\n\n@SpringBootApplication\nclass DemoApplication\n\nfun main(args: Array\u0026lt;String\u0026gt;) {\n    runApplication\u0026lt;DemoApplication\u0026gt;(*args)\n}\n\u003cb\u003eDeclaring classes – class DemoApplication\u003c/b\u003e : Right after package declaration and import statements you can see the first class declaration, class DemoApplication.\nIn Kotlin, if a class doesn\u0027t include any members (properties or functions), you can omit the class body ({}) for good.\n\u003cb\u003e@SpringBootApplication annotation\u003c/b\u003e : @SpringBootApplication annotation is a convenience annotation in a Spring Boot application. It enables Spring Boot\u0027s auto-configuration, component scan, and be able to define an extra configuration on their \"application class\".\n\u003cb\u003eProgram entry point – main()\u003c/b\u003e : The main() function is the entry point to the application.\nIt is declared as a top-level function outside the DemoApplication class. The main() function invokes the Spring\u0027s runApplication(*args) function to start the application with the Spring Framework.\n\u003cb\u003eVariable arguments – args: Array\u0026lt;String\u0026gt;\u003c/b\u003e : If you check the declaration of the runApplication() function, you will see that the parameter of the function is marked with vararg modifier: vararg args: String. This means that you can pass a variable number of String arguments to the function.\n\u003cb\u003eThe spread operator – (*args)\u003c/b\u003e : The args is a parameter to the main() function declared as an array of Strings. Since there is an array of strings, and you want to pass its content to the function, use the spread operator (prefix the array with a star sign *).\n","pageTitle":"Explore the generated Spring Boot application","metaDescription":"","type":"Documentation","breadcrumbs":"Platforms///JVM///Spring///Create a RESTful web service with a database using Spring Boot","root":0,"depth":4}