{"objectID":"_jvm_records.html#declare_records_in_kotlin","parent":"_jvm_records.html#using_java_records_from_kotlin_code","pageViews":0,"url":"https://kotlinlang.org/docs/jvm-records.html#declare-records-in-kotlin","mainTitle":"Using Java records in Kotlin","product":"","headings":"Using Java records in Kotlin,Declare records in Kotlin","content":"Kotlin supports record declaration only for data classes, and the data class must meet the requirements.\nTo declare a record class in Kotlin, use the @JvmRecord annotation:\nApplying @JvmRecord to an existing class is not a binary compatible change. It alters the naming convention of the class property accessors.\n@JvmRecord\ndata class Person(val name: String, val age: Int)\nThis JVM-specific annotation enables generating:\n- the record components corresponding to the class properties in the class file\n- the property accessor methods named according to the Java record naming convention\nThe data class provides equals(), hashCode(), and toString() method implementations.\n","pageTitle":"Declare records in Kotlin","metaDescription":"","type":"Documentation","breadcrumbs":"Platforms///JVM","root":0,"depth":2}