{"objectID":"_jvm_records.html#enable_jvm_records","parent":"_jvm_records.html#using_java_records_from_kotlin_code","pageViews":0,"url":"https://kotlinlang.org/docs/jvm-records.html#enable-jvm-records","mainTitle":"Using Java records in Kotlin","product":"","headings":"Using Java records in Kotlin,Enable JVM records","content":"JVM records require the 16 target version or higher of the generated JVM bytecode.\nTo specify it explicitly, use the jvmTarget compiler option in Gradle or Maven.\n","pageTitle":"Enable JVM records","metaDescription":"","type":"Documentation","breadcrumbs":"Platforms///JVM","root":0,"depth":2}