{"objectID":"_jvm_spring_boot_add_db_support.html#update_the_messageservice_class","parent":"_jvm_spring_boot_add_db_support.html#add_database_support","pageViews":0,"url":"https://kotlinlang.org/docs/jvm-spring-boot-add-db-support.html#update-the-messageservice-class","mainTitle":"Add database support for Spring Boot project","product":"","headings":"Add database support for Spring Boot project,Update the MessageService class","content":"The id for Message class was declared as a nullable String:\ndata class Message(val id: String?, val text: String)\nIt would not be correct to store the null as an id value in the database though: you need to handle this situation gracefully.\nUpdate your code of the MessageService.kt file to generate a new value when the id is null while storing the messages in the database:\n// MessageService.kt\npackage com.example.demo\n\nimport org.springframework.stereotype.Service\nimport org.springframework.jdbc.core.JdbcTemplate\nimport org.springframework.jdbc.core.query\nimport java.util.UUID\n\n@Service\nclass MessageService(private val db: JdbcTemplate) {\n    fun findMessages(): List\u0026lt;Message\u0026gt; \u003d db.query(\"select * from messages\") { response, _ -\u0026gt;\n        Message(response.getString(\"id\"), response.getString(\"text\"))\n    }\n\n    fun save(message: Message): Message {\n        val id \u003d message.id ?: UUID.randomUUID().toString() // Generate new id if it is null\n        db.update(\n            \"insert into messages values ( ?, ? )\",\n            id, message.text\n        )\n        return message.copy(id \u003d id) // Return a copy of the message with the new id\n    }\n}\n\u003cb\u003eElvis operator – ?:\u003c/b\u003e : The code message.id ?: UUID.randomUUID().toString() uses the Elvis operator (if-not-null-else shorthand) ?:. If the expression to the left of ?: is not null, the Elvis operator returns it; otherwise, it returns the expression to the right. Note that the expression on the right-hand side is evaluated only if the left-hand side is null.\nThe application code is ready to work with the database. It is now required to configure the data source.\n","pageTitle":"Update the MessageService class","metaDescription":"","type":"Documentation","breadcrumbs":"Platforms///JVM///Spring///Create a RESTful web service with a database using Spring Boot","root":0,"depth":4}