{"objectID":"_k2_compiler_migration_guide.html#smart_casts","parent":"_k2_compiler_migration_guide.html#performance_improvements","pageViews":0,"url":"https://kotlinlang.org/docs/k2-compiler-migration-guide.html#smart-casts","mainTitle":"K2 compiler migration guide","product":"","headings":"K2 compiler migration guide,Smart casts","content":"The Kotlin compiler can automatically cast an object to a type in specific cases, saving you the trouble of having to explicitly specify it yourself. This is called smart-casting. The Kotlin K2 compiler now performs smart casts in even more scenarios than before.\nIn Kotlin 2.0.0, we\u0027ve made improvements related to smart casts in the following areas:\n- Local variables and further scopes\n- Type checks with the logical or operator\n- Inline functions\n- Properties with function types\n- Exception handling\n- Increment and decrement operators\n","pageTitle":"Smart casts","metaDescription":"","type":"Documentation","breadcrumbs":"Compiler and plugins///Kotlin compiler","root":0,"depth":2}