{"objectID":"_k2_compiler_migration_guide.html#language_feature_improvements","parent":"_k2_compiler_migration_guide.html#performance_improvements","pageViews":0,"url":"https://kotlinlang.org/docs/k2-compiler-migration-guide.html#language-feature-improvements","mainTitle":"K2 compiler migration guide","product":"","headings":"K2 compiler migration guide,Language feature improvements","content":"The Kotlin K2 compiler improves language features related to smart-casting and Kotlin Multiplatform.\n","pageTitle":"Language feature improvements","metaDescription":"","type":"Documentation","breadcrumbs":"Compiler and plugins///Kotlin compiler","root":0,"depth":2}