{"objectID":"_k2_compiler_migration_guide.html#how_to_enable_build_reports","parent":"_k2_compiler_migration_guide.html#performance_improvements","pageViews":0,"url":"https://kotlinlang.org/docs/k2-compiler-migration-guide.html#how-to-enable-build-reports","mainTitle":"K2 compiler migration guide","product":"","headings":"K2 compiler migration guide,How to enable build reports","content":"To enable build reports, declare where you\u0027d like to save the build report output in your gradle.properties file:\nkotlin.build.report.output\u003dfile\nThe following values and their combinations are available for the output:\nOption Description\nfile Saves build reports in a human-readable format to a local file. By default, it\u0027s ${project_folder}/build/reports/kotlin-build/${project_name}-timestamp.txt\nsingle_file Saves build reports in a format of an object to a specified local file.\nbuild_scan Saves build reports in the custom values section of the build scan. Note that the Gradle Enterprise plugin limits the number of custom values and their length. In big projects, some values could be lost.\nhttp Posts build reports using HTTP(S). The POST method sends metrics in JSON format. You can see the current version of the sent data in the Kotlin repository. You can find samples of HTTP endpoints in this blog post\njson Saves build reports in JSON format to a local file. Set the location for your build reports in kotlin.build.report.json.directory. By default, it\u0027s name is ${project_name}-build-\u0026lt;date-time\u0026gt;-\u0026lt;index\u0026gt;.json.\nFor more information on what is possible with build reports, see Build reports.\n","pageTitle":"How to enable build reports","metaDescription":"","type":"Documentation","breadcrumbs":"Compiler and plugins///Kotlin compiler","root":0,"depth":2}