{"objectID":"_k2_compiler_migration_guide.html#properties","parent":"_k2_compiler_migration_guide.html#performance_improvements","pageViews":0,"url":"https://kotlinlang.org/docs/k2-compiler-migration-guide.html#properties","mainTitle":"K2 compiler migration guide","product":"","headings":"K2 compiler migration guide,Properties","content":"Issue ID Title\nKT-57555* [LC] Forbid deferred initialization of open properties with backing field\nKT-58589 Deprecate missed MUST_BE_INITIALIZED when no primary constructor is presented or when class is local\nKT-64295 Forbid recursive resolve in case of potential invoke calls on properties\nKT-57290 Deprecate smart cast on base class property from invisible derived class if base class is from another module\nKT-62661 K2: Missed OPT_IN_USAGE_ERROR for data class properties\n","pageTitle":"Properties","metaDescription":"","type":"Documentation","breadcrumbs":"Compiler and plugins///Kotlin compiler","root":0,"depth":2}