{"objectID":"_k2_compiler_migration_guide.html#immediate_initialization_of_open_properties_with_backing_fields","parent":"_k2_compiler_migration_guide.html#performance_improvements","pageViews":0,"url":"https://kotlinlang.org/docs/k2-compiler-migration-guide.html#immediate-initialization-of-open-properties-with-backing-fields","mainTitle":"K2 compiler migration guide","product":"","headings":"K2 compiler migration guide,Immediate initialization of open properties with backing fields","content":"What\u0027s changed?\nIn Kotlin 2.0, all open properties with backing fields must be immediately initialized; otherwise, you\u0027ll get a compilation error. Previously, only open var properties needed to be initialized right away, but now this extends to open val properties with backing fields too:\nopen class Base {\n    open val a: Int\n    open var b: Int\n    \n    init {\n        // Error starting with Kotlin 2.0 that earlier compiled successfully \n        this.a \u003d 1 //Error: open val must have initializer\n        // Always an error\n        this.b \u003d 1 // Error: open var must have initializer\n    }\n}\n\nclass Derived : Base() {\n    override val a: Int \u003d 2\n    override var b \u003d 2\n}\nThis change makes the compiler\u0027s behavior more predictable. Consider an example where an open val property is overridden by a var property with a custom setter.\nIf a custom setter is used, deferred initialization can lead to confusion because it\u0027s unclear whether you want to initialize the backing field or to invoke the setter. In the past, if you wanted to invoke the setter, the old compiler couldn\u0027t guarantee that the setter would then initialize the backing field.\nWhat\u0027s the best practice now?\nWe encourage you to always initialize open properties with backing fields, as we believe this practice is both more efficient and less error-prone.\nHowever, if you don\u0027t want to immediately initialize a property, you can:\n- Make the property final.\n- Use a private backing property that allows for deferred initialization.\nFor more information, see the corresponding issue in YouTrack.\n","pageTitle":"Immediate initialization of open properties with backing fields","metaDescription":"","type":"Documentation","breadcrumbs":"Compiler and plugins///Kotlin compiler","root":0,"depth":2}