{"objectID":"_k2_compiler_migration_guide.html#control_flow","parent":"_k2_compiler_migration_guide.html#performance_improvements","pageViews":0,"url":"https://kotlinlang.org/docs/k2-compiler-migration-guide.html#control-flow","mainTitle":"K2 compiler migration guide","product":"","headings":"K2 compiler migration guide,Control flow","content":"Issue ID Title\nKT-56408 Inconsistent rules of CFA in class initialization block between K1 and K2\nKT-57871 K1/K2 inconsistency on if-conditional without else-branch in parenthesis\nKT-42995 False negative \u0026quot;VAL_REASSIGNMENT\u0026quot; in try/catch block with initialization in scope function\nKT-65724 Propagate data flow information from try block to catch and finally blocks\n","pageTitle":"Control flow","metaDescription":"","type":"Documentation","breadcrumbs":"Compiler and plugins///Kotlin compiler","root":0,"depth":2}