{"objectID":"_k2_compiler_migration_guide.html#when_resolution_behavior_doesn_t_change","parent":"_k2_compiler_migration_guide.html#performance_improvements","pageViews":0,"url":"https://kotlinlang.org/docs/k2-compiler-migration-guide.html#when-resolution-behavior-doesn-t-change","mainTitle":"K2 compiler migration guide","product":"","headings":"K2 compiler migration guide,When resolution behavior doesn\u0027t change","content":"We\u0027re still in the process of migrating to the new compilation scheme, so the resolution behavior is still the same when you call functions that aren\u0027t within the same source set. You\u0027ll notice this difference mainly when you use overloads from a multiplatform library in your common code.\nSuppose you have a library, which has two whichFun() functions with different signatures:\n// Example library\n\n// MODULE: common\nfun whichFun(x: Any) \u003d println(\"common function\") \n\n// MODULE: JVM\nfun whichFun(x: Int) \u003d println(\"platform function\")\nIf you call the whichFun() function in your common code, the function that has the most relevant argument type in the library will be resolved:\n// A project that uses the example library for the JVM target\n\n// MODULE: common\nfun main(){\n    whichFun(2) \n    // platform function\n}\nIn comparison, if you declare the overloads for whichFun() within the same source set, the function from the common code will be resolved because your code doesn\u0027t have access to the platform-specific version:\n// Example library isn\u0027t used\n\n// MODULE: common\nfun whichFun(x: Any) \u003d println(\"common function\") \n\nfun main(){\n    whichFun(2) \n    // common function\n}\n\n// MODULE: JVM\nfun whichFun(x: Int) \u003d println(\"platform function\")\nSimilar to multiplatform libraries, since the commonTest module is in a separate source set, it also still has access to platform-specific code. Therefore, the resolution of calls to functions in the commonTest module exhibits the same behavior as in the old compilation scheme.\nIn the future, these remaining cases will be more consistent with the new compilation scheme.\n","pageTitle":"When resolution behavior doesn\u0027t change","metaDescription":"","type":"Documentation","breadcrumbs":"Compiler and plugins///Kotlin compiler","root":0,"depth":2}