{"objectID":"_k2_compiler_migration_guide.html#try_the_kotlin_k2_compiler_in_the_kotlin_playground","parent":"_k2_compiler_migration_guide.html#performance_improvements","pageViews":0,"url":"https://kotlinlang.org/docs/k2-compiler-migration-guide.html#try-the-kotlin-k2-compiler-in-the-kotlin-playground","mainTitle":"K2 compiler migration guide","product":"","headings":"K2 compiler migration guide,Try the Kotlin K2 compiler in the Kotlin Playground","content":"The Kotlin Playground supports Kotlin 2.0.0 and later releases. Check it out!\n","pageTitle":"Try the Kotlin K2 compiler in the Kotlin Playground","metaDescription":"","type":"Documentation","breadcrumbs":"Compiler and plugins///Kotlin compiler","root":0,"depth":2}