{"objectID":"_k2_compiler_migration_guide.html#improved_null_safety_for_java_primitive_arrays","parent":"_k2_compiler_migration_guide.html#performance_improvements","pageViews":0,"url":"https://kotlinlang.org/docs/k2-compiler-migration-guide.html#improved-null-safety-for-java-primitive-arrays","mainTitle":"K2 compiler migration guide","product":"","headings":"K2 compiler migration guide,Improved null safety for Java primitive arrays","content":"What\u0027s changed?\nStarting with Kotlin 2.0.0, the compiler correctly infers the nullability of Java primitive arrays imported to Kotlin. Now, it retains native nullability from the TYPE_USE annotations used with Java primitive arrays and emits errors when their values are not used according to annotations.\nUsually, when Java types with @Nullable and @NotNull annotations are called from Kotlin, they receive the appropriate native nullability:\ninterface DataService {\n    @NotNull ResultContainer\u0026lt;@Nullable String\u0026gt; fetchData();\n}\nval dataService: DataService \u003d ... \ndataService.fetchData() // -\u0026gt; ResultContainer\u0026lt;String?\u0026gt;\nPreviously, however, when Java primitive arrays were imported to Kotlin, all TYPE_USE annotations were lost, resulting in platform nullability and possibly unsafe code:\ninterface DataProvider {\n    int @Nullable [] fetchData();\n}\nval dataService: DataProvider \u003d ...\ndataService.fetchData() // -\u0026gt; IntArray .. IntArray?\n// No error, even though `dataService.fetchData()` might be `null` according to annotations\n// This might result in a NullPointerException\ndataService.fetchData()[0]\nNote that this issue never affected nullability annotations on the declaration itself, only the TYPE_USE ones.\nWhat\u0027s the best practice now?\nIn Kotlin 2.0.0, null safety for Java primitive arrays is now standard in Kotlin, so check your code for new warnings and errors if you use them:\n- Any code that uses a @Nullable Java primitive array without an explicit nullability check or attempts to pass null to a Java method expecting a non-nullable primitive array will now fail to compile.\n- Using a @NotNull primitive array with a nullability check now emits \u0026quot;Unnecessary safe call\u0026quot; or \u0026quot;Comparison with null always false\u0026quot; warnings.\nFor more information, see the corresponding issue in YouTrack.\n","pageTitle":"Improved null safety for Java primitive arrays","metaDescription":"","type":"Documentation","breadcrumbs":"Compiler and plugins///Kotlin compiler","root":0,"depth":2}