{"objectID":"_k2_compiler_migration_guide.html#previous_ide_behavior","parent":"_k2_compiler_migration_guide.html#performance_improvements","pageViews":0,"url":"https://kotlinlang.org/docs/k2-compiler-migration-guide.html#previous-ide-behavior","mainTitle":"K2 compiler migration guide","product":"","headings":"K2 compiler migration guide,Previous IDE behavior","content":"If you want to go back to the previous IDE behavior, you can disable K2 mode:\n2. Go to Settings | Languages \u0026amp; Frameworks | Kotlin.\n4. Deselect the Enable K2 mode option.\nWe plan to introduce Stable language features after Kotlin 2.1.0. Until then, you can continue to use the previous IDE features for code analysis, and you won\u0027t encounter any code highlighting issues due to unrecognized language features.\n","pageTitle":"Previous IDE behavior","metaDescription":"","type":"Documentation","breadcrumbs":"Compiler and plugins///Kotlin compiler","root":0,"depth":2}