{"objectID":"_k2_compiler_migration_guide.html#different_visibility_levels_of_expected_and_actual_declarations","parent":"_k2_compiler_migration_guide.html#performance_improvements","pageViews":0,"url":"https://kotlinlang.org/docs/k2-compiler-migration-guide.html#different-visibility-levels-of-expected-and-actual-declarations","mainTitle":"K2 compiler migration guide","product":"","headings":"K2 compiler migration guide,Different visibility levels of expected and actual declarations","content":"Before Kotlin 2.0.0, if you used expected and actual declarations in your Kotlin Multiplatform project, they had to have the same visibility level. Kotlin 2.0.0 now also supports different visibility levels but only if the actual declaration is more permissive than the expected declaration. For example:\nexpect internal class Attribute // Visibility is internal\nactual class Attribute          // Visibility is public by default,\n                                // which is more permissive\nSimilarly, if you are using a type alias in your actual declaration, the visibility of the underlying type should be the same or more permissive than the expected declaration. For example:\nexpect internal class Attribute                 // Visibility is internal\ninternal actual typealias Attribute \u003d Expanded\n\nclass Expanded                                  // Visibility is public by default,\n                                                // which is more permissive\n","pageTitle":"Different visibility levels of expected and actual declarations","metaDescription":"","type":"Documentation","breadcrumbs":"Compiler and plugins///Kotlin compiler","root":0,"depth":2}