{"objectID":"_kapt.html#java_compiler_options","parent":"_kapt.html#use_in_gradle","pageViews":0,"url":"https://kotlinlang.org/docs/kapt.html#java-compiler-options","mainTitle":"kapt compiler plugin","product":"","headings":"kapt compiler plugin,Java compiler options","content":"kapt uses Java compiler to run annotation processors.Here is how you can pass arbitrary options to javac:\nkapt {\n    javacOptions {\n        // Increase the max count of errors from annotation processors.\n        // Default is 100.\n        option(\"-Xmaxerrs\", 500)\n    }\n}\n","pageTitle":"Java compiler options","metaDescription":"","type":"Documentation","breadcrumbs":"Compiler and plugins///Kotlin compiler plugins","root":0,"depth":2}