{"objectID":"_kapt.html#incremental_annotation_processing","parent":"_kapt.html#use_in_gradle","pageViews":0,"url":"https://kotlinlang.org/docs/kapt.html#incremental-annotation-processing","mainTitle":"kapt compiler plugin","product":"","headings":"kapt compiler plugin,Incremental annotation processing","content":"kapt supports incremental annotation processing that is enabled by default. Currently, annotation processing can be incremental only if all annotation processors being used are incremental.\nTo disable incremental annotation processing, add this line to your gradle.properties file:\nkapt.incremental.apt\u003dfalse\nNote that incremental annotation processing requires incremental compilation to be enabled as well.\n","pageTitle":"Incremental annotation processing","metaDescription":"","type":"Documentation","breadcrumbs":"Compiler and plugins///Kotlin compiler plugins","root":0,"depth":2}