{"objectID":"_kapt.html#","parent":"_kapt.html#use_in_gradle","pageViews":0,"url":"https://kotlinlang.org/docs/kapt.html","mainTitle":"kapt compiler plugin","product":"","headings":"kapt compiler plugin","content":"kapt is in maintenance mode. We are keeping it up-to-date with recent Kotlin and Java releases but have no plans to implement new features. Please use the Kotlin Symbol Processing API (KSP) for annotation processing. See the list of libraries supported by KSP.\nAnnotation processors (see JSR 269) are supported in Kotlin with the kapt compiler plugin.\nIn a nutshell, kapt helps you use libraries like Dagger and Data Binding in your Kotlin projects by enabling Java-based annotation processing.\nIf you encounter any issues when using kapt with the K2 compiler, report them to our issue tracker and disable the K2 mode in your gradle.properties file:\nkapt.use.k2\u003dfalse\n","pageTitle":"kapt compiler plugin","metaDescription":"","type":"Documentation","breadcrumbs":"Compiler and plugins///Kotlin compiler plugins","root":0,"depth":2}