{"objectID":"_kapt.html#compile_avoidance_for_kapt","parent":"_kapt.html#use_in_gradle","pageViews":0,"url":"https://kotlinlang.org/docs/kapt.html#compile-avoidance-for-kapt","mainTitle":"kapt compiler plugin","product":"","headings":"kapt compiler plugin,Compile avoidance for kapt","content":"To improve the times of incremental builds with kapt, it can use the Gradle compile avoidance. With compile avoidance enabled, Gradle can skip annotation processing when rebuilding a project. Particularly, annotation processing is skipped when:\n- The project\u0027s source files are unchanged.\n- The changes in dependencies are ABI-compatible. For example, the only changes are in method bodies.\nHowever, compile avoidance can\u0027t be used for annotation processors discovered in the compile classpath since any changes in them require running the annotation processing tasks.\nTo run kapt with compile avoidance:\n- Add the annotation processor dependencies to the kapt* configurations manually.\n- Turn off the discovery of annotation processors in the compile classpath in the gradle.properties file:\n# gradle.properties\nkapt.include.compile.classpath\u003dfalse\n","pageTitle":"Compile avoidance for kapt","metaDescription":"","type":"Documentation","breadcrumbs":"Compiler and plugins///Kotlin compiler plugins","root":0,"depth":2}