{"objectID":"_kapt.html#measure_performance_of_annotation_processors","parent":"_kapt.html#use_in_gradle","pageViews":0,"url":"https://kotlinlang.org/docs/kapt.html#measure-performance-of-annotation-processors","mainTitle":"kapt compiler plugin","product":"","headings":"kapt compiler plugin,Measure performance of annotation processors","content":"To get performance statistics on the annotation processors execution, use the -Kapt-show-processor-timings plugin option. An example output:\nKapt Annotation Processing performance report:\ncom.example.processor.TestingProcessor: total: 133 ms, init: 36 ms, 2 round(s): 97 ms, 0 ms\ncom.example.processor.AnotherProcessor: total: 100 ms, init: 6 ms, 1 round(s): 93 ms\nYou can dump this report into a file with the plugin option -Kapt-dump-processor-timings (org.jetbrains.kotlin.kapt3:dumpProcessorTimings). The following command will run kapt and dump the statistics to the ap-perf-report.file file:\nkotlinc -cp $MY_CLASSPATH \\\n-Xplugin\u003dkotlin-annotation-processing-SNAPSHOT.jar -P \\\nplugin:org.jetbrains.kotlin.kapt3:aptMode\u003dstubsAndApt,\\\nplugin:org.jetbrains.kotlin.kapt3:apclasspath\u003dprocessor/build/libs/processor.jar,\\\nplugin:org.jetbrains.kotlin.kapt3:dumpProcessorTimings\u003dap-perf-report.file \\\n-Xplugin\u003d$JAVA_HOME/lib/tools.jar \\\n-d cli-tests/out \\\n-no-jdk -no-reflect -no-stdlib -verbose \\\nsample/src/main/\n","pageTitle":"Measure performance of annotation processors","metaDescription":"","type":"Documentation","breadcrumbs":"Compiler and plugins///Kotlin compiler plugins","root":0,"depth":2}