{"objectID":"_kapt.html#use_in_gradle","parent":"_kapt.html#use_in_gradle","pageViews":0,"url":"https://kotlinlang.org/docs/kapt.html#use-in-gradle","mainTitle":"kapt compiler plugin","product":"","headings":"kapt compiler plugin,Use in Gradle","content":"To use kapt in Gradle, follow these steps:\n2. Apply the kapt Gradle plugin in your build script file build.gradle(.kts):\n\u003cb\u003eKotlin\u003c/b\u003e plugins {\n    kotlin(\"kapt\") version \"2.2.0\"\n}\n\u003cb\u003eGroovy\u003c/b\u003e plugins {\n    id \"org.jetbrains.kotlin.kapt\" version \"2.2.0\"\n}\n4. Add the respective dependencies using the kapt configuration in the dependencies {} block:\n\u003cb\u003eKotlin\u003c/b\u003e dependencies {\n    kapt(\"groupId:artifactId:version\")\n}\n\u003cb\u003eGroovy\u003c/b\u003e dependencies {\n    kapt \u0027groupId:artifactId:version\u0027\n}\n6. If you previously used the Android support for annotation processors, replace usages of the annotationProcessor configuration with kapt. If your project contains Java classes, kapt will also take care of them.\nIf you use annotation processors for your androidTest or test sources, the respective kapt configurations are named kaptAndroidTest and kaptTest. Note that kaptAndroidTest and kaptTest extend kapt, so you can provide the kapt dependency, and it will be available both for production sources and tests.\n","pageTitle":"Use in Gradle","metaDescription":"","type":"Documentation","breadcrumbs":"Compiler and plugins///Kotlin compiler plugins","root":0,"depth":2}