{"objectID":"_kapt.html#caching_for_annotation_processors_classloaders","parent":"_kapt.html#use_in_gradle","pageViews":0,"url":"https://kotlinlang.org/docs/kapt.html#caching-for-annotation-processors-classloaders","mainTitle":"kapt compiler plugin","product":"","headings":"kapt compiler plugin,Caching for annotation processors\u0027 classloaders","content":"Caching for annotation processors\u0027 classloaders helps kapt perform faster if you run many Gradle tasks consecutively.\nTo enable this feature, use the following properties in your gradle.properties file:\n# gradle.properties\n#\n# Any positive value enables caching\n# Use the same value as the number of modules that use kapt\nkapt.classloaders.cache.size\u003d5\n\n# Disable for caching to work\nkapt.include.compile.classpath\u003dfalse\nIf you run into any problems with caching for annotation processors, disable caching for them:\n# Specify annotation processors\u0027 full names to disable caching for them\nkapt.classloaders.cache.disableForProcessors\u003d[annotation processors full names]\nIf you encounter any issues with the feature, we would appreciate your feedback in YouTrack.\n","pageTitle":"Caching for annotation processors\u0027 classloaders","metaDescription":"","type":"Documentation","breadcrumbs":"Compiler and plugins///Kotlin compiler plugins","root":0,"depth":2}