{"objectID":"_kapt.html#generate_kotlin_sources","parent":"_kapt.html#use_in_gradle","pageViews":0,"url":"https://kotlinlang.org/docs/kapt.html#generate-kotlin-sources","mainTitle":"kapt compiler plugin","product":"","headings":"kapt compiler plugin,Generate Kotlin sources","content":"kapt can generate Kotlin sources. Just write the generated Kotlin source files to the directory specified by processingEnv.options[\u0026quot;kapt.kotlin.generated\u0026quot;], and these files will be compiled together with the main sources.\nNote that kapt does not support multiple rounds for the generated Kotlin files.\n","pageTitle":"Generate Kotlin sources","metaDescription":"","type":"Documentation","breadcrumbs":"Compiler and plugins///Kotlin compiler plugins","root":0,"depth":2}