{"objectID":"_kapt.html#ap_javac_options_encoding","parent":"_kapt.html#use_in_gradle","pageViews":0,"url":"https://kotlinlang.org/docs/kapt.html#ap-javac-options-encoding","mainTitle":"kapt compiler plugin","product":"","headings":"kapt compiler plugin,AP/Javac options encoding","content":"apoptions and javacArguments CLI options accept an encoded map of options.Here is how you can encode options by yourself:\nfun encodeList(options: Map\u0026lt;String, String\u0026gt;): String {\n    val os \u003d ByteArrayOutputStream()\n    val oos \u003d ObjectOutputStream(os)\n\n    oos.writeInt(options.size)\n    for ((key, value) in options.entries) {\n        oos.writeUTF(key)\n        oos.writeUTF(value)\n    }\n\n    oos.flush()\n    return Base64.getEncoder().encodeToString(os.toByteArray())\n}\n","pageTitle":"AP/Javac options encoding","metaDescription":"","type":"Documentation","breadcrumbs":"Compiler and plugins///Kotlin compiler plugins","root":0,"depth":2}