{"objectID":"_kapt.html#improve_the_speed_of_builds_that_use_kapt","parent":"_kapt.html#use_in_gradle","pageViews":0,"url":"https://kotlinlang.org/docs/kapt.html#improve-the-speed-of-builds-that-use-kapt","mainTitle":"kapt compiler plugin","product":"","headings":"kapt compiler plugin,Improve the speed of builds that use kapt","content":"","pageTitle":"Improve the speed of builds that use kapt","metaDescription":"","type":"Documentation","breadcrumbs":"Compiler and plugins///Kotlin compiler plugins","root":0,"depth":2}