{"objectID":"_kotlin_tips.html#what_s_next","parent":"_kotlin_tips.html#null_null_in_kotlin","pageViews":0,"url":"https://kotlinlang.org/docs/kotlin-tips.html#what-s-next","mainTitle":"Kotlin tips","product":"","headings":"Kotlin tips,What\u0027s next?","content":"- See the complete list of Kotlin Tips in our YouTube playlist\n- Learn how to write idiomatic Kotlin code for popular cases\n","pageTitle":"What\u0027s next?","metaDescription":"","type":"Documentation","breadcrumbs":"Learning materials","root":0,"depth":1}