{"objectID":"_kotlin_tour_intermediate_properties.html#properties_exercise_4","parent":"_kotlin_tour_intermediate_properties.html#backing_fields","pageViews":0,"url":"https://kotlinlang.org/docs/kotlin-tour-intermediate-properties.html#properties-exercise-4","mainTitle":"Intermediate: Properties","product":"","headings":"Intermediate: Properties,Exercise 4","content":"You\u0027re building a simple budget tracker app. The app needs to observe changes to the user\u0027s remaining budget and notify them whenever it goes below a certain threshold. You have a Budget class that is initialized with a totalBudget property that contains the initial budget amount. Within the class, create an observable property called remainingBudget that prints:\n- A warning when the value is lower than 20% of the initial budget.\n- An encouraging message when the budget is increased from the previous value.\nimport kotlin.properties.Delegates.observable\n\nclass Budget(val totalBudget: Int) {\n    var remainingBudget: Int // Write your code here\n}\n\nfun main() {\n    val myBudget \u003d Budget(totalBudget \u003d 1000)\n    myBudget.remainingBudget \u003d 800\n    myBudget.remainingBudget \u003d 150\n    // Warning: Your remaining budget (150) is below 20% of your total budget.\n    myBudget.remainingBudget \u003d 50\n    // Warning: Your remaining budget (50) is below 20% of your total budget.\n    myBudget.remainingBudget \u003d 300\n    // Good news: Your remaining budget increased to 300.\n}\nimport kotlin.properties.Delegates.observable\n\nclass Budget(val totalBudget: Int) {\n  var remainingBudget: Int by observable(totalBudget) { _, oldValue, newValue -\u0026gt;\n    if (newValue \u0026lt; totalBudget * 0.2) {\n      println(\"Warning: Your remaining budget ($newValue) is below 20% of your total budget.\")\n    } else if (newValue \u0026gt; oldValue) {\n      println(\"Good news: Your remaining budget increased to $newValue.\")\n    }\n  }\n}\n\nfun main() {\n  val myBudget \u003d Budget(totalBudget \u003d 1000)\n  myBudget.remainingBudget \u003d 800\n  myBudget.remainingBudget \u003d 150\n  // Warning: Your remaining budget (150) is below 20% of your total budget.\n  myBudget.remainingBudget \u003d 50\n  // Warning: Your remaining budget (50) is below 20% of your total budget.\n  myBudget.remainingBudget \u003d 300\n  // Good news: Your remaining budget increased to 300.\n}\n","pageTitle":"Exercise 4","metaDescription":"","type":"Documentation","breadcrumbs":"Take Kotlin tour","root":0,"depth":1}