{"objectID":"_kotlin_tour_intermediate_open_special_classes.html#member_functions","parent":"_kotlin_tour_intermediate_open_special_classes.html#open_classes","pageViews":0,"url":"https://kotlinlang.org/docs/kotlin-tour-intermediate-open-special-classes.html#member-functions","mainTitle":"Intermediate: Open and special classes","product":"","headings":"Intermediate: Open and special classes,Member functions","content":"To allow a function in the parent class to be overridden, use the open keyword before its declaration in the parent class:\nopen fun displayInfo() {}\nTo override an inherited member function, use the override keyword before the function declaration in the child class:\noverride fun displayInfo() {}\nFor example:\nopen class Vehicle(val make: String, val model: String) {\n    open fun displayInfo() {\n        println(\"Vehicle Info: Make - $make, Model - $model\")\n    }\n}\n\nclass Car(make: String, model: String, val numberOfDoors: Int) : Vehicle(make, model) {\n    override fun displayInfo() {\n        println(\"Car Info: Make - $make, Model - $model, Number of Doors - $numberOfDoors\")\n    }\n}\n\nfun main() {\n    val car1 \u003d Car(\"Toyota\", \"Corolla\", 4)\n    val car2 \u003d Car(\"Honda\", \"Civic\", 2)\n\n    // Uses the overridden displayInfo() function\n    car1.displayInfo()\n    // Car Info: Make - Toyota, Model - Corolla, Number of Doors - 4\n    car2.displayInfo()\n    // Car Info: Make - Honda, Model - Civic, Number of Doors - 2\n}\nThis example:\n- Creates two instances of the Car class that inherit from the Vehicle class: car1 and car2.\n- Overrides the displayInfo() function in the Car class to also print the number of doors.\n- Calls the overridden displayInfo() function on car1 and car2 instances.\n","pageTitle":"Member functions","metaDescription":"","type":"Documentation","breadcrumbs":"Take Kotlin tour","root":0,"depth":1}