{"objectID":"_kotlin_tour_intermediate_lambdas_receiver.html#","parent":"_kotlin_tour_intermediate_lambdas_receiver.html#lambda_expressions_with_receiver","pageViews":0,"url":"https://kotlinlang.org/docs/kotlin-tour-intermediate-lambdas-receiver.html","mainTitle":"Intermediate: Lambda expressions with receiver","product":"","headings":"Intermediate: Lambda expressions with receiver","content":"In this chapter, you\u0027ll learn how to use receiver objects with another type of function, lambda expressions, and how they can help you create a domain-specific language.\n","pageTitle":"Intermediate: Lambda expressions with receiver","metaDescription":"","type":"Documentation","breadcrumbs":"Take Kotlin tour","root":0,"depth":1}