{"objectID":"_kotlin_language_features_and_proposals.html#","parent":"_kotlin_language_features_and_proposals.html#","pageViews":0,"url":"https://kotlinlang.org/docs/kotlin-language-features-and-proposals.html","mainTitle":"Kotlin language features and proposals","product":"","headings":"Kotlin language features and proposals","content":"Learn about the lifecycle of Kotlin features. The page contains the full list of Kotlin language features and design proposals. JetBrains evolves the Kotlin language according to the Kotlin language evolution principles, guided by pragmatic design.\nLanguage feature proposals are listed from Kotlin 1.7.0.\nSee the explanation of language feature statuses in the Kotlin evolution principles documentation.\n\u003cb\u003eAll\u003c/b\u003e Exploration and design\nRich Errors: Error union types\n- KEEP proposal: Not defined\n- YouTrack issue: KT-68296\nExploration and design\nName-based destructuring\n- KEEP proposal: Not defined\n- YouTrack issue: KT-19627\nExploration and design\nSupport immutability\n- KEEP notes: immutability\n- YouTrack issue: KT-77734\nKEEP discussion\nKotlin statics and static extensions\n- KEEP proposal: statics.md\n- YouTrack issue: KT-11968\nKEEP discussion\nCollection literals\n- KEEP proposal: collection-literals.md\n- YouTrack issue: KT-43871\nKEEP discussion\nExplicit backing fields\n- KEEP proposal: explicit-backing-fields.md\n- YouTrack issue: KT-14663\nKEEP discussion\nVersion overloading\n- KEEP proposal: version-overloading.md\nKEEP discussion\nUnused return value checker\n- KEEP proposal: unused-return-value-checker.md\n- YouTrack issue: KT-12719\nKEEP discussion\nStreamline KDoc ambiguity links\n- KEEP proposal: streamline-KDoc-ambiguity-references.md\n- GitHub issues: dokka/#3451, dokka/#3179, dokka/#3334\nKEEP discussion\nResolution of links to extensions in KDoc\n- KEEP proposal: links-to-extensions.md\n- GitHub issue: dokka/#3555\nIn preview\nContext parameters: support for context-dependent declarations\n- KEEP proposal: context-parameters.md\n- YouTrack issue: KT-14663\n- Available since: 2.2.0\nIn preview\nImprovements to annotation use-site targets on properties\n- KEEP proposal: Improvements to annotation use-site targets on properties\n- YouTrack issue: KT-19289\n- Available since: 2.2.0\nIn preview\nNested (non-capturing) type aliases\n- KEEP proposal: Nested (non-capturing) type aliases\n- YouTrack issue: KT-45285\n- Available since: 2.2.0\nIn preview\nContext-sensitive resolution\n- KEEP proposal: context-sensitive-resolution.md\n- YouTrack issue: KT-16768\n- Available since: 2.2.0\nIn preview\nExpose boxed inline value classes in JVM\n- KEEP proposal: jvm-expose-boxed.md\n- YouTrack issue: KT-28135\n- Available since: 2.2.0\nIn preview\nkotlin.time.Instant\n- KEEP proposal: Instant and Clock\n- Available since: 2.1.0\nIn preview\nUuid\n- KEEP proposal: uuid.md\n- YouTrack issue: KT-31880\n- Available since: 2.0.20\nIn preview\nCommon Atomics and Atomic Arrays\n- KEEP proposal: Common atomics\n- YouTrack issue: KT-62423\n- Available since: 2.2.0\nIn preview\nKMP Kotlin-to-Java direct actualization\n- KEEP proposal: kmp-kotlin-to-java-direct-actualization.md\n- YouTrack issue: KT-67202\n- Available since: 2.1.0\nStable\nGuard conditions in when-with-subject\n- KEEP proposal: guards.md\n- YouTrack issue: KT-13626\n- Available since: 2.2.0\nStable\nMultidollar interpolation: improved handling of $ in string literals\n- KEEP proposal: dollar-escape.md\n- YouTrack issue: KT-2425\n- Available since: 2.2.0\nStable\nNon-local break and continue\n- KEEP proposal: break-continue-in-inline-lambdas.md\n- YouTrack issue: KT-1436\n- Available since: 2.2.0\nStable\nStabilized @SubclassOptInRequired\n- KEEP proposal: subclass-opt-in-required.md\n- YouTrack issue: KT-54617\n- Available since: 2.1.0\nStable\nEnum.entries: performant replacement of the Enum.values()\n- KEEP proposal: enum-entries.md\n- YouTrack issue: KT-48872\n- Target version: 2.0.0\nStable\nData objects\n- KEEP proposal: data-objects.md\n- YouTrack issue: KT-4107\n- Target version: 1.9.0\nStable\nRangeUntil operator ..\u0026lt;\n- KEEP proposal: open-ended-ranges.md\n- YouTrack issue: KT-15613\n- Target version: 1.7.20\nStable\nDefinitely non-nullable types\n- KEEP proposal: definitely-non-nullable-types.md\n- YouTrack issue: KT-26245\n- Target version: 1.7.0\nRevoked\nContext receivers\n- KEEP proposal: context-receivers.md\n- YouTrack issue: KT-10468\n- Replaced with context-parameters.md\nRevoked\nJava synthetic property references\n- KEEP proposal: references-to-java-synthetic-properties.md\n- YouTrack issue: KT-8575\n\u003cb\u003eExploration and design\u003c/b\u003e Exploration and design\nRich Errors: Error union types\n- KEEP proposal: Not defined\n- YouTrack issue: KT-68296\nExploration and design\nName-based destructuring\n- KEEP proposal: Not defined\n- YouTrack issue: KT-19627\nExploration and design\nSupport immutability\n- KEEP notes: immutability\n- YouTrack issue: KT-77734\n\u003cb\u003eKEEP discussion\u003c/b\u003e KEEP discussion\nKotlin statics and static extensions\n- KEEP proposal: statics.md\n- YouTrack issue: KT-11968\nKEEP discussion\nCollection literals\n- KEEP proposal: collection-literals.md\n- YouTrack issue: KT-43871\nKEEP discussion\nExplicit backing fields\n- KEEP proposal: explicit-backing-fields.md\n- YouTrack issue: KT-14663\nKEEP discussion\nVersion overloading\n- KEEP proposal: version-overloading.md\nKEEP discussion\nUnused return value checker\n- KEEP proposal: unused-return-value-checker.md\n- YouTrack issue: KT-12719\nKEEP discussion\nStreamline KDoc ambiguity links\n- KEEP proposal: streamline-KDoc-ambiguity-references.md\n- GitHub issues: dokka/#3451, dokka/#3179, dokka/#3334\nKEEP discussion\nResolution of links to extensions in KDoc\n- KEEP proposal: links-to-extensions.md\n- GitHub issue: dokka/#3555\n\u003cb\u003eIn preview\u003c/b\u003e In preview\nContext parameters: support for context-dependent declarations\n- KEEP proposal: context-parameters.md\n- YouTrack issue: KT-14663\n- Available since: 2.2.0\nIn preview\nImprovements to annotation use-site targets on properties\n- KEEP proposal: Improvements to annotation use-site targets on properties\n- YouTrack issue: KT-19289\n- Available since: 2.2.0\nIn preview\nNested (non-capturing) type aliases\n- KEEP proposal: Nested (non-capturing) type aliases\n- YouTrack issue: KT-45285\n- Available since: 2.2.0\nIn preview\nContext-sensitive resolution\n- KEEP proposal: context-sensitive-resolution.md\n- YouTrack issue: KT-16768\n- Available since: 2.2.0\nIn preview\nExpose boxed inline value classes in JVM\n- KEEP proposal: jvm-expose-boxed.md\n- YouTrack issue: KT-28135\n- Available since: 2.2.0\nIn preview\nkotlin.time.Instant\n- KEEP proposal: Instant and Clock\n- Available since: 2.1.0\nIn preview\nUuid\n- KEEP proposal: uuid.md\n- YouTrack issue: KT-31880\n- Available since: 2.0.20\nIn preview\nCommon Atomics and Atomic Arrays\n- KEEP proposal: Common atomics\n- YouTrack issue: KT-62423\n- Available since: 2.2.0\nIn preview\nKMP Kotlin-to-Java direct actualization\n- KEEP proposal: kmp-kotlin-to-java-direct-actualization.md\n- YouTrack issue: KT-67202\n- Available since: 2.1.0\n\u003cb\u003eStable\u003c/b\u003e Stable\nGuard conditions in when-with-subject\n- KEEP proposal: guards.md\n- YouTrack issue: KT-13626\n- Available since: 2.2.0\nStable\nMultidollar interpolation: improved handling of $ in string literals\n- KEEP proposal: dollar-escape.md\n- YouTrack issue: KT-2425\n- Available since: 2.2.0\nStable\nNon-local break and continue\n- KEEP proposal: break-continue-in-inline-lambdas.md\n- YouTrack issue: KT-1436\n- Available since: 2.2.0\nStable\nStabilized @SubclassOptInRequired\n- KEEP proposal: subclass-opt-in-required.md\n- YouTrack issue: KT-54617\n- Available since: 2.1.0\nStable\nEnum.entries: performant replacement of the Enum.values()\n- KEEP proposal: enum-entries.md\n- YouTrack issue: KT-48872\n- Target version: 2.0.0\nStable\nData objects\n- KEEP proposal: data-objects.md\n- YouTrack issue: KT-4107\n- Target version: 1.9.0\nStable\nRangeUntil operator ..\u0026lt;\n- KEEP proposal: open-ended-ranges.md\n- YouTrack issue: KT-15613\n- Target version: 1.7.20\nStable\nDefinitely non-nullable types\n- KEEP proposal: definitely-non-nullable-types.md\n- YouTrack issue: KT-26245\n- Target version: 1.7.0\n\u003cb\u003eRevoked\u003c/b\u003e Revoked\nContext receivers\n- KEEP proposal: context-receivers.md\n- YouTrack issue: KT-10468\n- Replaced with context-parameters.md\nRevoked\nJava synthetic property references\n- KEEP proposal: references-to-java-synthetic-properties.md\n- YouTrack issue: KT-8575\n","pageTitle":"Kotlin language features and proposals","metaDescription":"","type":"Documentation","breadcrumbs":"Kotlin evolution and roadmap","root":0,"depth":1}