{"objectID":"_kotlin_doc.html#throws_class_exception_class","parent":"_kotlin_doc.html#kdoc_syntax","pageViews":0,"url":"https://kotlinlang.org/docs/kotlin-doc.html#throws-class-exception-class","mainTitle":"Document Kotlin code: KDoc","product":"","headings":"Document Kotlin code: KDoc,@throws , @exception","content":"Documents an exception which can be thrown by a method. Since Kotlin does not have checked exceptions, there is also no expectation that all possible exceptions are documented, but you can still use this tag when it provides useful information for users of the class.\n","pageTitle":"@throws , @exception","metaDescription":"","type":"Documentation","breadcrumbs":"Tools","root":0,"depth":1}