{"objectID":"_kotlin_tour_intermediate_open_special_classes.html#enum_classes","parent":"_kotlin_tour_intermediate_open_special_classes.html#open_classes","pageViews":0,"url":"https://kotlinlang.org/docs/kotlin-tour-intermediate-open-special-classes.html#enum-classes","mainTitle":"Intermediate: Open and special classes","product":"","headings":"Intermediate: Open and special classes,Enum classes","content":"Enum classes are useful when you want to represent a finite set of distinct values in a class. An enum class contains enum constants, which are themselves instances of the enum class.\nTo create an enum class, use the enum keyword:\nenum class State\nLet\u0027s say that you want to create an enum class that contains the different states of a process. Each enum constant must be separated by a comma ,:\nenum class State {\n    IDLE, RUNNING, FINISHED\n}\nThe State enum class has enum constants: IDLE, RUNNING, and FINISHED. To access an enum constant, use the class name followed by a . and the name of the enum constant:\nval state \u003d State.RUNNING\nYou can use this enum class with a when expression to define the action to take depending on the value of the enum constant:\nenum class State {\n    IDLE, RUNNING, FINISHED\n}\n\nfun main() {\n    val state \u003d State.RUNNING\n    val message \u003d when (state) {\n        State.IDLE -\u0026gt; \"It\u0027s idle\"\n        State.RUNNING -\u0026gt; \"It\u0027s running\"\n        State.FINISHED -\u0026gt; \"It\u0027s finished\"\n    }\n    println(message)\n    // It\u0027s running\n}\nEnum classes can have properties and member functions just like normal classes.\nFor example, let\u0027s say you\u0027re working with HTML and you want to create an enum class containing some colors. You want each color to have a property, let\u0027s call it rgb, that contains their RGB value as a hexadecimal. When creating the enum constants, you must initialize it with this property:\nenum class Color(val rgb: Int) {\n    RED(0xFF0000),\n    GREEN(0x00FF00),\n    BLUE(0x0000FF),\n    YELLOW(0xFFFF00)\n}\nKotlin stores hexadecimals as integers, so the rgb property has the Int type, not the String type.\nTo add a member function to this class, separate it from the enum constants with a semicolon ;:\nenum class Color(val rgb: Int) {\n    RED(0xFF0000),\n    GREEN(0x00FF00),\n    BLUE(0x0000FF),\n    YELLOW(0xFFFF00);\n\n    fun containsRed() \u003d (this.rgb and 0xFF0000 !\u003d 0)\n}\n\nfun main() {\n    val red \u003d Color.RED\n    \n    // Calls containsRed() function on enum constant\n    println(red.containsRed())\n    // true\n\n    // Calls containsRed() function on enum constants via class names\n    println(Color.BLUE.containsRed())\n    // false\n  \n    println(Color.YELLOW.containsRed())\n    // true\n}\nIn this example, the containsRed() member function accesses the value of the enum constant\u0027s rgb property using the this keyword and checks if the hexadecimal value contains FF as its first bits to return a boolean value.\nFor more information, see Enum classes.\n","pageTitle":"Enum classes","metaDescription":"","type":"Documentation","breadcrumbs":"Take Kotlin tour","root":0,"depth":1}