{"objectID":"_kotlin_tour_intermediate_libraries_and_apis.html#properties_exercise_3","parent":"_kotlin_tour_intermediate_libraries_and_apis.html#the_standard_library","pageViews":0,"url":"https://kotlinlang.org/docs/kotlin-tour-intermediate-libraries-and-apis.html#properties-exercise-3","mainTitle":"Intermediate: Libraries and APIs","product":"","headings":"Intermediate: Libraries and APIs,Exercise 3","content":"There\u0027s a new feature in the standard library available in the latest Kotlin release. You want to try it out, but it requires opt-in. The feature falls under @ExperimentalStdlibApi. What should the opt-in look like in your code?\n@OptIn(ExperimentalStdlibApi::class)\n","pageTitle":"Exercise 3","metaDescription":"","type":"Documentation","breadcrumbs":"Take Kotlin tour","root":0,"depth":1}