{"objectID":"_kotlin_brand_assets.html#press_wall","parent":"_kotlin_brand_assets.html#kotlin_logo","pageViews":0,"url":"https://kotlinlang.org/docs/kotlin-brand-assets.html#press-wall","mainTitle":"Kotlin brand assets","product":"","headings":"Kotlin brand assets,Press-wall","content":"You can decorate a press wall with stickers for unforgettable event pictures.\nPress Wall ","pageTitle":"Press-wall","metaDescription":"","type":"Documentation","breadcrumbs":"Other resources","root":0,"depth":1}