{"objectID":"_kotlin_tour_basic_types.html#","parent":"_kotlin_tour_basic_types.html#practice","pageViews":0,"url":"https://kotlinlang.org/docs/kotlin-tour-basic-types.html","mainTitle":"Basic types","product":"","headings":"Basic types","content":"First step Hello world Second step Basic types Third step Collections Fourth step Control flow Fifth step Functions Sixth step Classes Final step Null safety\n","pageTitle":"Basic types","metaDescription":"","type":"Documentation","breadcrumbs":"Take Kotlin tour","root":0,"depth":1}