{"objectID":"_kotlin_tour_classes.html#copy_instance","parent":"_kotlin_tour_classes.html#properties","pageViews":0,"url":"https://kotlinlang.org/docs/kotlin-tour-classes.html#copy-instance","mainTitle":"Classes","product":"","headings":"Classes,Copy instance","content":"To create an exact copy of a data class instance, call the copy() function on the instance.\nTo create a copy of a data class instance and change some properties, call the copy() function on the instance and add replacement values for properties as function parameters.\nFor example:\ndata class User(val name: String, val id: Int)\n\nfun main() {\n    //sampleStart\n    val user \u003d User(\"Alex\", 1)\n\n    // Creates an exact copy of user\n    println(user.copy())       \n    // User(name\u003dAlex, id\u003d1)\n\n    // Creates a copy of user with name: \"Max\"\n    println(user.copy(\"Max\"))  \n    // User(name\u003dMax, id\u003d1)\n\n    // Creates a copy of user with id: 3\n    println(user.copy(id \u003d 3)) \n    // User(name\u003dAlex, id\u003d3)\n    //sampleEnd\n}\nCreating a copy of an instance is safer than modifying the original instance because any code that relies on the original instance isn\u0027t affected by the copy and what you do with it.\nFor more information about data classes, see Data classes.\nThe last chapter of this tour is about Kotlin\u0027s null safety.\n","pageTitle":"Copy instance","metaDescription":"","type":"Documentation","breadcrumbs":"Take Kotlin tour","root":0,"depth":1}