{"objectID":"_kotlin_tour_intermediate_lambdas_receiver.html#","parent":"_kotlin_tour_intermediate_lambdas_receiver.html#lambda_expressions_with_receiver","pageViews":0,"url":"https://kotlinlang.org/docs/kotlin-tour-intermediate-lambdas-receiver.html","mainTitle":"Intermediate: Lambda expressions with receiver","product":"","headings":"Intermediate: Lambda expressions with receiver","content":"First step Extension functions Second step Scope functions Third step Lambda expressions with receiver Fourth step Classes and interfaces Fifth step Objects Sixth step Open and special classes Seventh step Properties Eighth step Null safety Ninth step Libraries and APIs\n","pageTitle":"Intermediate: Lambda expressions with receiver","metaDescription":"","type":"Documentation","breadcrumbs":"Take Kotlin tour","root":0,"depth":1}