{"objectID":"_kotlin_tour_intermediate_extension_functions.html#extension_functions_exercise_1","parent":"_kotlin_tour_intermediate_extension_functions.html#extension_functions","pageViews":0,"url":"https://kotlinlang.org/docs/kotlin-tour-intermediate-extension-functions.html#extension-functions-exercise-1","mainTitle":"Intermediate: Extension functions","product":"","headings":"Intermediate: Extension functions,Exercise 1","content":"Write an extension function called isPositive that takes an integer and checks whether it is positive.\nfun Int.// Write your code here\n\nfun main() {\n    println(1.isPositive())\n    // true\n}\nfun Int.isPositive(): Boolean \u003d this \u0026gt; 0\n\nfun main() {\n    println(1.isPositive())\n    // true\n}\n","pageTitle":"Exercise 1","metaDescription":"","type":"Documentation","breadcrumbs":"Take Kotlin tour","root":0,"depth":1}