{"objectID":"_kotlin_tour_intermediate_extension_functions.html#","parent":"_kotlin_tour_intermediate_extension_functions.html#extension_functions","pageViews":0,"url":"https://kotlinlang.org/docs/kotlin-tour-intermediate-extension-functions.html","mainTitle":"Intermediate: Extension functions","product":"","headings":"Intermediate: Extension functions","content":"First step Extension functions Second step Scope functions Third step Lambda expressions with receiver Fourth step Classes and interfaces Fifth step Objects Sixth step Open and special classes Seventh step Properties Eighth step Null safety Ninth step Libraries and APIs\n","pageTitle":"Intermediate: Extension functions","metaDescription":"","type":"Documentation","breadcrumbs":"Take Kotlin tour","root":0,"depth":1}