{"objectID":"_kotlin_tour_null_safety.html#exercise","parent":"_kotlin_tour_null_safety.html#nullable_types","pageViews":0,"url":"https://kotlinlang.org/docs/kotlin-tour-null-safety.html#exercise","mainTitle":"Null safety","product":"","headings":"Null safety,Exercise","content":"You have the employeeById function that gives you access to a database of employees of a company. Unfortunately, this function returns a value of the Employee? type, so the result can be null. Your goal is to write a function that returns the salary of an employee when their id is provided, or 0 if the employee is missing from the database.\ndata class Employee (val name: String, var salary: Int)\n\nfun employeeById(id: Int) \u003d when(id) {\n    1 -\u0026gt; Employee(\"Mary\", 20)\n    2 -\u0026gt; null\n    3 -\u0026gt; Employee(\"John\", 21)\n    4 -\u0026gt; Employee(\"Ann\", 23)\n    else -\u0026gt; null\n}\n\nfun salaryById(id: Int) \u003d // Write your code here\n\nfun main() {\n    println((1..5).sumOf { id -\u0026gt; salaryById(id) })\n}\ndata class Employee (val name: String, var salary: Int)\n\nfun employeeById(id: Int) \u003d when(id) {\n    1 -\u0026gt; Employee(\"Mary\", 20)\n    2 -\u0026gt; null\n    3 -\u0026gt; Employee(\"John\", 21)\n    4 -\u0026gt; Employee(\"Ann\", 23)\n    else -\u0026gt; null\n}\n\nfun salaryById(id: Int) \u003d employeeById(id)?.salary ?: 0\n\nfun main() {\n    println((1..5).sumOf { id -\u0026gt; salaryById(id) })\n}\n","pageTitle":"Exercise","metaDescription":"","type":"Documentation","breadcrumbs":"Take Kotlin tour","root":0,"depth":1}