{"objectID":"_kotlin_notebook_create.html#next_step","parent":"_kotlin_notebook_create.html#create_an_empty_project","pageViews":0,"url":"https://kotlinlang.org/docs/kotlin-notebook-create.html#next-step","mainTitle":"Create your first Kotlin Notebook","product":"","headings":"Create your first Kotlin Notebook,Next step","content":"In the next part of the tutorial, you will learn how to add dependencies to a Kotlin Notebook.\nProceed to the next chapter\n","pageTitle":"Next step","metaDescription":"","type":"Documentation","breadcrumbs":"Data analysis///Get started with Kotlin Notebook","root":0,"depth":2}