{"objectID":"_kotlin_tour_intermediate_scope_functions.html#scope_functions_exercise_1","parent":"_kotlin_tour_intermediate_scope_functions.html#scope_functions","pageViews":0,"url":"https://kotlinlang.org/docs/kotlin-tour-intermediate-scope-functions.html#scope-functions-exercise-1","mainTitle":"Intermediate: Scope functions","product":"","headings":"Intermediate: Scope functions,Exercise 1","content":"Rewrite the .getPriceInEuros() function as a single-expression function that uses safe call operators ?. and the let scope function.\n\u003cb\u003eHint\u003c/b\u003e : Use safe call operators ?. to safely access the priceInDollars property from the getProductInfo() function. Then, use the let scope function to convert the value of priceInDollars into euros. data class ProductInfo(val priceInDollars: Double?)\n\nclass Product {\n    fun getProductInfo(): ProductInfo? {\n        return ProductInfo(100.0)\n    }\n}\n\n// Rewrite this function\nfun Product.getPriceInEuros(): Double? {\n    val info \u003d getProductInfo()\n    if (info \u003d\u003d null) return null\n    val price \u003d info.priceInDollars\n    if (price \u003d\u003d null) return null\n    return convertToEuros(price)\n}\n\nfun convertToEuros(dollars: Double): Double {\n    return dollars * 0.85\n}\n\nfun main() {\n    val product \u003d Product()\n    val priceInEuros \u003d product.getPriceInEuros()\n\n    if (priceInEuros !\u003d null) {\n        println(\"Price in Euros: €$priceInEuros\")\n        // Price in Euros: €85.0\n    } else {\n        println(\"Price information is not available.\")\n    }\n}\ndata class ProductInfo(val priceInDollars: Double?)\n\nclass Product {\n    fun getProductInfo(): ProductInfo? {\n        return ProductInfo(100.0)\n    }\n}\n\nfun Product.getPriceInEuros() \u003d getProductInfo()?.priceInDollars?.let { convertToEuros(it) }\n\nfun convertToEuros(dollars: Double): Double {\n    return dollars * 0.85\n}\n\nfun main() {\n    val product \u003d Product()\n    val priceInEuros \u003d product.getPriceInEuros()\n\n    if (priceInEuros !\u003d null) {\n        println(\"Price in Euros: €$priceInEuros\")\n        // Price in Euros: €85.0\n    } else {\n        println(\"Price information is not available.\")\n    }\n}\n","pageTitle":"Exercise 1","metaDescription":"","type":"Documentation","breadcrumbs":"Take Kotlin tour","root":0,"depth":1}