{"objectID":"_kotlin_notebook_share.html#what_s_next","parent":"_kotlin_notebook_share.html#what_s_next","pageViews":0,"url":"https://kotlinlang.org/docs/kotlin-notebook-share.html#what-s-next","mainTitle":"Share your Kotlin Notebook","product":"","headings":"Share your Kotlin Notebook,What\u0027s next","content":"- Explore data visualization using the Kandy library\n- Learn about retrieving data from files, web sources, or databases in Working with data sources\n- For an extensive overview of tools and resources available for data science and analysis in Kotlin, see Kotlin and Java libraries for data analysis\n","pageTitle":"What\u0027s next","metaDescription":"","type":"Documentation","breadcrumbs":"Data analysis","root":0,"depth":1}