{"objectID":"_kotlin_notebook_share.html#","parent":"_kotlin_notebook_share.html#what_s_next","pageViews":0,"url":"https://kotlinlang.org/docs/kotlin-notebook-share.html","mainTitle":"Share your Kotlin Notebook","product":"","headings":"Share your Kotlin Notebook","content":"To share a Kotlin Notebook, you can just upload it to any notebook web viewer because Kotlin notebooks follow the universal Jupyter format.\nWe recommend the following platforms to share Kotlin notebooks:\n- JetBrains Datalore: This platform not only facilitates the sharing of Kotlin notebooks but also improves their usability. Datalore allows you to execute and edit notebooks, and incorporates advanced features, such as creating interactive reports and scheduling notebook runs. To see it in action, see Kotlin Datalore example using DataFrame. Datalore Notebook example\n- GitHub: GitHub natively renders Kotlin notebooks, allowing for straightforward sharing and collaboration. For an example, see the Examples of Kotlin DataFrame GitHub repository. GitHub Notebook example\n","pageTitle":"Share your Kotlin Notebook","metaDescription":"","type":"Documentation","breadcrumbs":"Data analysis","root":0,"depth":1}