{"objectID":"_kotlin_notebook_overview.html#data_analytics_and_visualization","parent":"_kotlin_notebook_overview.html#data_analytics_and_visualization","pageViews":0,"url":"https://kotlinlang.org/docs/kotlin-notebook-overview.html#data-analytics-and-visualization","mainTitle":"Kotlin Notebook","product":"","headings":"Kotlin Notebook,Data analytics and visualization","content":"Whether you\u0027re conducting preliminary data exploration or completing an end-to-end data analysis project, Kotlin Notebook has the right tools for you.\nWithin Kotlin Notebook, you can intuitively integrate libraries that let you retrieve, transform, plot, and model your data while getting immediate outputs of your operations.\nFor analytics-related tasks, the Kotlin DataFrame library provides robust solutions. This library facilitates loading, creating, filtering, and cleaning structured data.\nKotlin DataFrame also supports seamless connection with SQL databases and reads data right in the IDE from different file formats, including CSV, JSON, and TXT.\nKandy, an open-source Kotlin library, allows you to create charts of various types. Kandy\u0027s idiomatic, readable, and type-safe features let you visualize data effectively and gain valuable insights.\ndata-analytics-and-visualization ","pageTitle":"Data analytics and visualization","metaDescription":"","type":"Documentation","breadcrumbs":"Tools","root":0,"depth":1}