{"objectID":"_kotlin_tour_intermediate_objects.html#objects_exercise_3","parent":"_kotlin_tour_intermediate_objects.html#object_declarations","pageViews":0,"url":"https://kotlinlang.org/docs/kotlin-tour-intermediate-objects.html#objects-exercise-3","mainTitle":"Intermediate: Objects","product":"","headings":"Intermediate: Objects,Exercise 3","content":"You have an app where you want to record temperatures. The class itself stores the information in Celsius, but you want to provide an easy way to create an instance in Fahrenheit as well. Complete the data class so that the following code in the main() function runs successfully:\n\u003cb\u003eHint\u003c/b\u003e : Use a companion object. data class Temperature(val celsius: Double) {\n    val fahrenheit: Double \u003d celsius * 9 / 5 + 32\n\n    // Write your code here\n}\n\nfun main() {\n    val fahrenheit \u003d 90.0\n    val temp \u003d Temperature.fromFahrenheit(fahrenheit)\n    println(\"${temp.celsius}°C is $fahrenheit °F\")\n    // 32.22222222222222°C is 90.0 °F\n}\ndata class Temperature(val celsius: Double) {\n    val fahrenheit: Double \u003d celsius * 9 / 5 + 32\n\n    companion object {\n        fun fromFahrenheit(fahrenheit: Double): Temperature \u003d Temperature((fahrenheit - 32) * 5 / 9)\n    }\n}\n\nfun main() {\n    val fahrenheit \u003d 90.0\n    val temp \u003d Temperature.fromFahrenheit(fahrenheit)\n    println(\"${temp.celsius}°C is $fahrenheit °F\")\n    // 32.22222222222222°C is 90.0 °F\n}\n","pageTitle":"Exercise 3","metaDescription":"","type":"Documentation","breadcrumbs":"Take Kotlin tour","root":0,"depth":1}