{"objectID":"_kotlin_tour_functions.html#early_returns_in_functions","parent":"_kotlin_tour_functions.html#named_arguments","pageViews":0,"url":"https://kotlinlang.org/docs/kotlin-tour-functions.html#early-returns-in-functions","mainTitle":"Functions","product":"","headings":"Functions,Early returns in functions","content":"To stop the code in your function from being processed further than a certain point, use the return keyword. This example uses if to return from a function early if the conditional expression is found to be true:\n// A list of registered usernames\nval registeredUsernames \u003d mutableListOf(\"john_doe\", \"jane_smith\")\n\n// A list of registered emails\nval registeredEmails \u003d mutableListOf(\"john@example.com\", \"jane@example.com\")\n\nfun registerUser(username: String, email: String): String {\n    // Early return if the username is already taken\n    if (username in registeredUsernames) {\n        return \"Username already taken. Please choose a different username.\"\n    }\n\n    // Early return if the email is already registered\n    if (email in registeredEmails) {\n        return \"Email already registered. Please use a different email.\"\n    }\n\n    // Proceed with the registration if the username and email are not taken\n    registeredUsernames.add(username)\n    registeredEmails.add(email)\n\n    return \"User registered successfully: $username\"\n}\n\nfun main() {\n    println(registerUser(\"john_doe\", \"newjohn@example.com\"))\n    // Username already taken. Please choose a different username.\n    println(registerUser(\"new_user\", \"newuser@example.com\"))\n    // User registered successfully: new_user\n}\n","pageTitle":"Early returns in functions","metaDescription":"","type":"Documentation","breadcrumbs":"Take Kotlin tour","root":0,"depth":1}