{"objectID":"_kotlin_notebook_set_up_env.html#","parent":"_kotlin_notebook_set_up_env.html#set_up_the_environment","pageViews":0,"url":"https://kotlinlang.org/docs/kotlin-notebook-set-up-env.html","mainTitle":"Set up an environment","product":"","headings":"Set up an environment","content":"Before you create your first Kotlin Notebook, you need to set up an environment.\n","pageTitle":"Set up an environment","metaDescription":"","type":"Documentation","breadcrumbs":"Data analysis///Get started with Kotlin Notebook","root":0,"depth":2}