{"objectID":"_kotlin_tips.html#timing_code","parent":"_kotlin_tips.html#null_null_in_kotlin","pageViews":0,"url":"https://kotlinlang.org/docs/kotlin-tips.html#timing-code","mainTitle":"Kotlin tips","product":"","headings":"Kotlin tips,Timing code","content":"Watch Sebastian Aigner give a quick overview of the measureTimedValue() function, and learn how you can time your code:\n","pageTitle":"Timing code","metaDescription":"","type":"Documentation","breadcrumbs":"Learning materials","root":0,"depth":1}