{"objectID":"_kotlin_tour_control_flow.html#loops_exercise_3","parent":"_kotlin_tour_control_flow.html#conditional_expressions","pageViews":0,"url":"https://kotlinlang.org/docs/kotlin-tour-control-flow.html#loops-exercise-3","mainTitle":"Control flow","product":"","headings":"Control flow,Exercise 3","content":"You have a list of words. Use for and if to print only the words that start with the letter l.\n\u003cb\u003eHint\u003c/b\u003e : Use the .startsWith() function for String type. fun main() {\n    val words \u003d listOf(\"dinosaur\", \"limousine\", \"magazine\", \"language\")\n    // Write your code here\n}\nfun main() {\n    val words \u003d listOf(\"dinosaur\", \"limousine\", \"magazine\", \"language\")\n    for (w in words) {\n        if (w.startsWith(\"l\"))\n            println(w)\n    }\n}\n","pageTitle":"Exercise 3","metaDescription":"","type":"Documentation","breadcrumbs":"Take Kotlin tour","root":0,"depth":1}