{"objectID":"_kotlin_doc.html#external_links","parent":"_kotlin_doc.html#kdoc_syntax","pageViews":0,"url":"https://kotlinlang.org/docs/kotlin-doc.html#external-links","mainTitle":"Document Kotlin code: KDoc","product":"","headings":"Document Kotlin code: KDoc,External links","content":"To add an external link, use the typical Markdown syntax:\nFor more information about KDoc syntax, see [KDoc](\u0026lt;example-URL\u0026gt;).\n","pageTitle":"External links","metaDescription":"","type":"Documentation","breadcrumbs":"Tools","root":0,"depth":1}