{"objectID":"_kotlin_tour_intermediate_scope_functions.html#let","parent":"_kotlin_tour_intermediate_scope_functions.html#scope_functions","pageViews":0,"url":"https://kotlinlang.org/docs/kotlin-tour-intermediate-scope-functions.html#let","mainTitle":"Intermediate: Scope functions","product":"","headings":"Intermediate: Scope functions,Let","content":"Use the let scope function when you want to perform null checks in your code and later perform further actions with the returned object.\nConsider the example:\nfun sendNotification(recipientAddress: String): String {\n    println(\"Yo $recipientAddress!\")\n    return \"Notification sent!\"\n}\n\nfun getNextAddress(): String {\n    return \"sebastian@jetbrains.com\"\n}\n\nfun main() {\n    val address: String? \u003d getNextAddress()\n    sendNotification(address)\n}\nThe example has two functions:\n- sendNotification(), which has a function parameter recipientAddress and returns a string.\n- getNextAddress(), which has no function parameters and returns a string.\nThe example creates a variable address that has a nullable String type. But this becomes a problem when you call the sendNotification() function because this function doesn\u0027t expect that address could be a null value. The compiler reports an error as a result:\nArgument type mismatch: actual type is \u0027String?\u0027, but \u0027String\u0027 was expected.\nFrom the beginner tour, you already know that you can perform a null check with an if condition or use the Elvis operator ?:. But what if you want to use the returned object later in your code? You could achieve this with an if condition and an else branch:\nfun sendNotification(recipientAddress: String): String {\n    println(\"Yo $recipientAddress!\")\n    return \"Notification sent!\"\n}\n\nfun getNextAddress(): String {\n    return \"sebastian@jetbrains.com\"\n}\n\nfun main() { \n    //sampleStart\n    val address: String? \u003d getNextAddress()\n    val confirm \u003d if(address !\u003d null) {\n        sendNotification(address)\n    } else { null }\n    //sampleEnd\n}\nHowever, a more concise approach is to use the let scope function:\nfun sendNotification(recipientAddress: String): String {\n    println(\"Yo $recipientAddress!\")\n    return \"Notification sent!\"\n}\n\nfun getNextAddress(): String {\n    return \"sebastian@jetbrains.com\"\n}\n\nfun main() {\n    //sampleStart\n    val address: String? \u003d getNextAddress()\n    val confirm \u003d address?.let {\n        sendNotification(it)\n    }\n    //sampleEnd\n}\nThe example:\n- Creates a variable called confirm.\n- Uses a safe call for the let scope function on the address variable.\n- Creates a temporary scope within the let scope function.\n- Passes the sendNotification() function as a lambda expression into the let scope function.\n- Refers to the address variable via it, using the temporary scope.\n- Assigns the result to the confirm variable.\nWith this approach, your code can handle the address variable potentially being a null value, and you can use the confirm variable later in your code.\n","pageTitle":"Let","metaDescription":"","type":"Documentation","breadcrumbs":"Take Kotlin tour","root":0,"depth":1}