{"objectID":"_kotlin_tour_null_safety.html#use_elvis_operator","parent":"_kotlin_tour_null_safety.html#nullable_types","pageViews":0,"url":"https://kotlinlang.org/docs/kotlin-tour-null-safety.html#use-elvis-operator","mainTitle":"Null safety","product":"","headings":"Null safety,Use Elvis operator","content":"You can provide a default value to return if a null value is detected by using the Elvis operator ?:.\nWrite on the left-hand side of the Elvis operator what should be checked for a null value. Write on the right-hand side of the Elvis operator what should be returned if a null value is detected.\nIn the following example, nullString is null so the safe call to access the length property returns a null value. As a result, the Elvis operator returns 0:\nfun main() {\n    val nullString: String? \u003d null\n    println(nullString?.length ?: 0)\n    // 0\n}\nFor more information about null safety in Kotlin, see Null safety.\n","pageTitle":"Use Elvis operator","metaDescription":"","type":"Documentation","breadcrumbs":"Take Kotlin tour","root":0,"depth":1}