{"objectID":"_kotlin_evolution_principles.html#decision_making","parent":"_kotlin_evolution_principles.html#principles_of_pragmatic_evolution","pageViews":0,"url":"https://kotlinlang.org/docs/kotlin-evolution-principles.html#decision-making","mainTitle":"Kotlin evolution principles","product":"","headings":"Kotlin evolution principles,Decision making","content":"JetBrains, the original creator of Kotlin, is driving its progress with the help of the community and in collaboration with the Kotlin Foundation.\nAll changes to the Kotlin Programming Language are overseen by the Lead Language Designer (currently Michail Zarečenskij). The Lead Designer has the final say in all matters related to language evolution. Additionally, incompatible changes to fully stable components have to be approved by the Language Committee, designated under the Kotlin Foundation (currently comprising Jeffrey van Gogh, Werner Dietl, and Michail Zarečenskij).\nThe Language Committee makes final decisions on which incompatible changes will be made and what exact measures should be taken to make user updates as seamless as possible. In doing so, it relies on a set of Language committee guidelines.\n","pageTitle":"Decision making","metaDescription":"","type":"Documentation","breadcrumbs":"Kotlin evolution and roadmap","root":0,"depth":1}