{"objectID":"_kotlin_and_ci.html#gradle_maven_and_ant","parent":"_kotlin_and_ci.html#gradle_maven_and_ant","pageViews":0,"url":"https://kotlinlang.org/docs/kotlin-and-ci.html#gradle-maven-and-ant","mainTitle":"Kotlin and continuous integration with TeamCity","product":"","headings":"Kotlin and continuous integration with TeamCity,Gradle, Maven, and Ant","content":"If using Ant, Maven or Gradle, the setup process is straightforward. All that is needed is to define the Build Step. For example, if using Gradle, simply define the required parameters such as the Step Name and Gradle tasks that need executing for the Runner Type.\nGradle Build Step Since all the dependencies required for Kotlin are defined in the Gradle file, nothing else needs to be configured specifically for Kotlin to run correctly.\nIf using Ant or Maven, the same configuration applies. The only difference being that the Runner Type would be Ant or Maven respectively.\n","pageTitle":"Gradle, Maven, and Ant","metaDescription":"","type":"Documentation","breadcrumbs":"Tools","root":0,"depth":1}