{"objectID":"_kotlin_tour_control_flow.html#conditional_expressions_exercise_2","parent":"_kotlin_tour_control_flow.html#conditional_expressions","pageViews":0,"url":"https://kotlinlang.org/docs/kotlin-tour-control-flow.html#conditional-expressions-exercise-2","mainTitle":"Control flow","product":"","headings":"Control flow,Exercise 2","content":"Using a when expression, update the following program so that it prints the corresponding actions when you input the names of game console buttons.\nButton Action\nA Yes\nB No\nX Menu\nY Nothing\nOther There is no such button\nfun main() {\n    val button \u003d \"A\"\n\n    println(\n        // Write your code here\n    )\n}\nfun main() {\n    val button \u003d \"A\"\n    \n    println(\n        when (button) {\n            \"A\" -\u0026gt; \"Yes\"\n            \"B\" -\u0026gt; \"No\"\n            \"X\" -\u0026gt; \"Menu\"\n            \"Y\" -\u0026gt; \"Nothing\"\n            else -\u0026gt; \"There is no such button\"\n        }\n    )\n}\n","pageTitle":"Exercise 2","metaDescription":"","type":"Documentation","breadcrumbs":"Take Kotlin tour","root":0,"depth":1}