{"objectID":"_kotlin_tour_intermediate_scope_functions.html#scope_functions_exercise_2","parent":"_kotlin_tour_intermediate_scope_functions.html#scope_functions","pageViews":0,"url":"https://kotlinlang.org/docs/kotlin-tour-intermediate-scope-functions.html#scope-functions-exercise-2","mainTitle":"Intermediate: Scope functions","product":"","headings":"Intermediate: Scope functions,Exercise 2","content":"You have an updateEmail() function that updates the email address of a user. Use the apply scope function to update the email address and then the also scope function to print a log message: Updating email for user with ID: ${it.id}.\ndata class User(val id: Int, var email: String)\n\nfun updateEmail(user: User, newEmail: String): User \u003d // Write your code here\n\nfun main() {\n    val user \u003d User(1, \"old_email@example.com\")\n    val updatedUser \u003d updateEmail(user, \"new_email@example.com\")\n    // Updating email for user with ID: 1\n\n    println(\"Updated User: $updatedUser\")\n    // Updated User: User(id\u003d1, email\u003dnew_email@example.com)\n}\ndata class User(val id: Int, var email: String)\n\nfun updateEmail(user: User, newEmail: String): User \u003d user.apply {\n    this.email \u003d newEmail\n}.also { println(\"Updating email for user with ID: ${it.id}\") }\n\nfun main() {\n    val user \u003d User(1, \"old_email@example.com\")\n    val updatedUser \u003d updateEmail(user, \"new_email@example.com\")\n    // Updating email for user with ID: 1\n\n    println(\"Updated User: $updatedUser\")\n    // Updated User: User(id\u003d1, email\u003dnew_email@example.com)\n}\n","pageTitle":"Exercise 2","metaDescription":"","type":"Documentation","breadcrumbs":"Take Kotlin tour","root":0,"depth":1}