{"objectID":"_kotlin_tour_intermediate_objects.html#objects_exercise_1","parent":"_kotlin_tour_intermediate_objects.html#object_declarations","pageViews":0,"url":"https://kotlinlang.org/docs/kotlin-tour-intermediate-objects.html#objects-exercise-1","mainTitle":"Intermediate: Objects","product":"","headings":"Intermediate: Objects,Exercise 1","content":"You run a coffee shop and have a system for tracking customer orders. Consider the code below and complete the declaration of the second data object so that the following code in the main() function runs successfully:\ninterface Order {\n    val orderId: String\n    val customerName: String\n    val orderTotal: Double\n}\n\ndata object OrderOne: Order {\n    override val orderId \u003d \"001\"\n    override val customerName \u003d \"Alice\"\n    override val orderTotal \u003d 15.50\n}\n\ndata object // Write your code here\n\nfun main() {\n    // Print the name of each data object\n    println(\"Order name: $OrderOne\")\n    // Order name: OrderOne\n    println(\"Order name: $OrderTwo\")\n    // Order name: OrderTwo\n\n    // Check if the orders are identical\n    println(\"Are the two orders identical? ${OrderOne \u003d\u003d OrderTwo}\")\n    // Are the two orders identical? false\n\n    if (OrderOne \u003d\u003d OrderTwo) {\n        println(\"The orders are identical.\")\n    } else {\n        println(\"The orders are unique.\")\n        // The orders are unique.\n    }\n\n    println(\"Do the orders have the same customer name? ${OrderOne.customerName \u003d\u003d OrderTwo.customerName}\")\n    // Do the orders have the same customer name? false\n}\ninterface Order {\n    val orderId: String\n    val customerName: String\n    val orderTotal: Double\n}\n\ndata object OrderOne: Order {\n    override val orderId \u003d \"001\"\n    override val customerName \u003d \"Alice\"\n    override val orderTotal \u003d 15.50\n}\n\ndata object OrderTwo: Order {\n    override val orderId \u003d \"002\"\n    override val customerName \u003d \"Bob\"\n    override val orderTotal \u003d 12.75\n}\n\nfun main() {\n    // Print the name of each data object\n    println(\"Order name: $OrderOne\")\n    // Order name: OrderOne\n    println(\"Order name: $OrderTwo\")\n    // Order name: OrderTwo\n\n    // Check if the orders are identical\n    println(\"Are the two orders identical? ${OrderOne \u003d\u003d OrderTwo}\")\n    // Are the two orders identical? false\n\n    if (OrderOne \u003d\u003d OrderTwo) {\n        println(\"The orders are identical.\")\n    } else {\n        println(\"The orders are unique.\")\n        // The orders are unique.\n    }\n\n    println(\"Do the orders have the same customer name? ${OrderOne.customerName \u003d\u003d OrderTwo.customerName}\")\n    // Do the orders have the same customer name? false\n}\n","pageTitle":"Exercise 1","metaDescription":"","type":"Documentation","breadcrumbs":"Take Kotlin tour","root":0,"depth":1}