{"objectID":"_kotlin_tour_intermediate_open_special_classes.html#special_classes","parent":"_kotlin_tour_intermediate_open_special_classes.html#open_classes","pageViews":0,"url":"https://kotlinlang.org/docs/kotlin-tour-intermediate-open-special-classes.html#special-classes","mainTitle":"Intermediate: Open and special classes","product":"","headings":"Intermediate: Open and special classes,Special classes","content":"In addition to abstract, open, and data classes, Kotlin has special types of classes designed for various purposes, such as restricting specific behavior or reducing the performance impact of creating small objects.\n","pageTitle":"Special classes","metaDescription":"","type":"Documentation","breadcrumbs":"Take Kotlin tour","root":0,"depth":1}