{"objectID":"_kotlin_hands_on.html#introduction_to_kotlin_coroutines_and_channels","parent":"_kotlin_hands_on.html#building_reactive_spring_boot_applications_with_kotlin_coroutines_and_rsocket","pageViews":0,"url":"https://kotlinlang.org/docs/kotlin-hands-on.html#introduction-to-kotlin-coroutines-and-channels","mainTitle":"Kotlin hands-on","product":"","headings":"Kotlin hands-on,Introduction to Kotlin coroutines and channels","content":"Learn about coroutines in Kotlin and how you can communicate between them using channels.\nStart\n","pageTitle":"Introduction to Kotlin coroutines and channels","metaDescription":"","type":"Documentation","breadcrumbs":"Learning materials","root":0,"depth":1}