{"objectID":"_kotlin_tour_intermediate_libraries_and_apis.html#libraries_exercise_2","parent":"_kotlin_tour_intermediate_libraries_and_apis.html#the_standard_library","pageViews":0,"url":"https://kotlinlang.org/docs/kotlin-tour-intermediate-libraries-and-apis.html#libraries-exercise-2","mainTitle":"Intermediate: Libraries and APIs","product":"","headings":"Intermediate: Libraries and APIs,Exercise 2","content":"You want to measure the time it takes to perform multiple data processing tasks in your program. Update the code to add the correct import statements and functions from the kotlin.time package:\n// Write your code here\n\nfun main() {\n    val timeTaken \u003d /* Write your code here */ {\n    // Simulate some data processing\n    val data \u003d List(1000) { it * 2 }\n    val filteredData \u003d data.filter { it % 3 \u003d\u003d 0 }\n\n    // Simulate processing the filtered data\n    val processedData \u003d filteredData.map { it / 2 }\n    println(\"Processed data\")\n}\n\nprintln(\"Time taken: $timeTaken\") // e.g. 16 ms\n}\nimport kotlin.time.measureTime\n\nfun main() {\n    val timeTaken \u003d measureTime {\n        // Simulate some data processing\n        val data \u003d List(1000) { it * 2 }\n        val filteredData \u003d data.filter { it % 3 \u003d\u003d 0 }\n\n        // Simulate processing the filtered data\n        val processedData \u003d filteredData.map { it / 2 }\n        println(\"Processed data\")\n    }\n\n    println(\"Time taken: $timeTaken\") // e.g. 16 ms\n}\n","pageTitle":"Exercise 2","metaDescription":"","type":"Documentation","breadcrumbs":"Take Kotlin tour","root":0,"depth":1}