{"objectID":"_kotlin_tour_intermediate_extension_functions.html#next_step","parent":"_kotlin_tour_intermediate_extension_functions.html#extension_functions","pageViews":0,"url":"https://kotlinlang.org/docs/kotlin-tour-intermediate-extension-functions.html#next-step","mainTitle":"Intermediate: Extension functions","product":"","headings":"Intermediate: Extension functions,Next step","content":"Intermediate: Scope functions\n","pageTitle":"Next step","metaDescription":"","type":"Documentation","breadcrumbs":"Take Kotlin tour","root":0,"depth":1}