{"objectID":"_kotlin_tour_control_flow.html#","parent":"_kotlin_tour_control_flow.html#conditional_expressions","pageViews":0,"url":"https://kotlinlang.org/docs/kotlin-tour-control-flow.html","mainTitle":"Control flow","product":"","headings":"Control flow","content":"Like other programming languages, Kotlin is capable of making decisions based on whether a piece of code is evaluated to be true. Such pieces of code are called conditional expressions. Kotlin is also able to create and iterate through loops.\n","pageTitle":"Control flow","metaDescription":"","type":"Documentation","breadcrumbs":"Take Kotlin tour","root":0,"depth":1}