{"objectID":"_kotlin_ide.html#","parent":"_kotlin_ide.html#intellij_idea","pageViews":0,"url":"https://kotlinlang.org/docs/kotlin-ide.html","mainTitle":"IDEs for Kotlin development","product":"","headings":"IDEs for Kotlin development","content":"JetBrains provides official Kotlin IDE support for IntelliJ IDEA and Android Studio. JetBrains provides the official Kotlin support for the following IDEs and code editors: IntelliJ IDEA and Android Studio.\nOther IDEs and code editors only have Kotlin community-supported plugins.\n","pageTitle":"IDEs for Kotlin development","metaDescription":"","type":"Documentation","breadcrumbs":"Tools","root":0,"depth":1}