{"objectID":"_kotlin_brand_assets.html#create_your_group_s_profile_picture_for_different_platforms","parent":"_kotlin_brand_assets.html#kotlin_logo","pageViews":0,"url":"https://kotlinlang.org/docs/kotlin-brand-assets.html#create-your-group-s-profile-picture-for-different-platforms","mainTitle":"Kotlin brand assets","product":"","headings":"Kotlin brand assets,Create your group\u0027s profile picture for different platforms","content":"To create your group\u0027s profile picture:\n2. Make a copy of the Kotlin user group profile picture file to your Google Drive (you have to be signed in to your Google account).\n4. Add a shortened name of the user group\u0027s location (up to 4 capital symbols according to our default sample).\n6. Download the picture and use it for your profiles on Facebook, Twitter, or any other platform.\n","pageTitle":"Create your group\u0027s profile picture for different platforms","metaDescription":"","type":"Documentation","breadcrumbs":"Other resources","root":0,"depth":1}