{"objectID":"_kotlin_tour_intermediate_objects.html#","parent":"_kotlin_tour_intermediate_objects.html#object_declarations","pageViews":0,"url":"https://kotlinlang.org/docs/kotlin-tour-intermediate-objects.html","mainTitle":"Intermediate: Objects","product":"","headings":"Intermediate: Objects","content":"In this chapter, you\u0027ll expand your understanding of classes by exploring object declarations. This knowledge will help you efficiently manage behavior across your projects.\n","pageTitle":"Intermediate: Objects","metaDescription":"","type":"Documentation","breadcrumbs":"Take Kotlin tour","root":0,"depth":1}