{"objectID":"_kotlin_tour_intermediate_classes_interfaces.html#class_inheritance","parent":"_kotlin_tour_intermediate_classes_interfaces.html#class_inheritance","pageViews":0,"url":"https://kotlinlang.org/docs/kotlin-tour-intermediate-classes-interfaces.html#class-inheritance","mainTitle":"Intermediate: Classes and interfaces","product":"","headings":"Intermediate: Classes and interfaces,Class inheritance","content":"In a previous chapter, we covered how you can use extension functions to extend classes without modifying the original source code. But what if you are working on something complex where sharing code between classes would be useful? In such cases, you can use class inheritance.\nBy default, classes in Kotlin can\u0027t be inherited. Kotlin is designed this way to prevent unintended inheritance and make your classes easier to maintain.\nKotlin classes only support single inheritance, meaning it is only possible to inherit from one class at a time. This class is called the parent.\nThe parent of a class inherits from another class (the grandparent), forming a hierarchy. At the top of Kotlin\u0027s class hierarchy is the common parent class: Any. All classes ultimately inherit from the Any class:\nAn example of the class hierarchy with Any type The Any class provides the toString() function as a member function automatically. Therefore, you can use this inherited function in any of your classes. For example:\nclass Car(val make: String, val model: String, val numberOfDoors: Int)\n\nfun main() {\n    //sampleStart\n    val car1 \u003d Car(\"Toyota\", \"Corolla\", 4)\n\n    // Uses the .toString() function via string templates to print class properties\n    println(\"Car1: make\u003d${car1.make}, model\u003d${car1.model}, numberOfDoors\u003d${car1.numberOfDoors}\")\n    // Car1: make\u003dToyota, model\u003dCorolla, numberOfDoors\u003d4\n    //sampleEnd\n}\nIf you want to use inheritance to share some code between classes, first consider using abstract classes.\n","pageTitle":"Class inheritance","metaDescription":"","type":"Documentation","breadcrumbs":"Take Kotlin tour","root":0,"depth":1}