{"objectID":"_kotlin_tour_control_flow.html#for","parent":"_kotlin_tour_control_flow.html#conditional_expressions","pageViews":0,"url":"https://kotlinlang.org/docs/kotlin-tour-control-flow.html#for","mainTitle":"Control flow","product":"","headings":"Control flow,For","content":"Using your new knowledge of ranges, you can create a for loop that iterates over numbers 1 to 5 and prints the number each time.\nPlace the iterator and range within parentheses () with keyword in. Add the action you want to complete within curly braces {}:\nfun main() {\n//sampleStart\n    for (number in 1..5) { \n        // number is the iterator and 1..5 is the range\n        print(number)\n    }\n    // 12345\n//sampleEnd\n}\nCollections can also be iterated over by loops:\nfun main() { \n//sampleStart\n    val cakes \u003d listOf(\"carrot\", \"cheese\", \"chocolate\")\n\n    for (cake in cakes) {\n        println(\"Yummy, it\u0027s a $cake cake!\")\n    }\n    // Yummy, it\u0027s a carrot cake!\n    // Yummy, it\u0027s a cheese cake!\n    // Yummy, it\u0027s a chocolate cake!\n//sampleEnd\n}\n","pageTitle":"For","metaDescription":"","type":"Documentation","breadcrumbs":"Take Kotlin tour","root":0,"depth":1}