{"objectID":"_kotlin_ide.html#eclipse","parent":"_kotlin_ide.html#intellij_idea","pageViews":0,"url":"https://kotlinlang.org/docs/kotlin-ide.html#eclipse","mainTitle":"IDEs for Kotlin development","product":"","headings":"IDEs for Kotlin development,Eclipse","content":"Eclipse allows developers to write their applications in different programming languages, including Kotlin. It also has the Kotlin plugin: originally developed by JetBrains, now the Kotlin plugin is supported by the Kotlin community contributors.\nYou can install the Kotlin plugin manually from the Marketplace.\nThe Kotlin team manages the development and contribution process to the Kotlin plugin for Eclipse. If you want to contribute to the plugin, send a pull request to its repository on GitHub.\n","pageTitle":"Eclipse","metaDescription":"","type":"Documentation","breadcrumbs":"Tools","root":0,"depth":1}