{"objectID":"_kotlin_tour_functions.html#trailing_lambdas","parent":"_kotlin_tour_functions.html#named_arguments","pageViews":0,"url":"https://kotlinlang.org/docs/kotlin-tour-functions.html#trailing-lambdas","mainTitle":"Functions","product":"","headings":"Functions,Trailing lambdas","content":"As you have already seen, if a lambda expression is the only function parameter, you can drop the function parentheses (). If a lambda expression is passed as the last parameter of a function, then the expression can be written outside the function parentheses (). In both cases, this syntax is called a trailing lambda.\nFor example, the .fold() function accepts an initial value and an operation:\nfun main() {\n    //sampleStart\n    // The initial value is zero. \n    // The operation sums the initial value with every item in the list cumulatively.\n    println(listOf(1, 2, 3).fold(0, { x, item -\u0026gt; x + item })) // 6\n\n    // Alternatively, in the form of a trailing lambda\n    println(listOf(1, 2, 3).fold(0) { x, item -\u0026gt; x + item })  // 6\n    //sampleEnd\n}\nFor more information on lambda expressions, see Lambda expressions and anonymous functions.\nThe next step in our tour is to learn about classes in Kotlin.\n","pageTitle":"Trailing lambdas","metaDescription":"","type":"Documentation","breadcrumbs":"Take Kotlin tour","root":0,"depth":1}