{"objectID":"_kotlin_hands_on.html#building_web_applications_with_spring_boot_and_kotlin","parent":"_kotlin_hands_on.html#building_reactive_spring_boot_applications_with_kotlin_coroutines_and_rsocket","pageViews":0,"url":"https://kotlinlang.org/docs/kotlin-hands-on.html#building-web-applications-with-spring-boot-and-kotlin","mainTitle":"Kotlin hands-on","product":"","headings":"Kotlin hands-on,Building web applications with Spring Boot and Kotlin","content":"Build a simple blog application by combining the power of Spring Boot and Kotlin.\nStart\n","pageTitle":"Building web applications with Spring Boot and Kotlin","metaDescription":"","type":"Documentation","breadcrumbs":"Learning materials","root":0,"depth":1}