{"objectID":"_kotlin_doc.html#","parent":"_kotlin_doc.html#kdoc_syntax","pageViews":0,"url":"https://kotlinlang.org/docs/kotlin-doc.html","mainTitle":"Document Kotlin code: KDoc","product":"","headings":"Document Kotlin code: KDoc","content":"The language used to document Kotlin code (the equivalent of Java\u0027s Javadoc) is called KDoc. In essence, KDoc combines Javadoc\u0027s syntax for block tags (extended to support Kotlin\u0027s specific constructs) and Markdown for inline markup.\nKotlin\u0027s documentation engine: Dokka, understands KDoc and can be used to generate documentation in various formats. For more information, read our Dokka documentation.\n","pageTitle":"Document Kotlin code: KDoc","metaDescription":"","type":"Documentation","breadcrumbs":"Tools","root":0,"depth":1}