{"objectID":"_kotlin_tour_functions.html#single_expression_functions","parent":"_kotlin_tour_functions.html#named_arguments","pageViews":0,"url":"https://kotlinlang.org/docs/kotlin-tour-functions.html#single-expression-functions","mainTitle":"Functions","product":"","headings":"Functions,Single-expression functions","content":"To make your code more concise, you can use single-expression functions. For example, the sum() function can be shortened:\nfun sum(x: Int, y: Int): Int {\n    return x + y\n}\n\nfun main() {\n    println(sum(1, 2))\n    // 3\n}\nYou can remove the curly braces {} and declare the function body using the assignment operator \u003d. When you use the assignment operator \u003d, Kotlin uses type inference, so you can also omit the return type. The sum() function then becomes one line:\nfun sum(x: Int, y: Int) \u003d x + y\n\nfun main() {\n    println(sum(1, 2))\n    // 3\n}\nHowever, if you want your code to be quickly understood by other developers, it\u0027s a good idea to explicitly define the return type even when using the assignment operator \u003d.\nIf you use {} curly braces to declare your function body, you must declare the return type unless it is the Unit type.\n","pageTitle":"Single-expression functions","metaDescription":"","type":"Documentation","breadcrumbs":"Take Kotlin tour","root":0,"depth":1}