{"objectID":"_kotlin_tour_classes.html#access_properties","parent":"_kotlin_tour_classes.html#properties","pageViews":0,"url":"https://kotlinlang.org/docs/kotlin-tour-classes.html#access-properties","mainTitle":"Classes","product":"","headings":"Classes,Access properties","content":"To access a property of an instance, write the name of the property after the instance name appended with a period .:\nclass Contact(val id: Int, var email: String)\n\nfun main() {\n    val contact \u003d Contact(1, \"mary@gmail.com\")\n    \n    // Prints the value of the property: email\n    println(contact.email)           \n    // mary@gmail.com\n\n    // Updates the value of the property: email\n    contact.email \u003d \"jane@gmail.com\"\n    \n    // Prints the new value of the property: email\n    println(contact.email)           \n    // jane@gmail.com\n}\nTo concatenate the value of a property as part of a string, you can use string templates ($). For example:\nprintln(\"Their email address is: ${contact.email}\")\n","pageTitle":"Access properties","metaDescription":"","type":"Documentation","breadcrumbs":"Take Kotlin tour","root":0,"depth":1}