{"objectID":"_kotlin_tour_intermediate_extension_functions.html#extension_functions","parent":"_kotlin_tour_intermediate_extension_functions.html#extension_functions","pageViews":0,"url":"https://kotlinlang.org/docs/kotlin-tour-intermediate-extension-functions.html#extension-functions","mainTitle":"Intermediate: Extension functions","product":"","headings":"Intermediate: Extension functions,Extension functions","content":"In software development, you often need to modify the behavior of a program without altering the original source code. For example, in your project, you might want to add extra functionality to a class from a third-party library.\nExtension functions allow you to extend a class with additional functionality. You call extension functions the same way you call member functions of a class.\nBefore introducing the syntax for extension functions, you need to understand the terms receiver type and receiver object.\nThe receiver object is what the function is called on. In other words, the receiver is where or with whom the information is shared.\nAn example of sender and receiver In this example, the main() function calls the .first() function. The .first() function is called on the readOnlyShapes variable, so the readOnlyShapes variable is the receiver.\nThe receiver object has a type so that the compiler understands when the function can be used.\nThis example uses the .first() function from the standard library to return the first element in a list. To create your own extension function, write the name of the class that you want to extend followed by a . and the name of your function. Continue with the rest of the function declaration, including its arguments and return type.\nFor example:\nfun String.bold(): String \u003d \"\u0026lt;b\u0026gt;$this\u0026lt;/b\u0026gt;\"\n\nfun main() {\n    // \"hello\" is the receiver object\n    println(\"hello\".bold())\n    // \u0026lt;b\u0026gt;hello\u0026lt;/b\u0026gt;\n}\nIn this example:\n- String is the extended class, also known as the receiver type.\n- bold is the name of the extension function.\n- The .bold() extension function\u0027s return type is String.\n- \u0026quot;hello\u0026quot;, an instance of String, is the receiver object.\n- The receiver object is accessed inside the body by the keyword: this.\n- A string template ($) is used to access the value of this.\n- The .bold() extension function takes a string and returns it in a \u0026lt;b\u0026gt; HTML element for bold text.\n","pageTitle":"Extension functions","metaDescription":"","type":"Documentation","breadcrumbs":"Take Kotlin tour","root":0,"depth":1}