{"objectID":"_kotlin_evolution_principles.html#libraries","parent":"_kotlin_evolution_principles.html#principles_of_pragmatic_evolution","pageViews":0,"url":"https://kotlinlang.org/docs/kotlin-evolution-principles.html#libraries","mainTitle":"Kotlin evolution principles","product":"","headings":"Kotlin evolution principles,Libraries","content":"A language is nothing without its ecosystem, so we pay extra attention to enable smooth library evolution.\nIdeally, a new version of a library can be used as a \u0026quot;drop-in replacement\u0026quot; for an older version. This means that upgrading a binary dependency should not break anything, even if the application is not recompiled (this is possible under dynamic linking).\nOn the one hand, to achieve this, the compiler has to provide certain Application Binary Interface (ABI) stability guarantees under the constraints of separate compilation. This is why every change in the language is examined from a binary compatibility standpoint.\nOn the other hand, a lot depends on the library authors being careful about which changes are safe to make. Thus, it\u0027s crucial that library authors understand how source changes affect compatibility and follow certain best practices to keep both APIs and ABIs of their libraries stable. Here are some assumptions that we make when considering language changes from the library evolution standpoint:\n- Library code should always specify return types of public/protected functions and properties explicitly, thus never relying on type inference for public API. Subtle changes in type inference may cause return types to change inadvertently, leading to binary compatibility issues.\n- Overloaded functions and properties provided by the same library should do essentially the same thing. Changes in type inference may result in more precise static types to be known at call sites, causing changes in overload resolution.\nLibrary authors can use the @Deprecated and @RequiresOptIn annotations to control the evolution of their API surface. Note that @Deprecated(level\u003dHIDDEN) can be used to preserve binary compatibility even for declarations removed from the API.\nAlso, by convention, packages named \u0026quot;internal\u0026quot; are not considered public API. All API residing in packages named \u0026quot;experimental\u0026quot; is considered pre-stable and can change at any moment.\nWe evolve the Kotlin Standard Library (kotlin-stdlib) for stable platforms according to the principles stated above. Changes to the contracts for its API undergo the same procedures as changes in the language itself.\n","pageTitle":"Libraries","metaDescription":"","type":"Documentation","breadcrumbs":"Kotlin evolution and roadmap","root":0,"depth":1}