{"objectID":"_kotlin_tour_functions.html#lambda_expressions","parent":"_kotlin_tour_functions.html#named_arguments","pageViews":0,"url":"https://kotlinlang.org/docs/kotlin-tour-functions.html#lambda-expressions","mainTitle":"Functions","product":"","headings":"Functions,Lambda expressions","content":"Kotlin allows you to write even more concise code for functions by using lambda expressions.\nFor example, the following uppercaseString() function:\nfun uppercaseString(text: String): String {\n    return text.uppercase()\n}\nfun main() {\n    println(uppercaseString(\"hello\"))\n    // HELLO\n}\nCan also be written as a lambda expression:\nfun main() {\n    val upperCaseString \u003d { text: String -\u0026gt; text.uppercase() }\n    println(upperCaseString(\"hello\"))\n    // HELLO\n}\nLambda expressions can be hard to understand at first glance so let\u0027s break it down. Lambda expressions are written within curly braces {}.\nWithin the lambda expression, you write:\n- The parameters followed by an -\u0026gt;.\n- The function body after the -\u0026gt;.\nIn the previous example:\n- text is a function parameter.\n- text has type String.\n- The function returns the result of the .uppercase() function called on text.\n- The entire lambda expression is assigned to the upperCaseString variable with the assignment operator \u003d.\n- The lambda expression is called by using the variable upperCaseString like a function and the string \u0026quot;hello\u0026quot; as a parameter.\n- The println() function prints the result.\nIf you declare a lambda without parameters, then there is no need to use -\u0026gt;. For example:\n{ println(\"Log message\") }\nLambda expressions can be used in a number of ways. You can:\n- Pass a lambda expression as a parameter to another function\n- Return a lambda expression from a function\n- Invoke a lambda expression on its own\n","pageTitle":"Lambda expressions","metaDescription":"","type":"Documentation","breadcrumbs":"Take Kotlin tour","root":0,"depth":1}