{"objectID":"_kotlin_tour_intermediate_open_special_classes.html#practice","parent":"_kotlin_tour_intermediate_open_special_classes.html#open_classes","pageViews":0,"url":"https://kotlinlang.org/docs/kotlin-tour-intermediate-open-special-classes.html#practice","mainTitle":"Intermediate: Open and special classes","product":"","headings":"Intermediate: Open and special classes,Practice","content":"","pageTitle":"Practice","metaDescription":"","type":"Documentation","breadcrumbs":"Take Kotlin tour","root":0,"depth":1}