{"objectID":"_kotlin_tips.html#unshadowing_declarations_with_their_fully_qualified_name","parent":"_kotlin_tips.html#null_null_in_kotlin","pageViews":0,"url":"https://kotlinlang.org/docs/kotlin-tips.html#unshadowing-declarations-with-their-fully-qualified-name","mainTitle":"Kotlin tips","product":"","headings":"Kotlin tips,Unshadowing declarations with their fully qualified name","content":"Shadowing means having two declarations in a scope have the same name. So, how do you pick? In this episode of Kotlin Tips Sebastian Aigner shows you a simple Kotlin trick to call exactly the function that you need, using the power of fully qualified names:\n","pageTitle":"Unshadowing declarations with their fully qualified name","metaDescription":"","type":"Documentation","breadcrumbs":"Learning materials","root":0,"depth":1}