{"objectID":"_kotlin_hands_on.html#building_reactive_spring_boot_applications_with_kotlin_coroutines_and_rsocket","parent":"_kotlin_hands_on.html#building_reactive_spring_boot_applications_with_kotlin_coroutines_and_rsocket","pageViews":0,"url":"https://kotlinlang.org/docs/kotlin-hands-on.html#building-reactive-spring-boot-applications-with-kotlin-coroutines-and-rsocket","mainTitle":"Kotlin hands-on","product":"","headings":"Kotlin hands-on,Building Reactive Spring Boot applications with Kotlin coroutines and RSocket","content":"Build a simple chat application using Spring Boot and Kotlin, and learn about the benefits of using Kotlin for server-side development from a syntax perspective.\nStart\n","pageTitle":"Building Reactive Spring Boot applications with Kotlin coroutines and RSocket","metaDescription":"","type":"Documentation","breadcrumbs":"Learning materials","root":0,"depth":1}