{"objectID":"_kotlin_notebook_overview.html#prototyping","parent":"_kotlin_notebook_overview.html#data_analytics_and_visualization","pageViews":0,"url":"https://kotlinlang.org/docs/kotlin-notebook-overview.html#prototyping","mainTitle":"Kotlin Notebook","product":"","headings":"Kotlin Notebook,Prototyping","content":"Kotlin Notebook provides an interactive environment for running code in small chunks and seeing the results in real-time. This hands-on approach enables rapid experimentation and iteration during the prototyping phase.\nWith the help of Kotlin Notebook, you can test the concepts of solutions early in the ideation stage. Additionally, Kotlin Notebook supports both collaborative and reproducible work, enabling the generation and assessment of new ideas.\nkotlin-notebook-prototyping ","pageTitle":"Prototyping","metaDescription":"","type":"Documentation","breadcrumbs":"Tools","root":0,"depth":1}