{"objectID":"_kotlin_tour_control_flow.html#while","parent":"_kotlin_tour_control_flow.html#conditional_expressions","pageViews":0,"url":"https://kotlinlang.org/docs/kotlin-tour-control-flow.html#while","mainTitle":"Control flow","product":"","headings":"Control flow,While","content":"while can be used in two ways:\n- To execute a code block while a conditional expression is true. (while)\n- To execute the code block first and then check the conditional expression. (do-while)\nIn the first use case (while):\n- Declare the conditional expression for your while loop to continue within parentheses ().\n- Add the action you want to complete within curly braces {}.\nThe following examples use the increment operator ++ to increment the value of the cakesEaten variable.\nfun main() {\n//sampleStart\n    var cakesEaten \u003d 0\n    while (cakesEaten \u0026lt; 3) {\n        println(\"Eat a cake\")\n        cakesEaten++\n    }\n    // Eat a cake\n    // Eat a cake\n    // Eat a cake\n//sampleEnd\n}\nIn the second use case (do-while):\n- Declare the conditional expression for your while loop to continue within parentheses ().\n- Define the action you want to complete within curly braces {} with the keyword do.\nfun main() {\n//sampleStart\n    var cakesEaten \u003d 0\n    var cakesBaked \u003d 0\n    while (cakesEaten \u0026lt; 3) {\n        println(\"Eat a cake\")\n        cakesEaten++\n    }\n    do {\n        println(\"Bake a cake\")\n        cakesBaked++\n    } while (cakesBaked \u0026lt; cakesEaten)\n    // Eat a cake\n    // Eat a cake\n    // Eat a cake\n    // Bake a cake\n    // Bake a cake\n    // Bake a cake\n//sampleEnd\n}\nFor more information and examples of conditional expressions and loops, see Conditions and loops.\nNow that you know the fundamentals of Kotlin control flow, it\u0027s time to learn how to write your own functions.\n","pageTitle":"While","metaDescription":"","type":"Documentation","breadcrumbs":"Take Kotlin tour","root":0,"depth":1}