{"objectID":"_kotlin_tour_functions.html#invoke_separately","parent":"_kotlin_tour_functions.html#named_arguments","pageViews":0,"url":"https://kotlinlang.org/docs/kotlin-tour-functions.html#invoke-separately","mainTitle":"Functions","product":"","headings":"Functions,Invoke separately","content":"Lambda expressions can be invoked on their own by adding parentheses () after the curly braces {} and including any parameters within the parentheses:\nfun main() {\n    //sampleStart\n    println({ text: String -\u0026gt; text.uppercase() }(\"hello\"))\n    // HELLO\n    //sampleEnd\n}\n","pageTitle":"Invoke separately","metaDescription":"","type":"Documentation","breadcrumbs":"Take Kotlin tour","root":0,"depth":1}