{"objectID":"_kotlin_notebook_overview.html#","parent":"_kotlin_notebook_overview.html#data_analytics_and_visualization","pageViews":0,"url":"https://kotlinlang.org/docs/kotlin-notebook-overview.html","mainTitle":"Kotlin Notebook","product":"","headings":"Kotlin Notebook","content":"Kotlin Notebook provides an interactive environment to create and edit notebooks, leveraging the full potential of Kotlin\u0027s capabilities.\nKotlin Notebook relies on the Kotlin Notebook plugin, which is bundled and enabled in IntelliJ IDEA by default.\nGet ready for a seamless coding experience where you can develop and experiment with Kotlin code, receive immediate outputs, and integrate code, visuals, and text within the IntelliJ IDEA ecosystem.\nKotlin Notebook The Kotlin Notebook plugin comes with various features to boost your development process, such as:\n- Accessing APIs within cells\n- Importing and exporting files with a few clicks\n- Using REPL commands for a quick project exploration\n- Getting a rich set of output formats\n- Managing dependencies intuitively with annotations or Gradle-like syntax\n- Importing various libraries with a single line of code or even adding new libraries to your project\n- Getting insights for debugging with error messages and traceback\nKotlin Notebook is based on our Kotlin Kernel for Jupyter Notebooks, making it easy to integrate with other Kotlin notebook solutions. Without compatibility issues, you can effortlessly share your work among Kotlin Notebook, Datalore, and Kotlin-Jupyter Notebook.\nWith these capabilities, you can embark on a wide range of tasks, from simple code experiments to comprehensive data projects.\nDive deeper into the sections below to discover what you can achieve with Kotlin Notebook!\n","pageTitle":"Kotlin Notebook","metaDescription":"","type":"Documentation","breadcrumbs":"Tools","root":0,"depth":1}