{"objectID":"_kotlin_tour_hello_world.html#","parent":"_kotlin_tour_hello_world.html#variables","pageViews":0,"url":"https://kotlinlang.org/docs/kotlin-tour-hello-world.html","mainTitle":"Hello world","product":"","headings":"Hello world","content":"First step Hello world Second step Basic types Third step Collections Fourth step Control flow Fifth step Functions Sixth step Classes Final step Null safety\n","pageTitle":"Hello world","metaDescription":"","type":"Documentation","breadcrumbs":"Take Kotlin tour","root":0,"depth":1}