{"objectID":"_kotlin_tour_intermediate_classes_interfaces.html#classes_interfaces_exercise_4","parent":"_kotlin_tour_intermediate_classes_interfaces.html#class_inheritance","pageViews":0,"url":"https://kotlinlang.org/docs/kotlin-tour-intermediate-classes-interfaces.html#classes-interfaces-exercise-4","mainTitle":"Intermediate: Classes and interfaces","product":"","headings":"Intermediate: Classes and interfaces,Exercise 4","content":"You have a simple messaging app that has some basic functionality, but you want to add some functionality for smart messages without significantly duplicating your code.\nIn the code below, define a class called SmartMessenger that inherits from the BasicMessenger class but delegates the implementation to an instance of the BasicMessenger class.\nIn the SmartMessenger class, override the sendMessage() function to send smart messages. The function must accept a message as an input and return a printed statement: \u0026quot;Sending a smart message: $message\u0026quot;. In addition, call the sendMessage() function from the BasicMessenger class and prefix the message with [smart].\nYou don\u0027t need to rewrite the receiveMessage() function in the SmartMessenger class.\ninterface Messenger {\n    fun sendMessage(message: String)\n    fun receiveMessage(): String\n}\n\nclass BasicMessenger : Messenger {\n    override fun sendMessage(message: String) {\n        println(\"Sending message: $message\")\n    }\n\n    override fun receiveMessage(): String {\n        return \"You\u0027ve got a new message!\"\n    }\n}\n\nclass SmartMessenger // Write your code here\n\nfun main() {\n    val basicMessenger \u003d BasicMessenger()\n    val smartMessenger \u003d SmartMessenger(basicMessenger)\n    \n    basicMessenger.sendMessage(\"Hello!\")\n    // Sending message: Hello!\n    println(smartMessenger.receiveMessage())\n    // You\u0027ve got a new message!\n    smartMessenger.sendMessage(\"Hello from SmartMessenger!\")\n    // Sending a smart message: Hello from SmartMessenger!\n    // Sending message: [smart] Hello from SmartMessenger!\n}\ninterface Messenger {\n    fun sendMessage(message: String)\n    fun receiveMessage(): String\n}\n\nclass BasicMessenger : Messenger {\n    override fun sendMessage(message: String) {\n        println(\"Sending message: $message\")\n    }\n\n    override fun receiveMessage(): String {\n        return \"You\u0027ve got a new message!\"\n    }\n}\n\nclass SmartMessenger(val basicMessenger: BasicMessenger) : Messenger by basicMessenger {\n    override fun sendMessage(message: String) {\n        println(\"Sending a smart message: $message\")\n        basicMessenger.sendMessage(\"[smart] $message\")\n    }\n}\n\nfun main() {\n    val basicMessenger \u003d BasicMessenger()\n    val smartMessenger \u003d SmartMessenger(basicMessenger)\n    \n    basicMessenger.sendMessage(\"Hello!\")\n    // Sending message: Hello!\n    println(smartMessenger.receiveMessage())\n    // You\u0027ve got a new message!\n    smartMessenger.sendMessage(\"Hello from SmartMessenger!\")\n    // Sending a smart message: Hello from SmartMessenger!\n    // Sending message: [smart] Hello from SmartMessenger!\n}\n","pageTitle":"Exercise 4","metaDescription":"","type":"Documentation","breadcrumbs":"Take Kotlin tour","root":0,"depth":1}