{"objectID":"_kotlin_evolution_principles.html#dealing_with_compiler_bugs","parent":"_kotlin_evolution_principles.html#principles_of_pragmatic_evolution","pageViews":0,"url":"https://kotlinlang.org/docs/kotlin-evolution-principles.html#dealing-with-compiler-bugs","mainTitle":"Kotlin evolution principles","product":"","headings":"Kotlin evolution principles,Dealing with compiler bugs","content":"Compilers are complicated software, and despite the best efforts of their developers, they have bugs. The bugs that cause the compiler itself to fail or report spurious errors or generate obviously failing code, though annoying and often embarrassing, are easy to fix, because the fixes do not constitute incompatible changes. Other bugs may cause the compiler to generate incorrect code that does not fail: for example, by missing some errors in the source or simply generating the wrong instructions. Fixes for such bugs are technically incompatible changes (some code used to compile fine, but now it won\u0027t anymore), but we are inclined to fix them as soon as possible to prevent the bad code patterns from spreading across user code. In our opinion, this supports the principle of Comfortable Updates, because fewer users have a chance of encountering the issue. Of course, this applies only to bugs that are found soon after appearing in a released version.\n","pageTitle":"Dealing with compiler bugs","metaDescription":"","type":"Documentation","breadcrumbs":"Kotlin evolution and roadmap","root":0,"depth":1}