{"objectID":"_kotlin_brand_assets.html#create_meetup_com_cover_photo","parent":"_kotlin_brand_assets.html#kotlin_logo","pageViews":0,"url":"https://kotlinlang.org/docs/kotlin-brand-assets.html#create-meetup-com-cover-photo","mainTitle":"Kotlin brand assets","product":"","headings":"Kotlin brand assets,Create meetup.com cover photo","content":"To create a cover photo with a group\u0027s logo for meetup.com:\n2. Make a copy of the picture file to your Google Drive (you have to be signed in to your Google account).\n4. Add a shortened name of the user group\u0027s location to the logo on the right upper corner of the picture. If you want to replace the general pattern with a custom picture, click on the background pattern-picture, choose \u0027Replace Image\u0027, then \u0027Upload from Computer\u0027 or any other source.\n6. Download the picture and use it for your profile on meetup.com.\nUser Group examples ","pageTitle":"Create meetup.com cover photo","metaDescription":"","type":"Documentation","breadcrumbs":"Other resources","root":0,"depth":1}