{"objectID":"_kotlin_tour_intermediate_null_safety.html#null_safety_exercise_4","parent":"_kotlin_tour_intermediate_null_safety.html#smart_casts_and_safe_casts","pageViews":0,"url":"https://kotlinlang.org/docs/kotlin-tour-intermediate-null-safety.html#null-safety-exercise-4","mainTitle":"Intermediate: Null safety","product":"","headings":"Intermediate: Null safety,Exercise 4","content":"You are working on an inventory management system for an e-commerce platform. Before processing a sale, you need to check if the requested quantity of a product is valid based on the available stock.\nComplete the validateStock() function so that it uses early returns and the Elvis operator (where applicable) to check if:\n- The requested variable is null.\n- The available variable is null.\n- The requested variable is a negative value.\n- The amount in the requested variable is higher than in the available variable.\nIn all of the above cases, the function must return early with the value of -1.\nfun validateStock(requested: Int?, available: Int?): Int {\n    // Write your code here\n}\n\nfun main() {\n    println(validateStock(5,10))\n    // 5\n    println(validateStock(null,10))\n    // -1\n    println(validateStock(-2,10))\n    // -1\n}\nfun validateStock(requested: Int?, available: Int?): Int {\n    val validRequested \u003d requested ?: return -1\n    val validAvailable \u003d available ?: return -1\n\n    if (validRequested \u0026lt; 0) return -1\n    if (validRequested \u0026gt; validAvailable) return -1\n\n    return validRequested\n}\n\nfun main() {\n    println(validateStock(5,10))\n    // 5\n    println(validateStock(null,10))\n    // -1\n    println(validateStock(-2,10))\n    // -1\n}\n","pageTitle":"Exercise 4","metaDescription":"","type":"Documentation","breadcrumbs":"Take Kotlin tour","root":0,"depth":1}