{"objectID":"_kotlin_tour_intermediate_open_special_classes.html#","parent":"_kotlin_tour_intermediate_open_special_classes.html#open_classes","pageViews":0,"url":"https://kotlinlang.org/docs/kotlin-tour-intermediate-open-special-classes.html","mainTitle":"Intermediate: Open and special classes","product":"","headings":"Intermediate: Open and special classes","content":"In this chapter, you\u0027ll learn about open classes, how they work with interfaces, and other special types of classes available in Kotlin.\n","pageTitle":"Intermediate: Open and special classes","metaDescription":"","type":"Documentation","breadcrumbs":"Take Kotlin tour","root":0,"depth":1}