{"objectID":"_kotlin_evolution_principles.html#compiler_options","parent":"_kotlin_evolution_principles.html#principles_of_pragmatic_evolution","pageViews":0,"url":"https://kotlinlang.org/docs/kotlin-evolution-principles.html#compiler-options","mainTitle":"Kotlin evolution principles","product":"","headings":"Kotlin evolution principles,Compiler options","content":"Command line options accepted by the compiler are also a kind of public API, and they are subject to the same considerations. Supported options (those that don\u0027t have the \u0026quot;-X\u0026quot; or \u0026quot;-XX\u0026quot; prefix) can be added only in language releases and should be properly deprecated before removing them. The \u0026quot;-X\u0026quot; and \u0026quot;-XX\u0026quot; options are experimental and can be added and removed at any time.\n","pageTitle":"Compiler options","metaDescription":"","type":"Documentation","breadcrumbs":"Kotlin evolution and roadmap","root":0,"depth":1}