{"objectID":"_kotlin_tour_intermediate_scope_functions.html#use_case_overview","parent":"_kotlin_tour_intermediate_scope_functions.html#scope_functions","pageViews":0,"url":"https://kotlinlang.org/docs/kotlin-tour-intermediate-scope-functions.html#use-case-overview","mainTitle":"Intermediate: Scope functions","product":"","headings":"Intermediate: Scope functions,Use case overview","content":"This section has covered the different scope functions available in Kotlin and their main use cases for making your code more idiomatic. You can use this table as a quick reference. It\u0027s important to note that you don\u0027t need a complete understanding of how these functions work in order to use them in your code.\nFunction Access to x via Return value Use case\nlet it Lambda result Perform null checks in your code and later perform further actions with the returned object.\napply this x Initialize objects at the time of creation.\nrun this Lambda result Initialize objects at the time of creation AND compute a result.\nalso it x Complete additional actions before returning the object.\nwith this Lambda result Call multiple functions on an object.\nFor more information about scope functions, see Scope functions.\n","pageTitle":"Use case overview","metaDescription":"","type":"Documentation","breadcrumbs":"Take Kotlin tour","root":0,"depth":1}