{"objectID":"_kotlin_tour_intermediate_lambdas_receiver.html#lambda_receivers_exercise_2","parent":"_kotlin_tour_intermediate_lambdas_receiver.html#lambda_expressions_with_receiver","pageViews":0,"url":"https://kotlinlang.org/docs/kotlin-tour-intermediate-lambdas-receiver.html#lambda-receivers-exercise-2","mainTitle":"Intermediate: Lambda expressions with receiver","product":"","headings":"Intermediate: Lambda expressions with receiver,Exercise 2","content":"You have a Button class and ButtonEvent and Position data classes. Write some code that triggers the onEvent() member function of the Button class to trigger a double-click event. Your code should print \u0026quot;Double click!\u0026quot;.\nclass Button {\n    fun onEvent(action: ButtonEvent.() -\u0026gt; Unit) {\n        // Simulate a double-click event (not a right-click)\n        val event \u003d ButtonEvent(isRightClick \u003d false, amount \u003d 2, position \u003d Position(100, 200))\n        event.action() // Trigger the event callback\n    }\n}\n\ndata class ButtonEvent(\n    val isRightClick: Boolean,\n    val amount: Int,\n    val position: Position\n)\n\ndata class Position(\n    val x: Int,\n    val y: Int\n)\n\nfun main() {\n    val button \u003d Button()\n\n    button.onEvent {\n        // Write your code here\n        // Double click!\n    }\n}\nclass Button {\n    fun onEvent(action: ButtonEvent.() -\u0026gt; Unit) {\n        // Simulate a double-click event (not a right-click)\n        val event \u003d ButtonEvent(isRightClick \u003d false, amount \u003d 2, position \u003d Position(100, 200))\n        event.action() // Trigger the event callback\n    }\n}\n\ndata class ButtonEvent(\n    val isRightClick: Boolean,\n    val amount: Int,\n    val position: Position\n)\n\ndata class Position(\n    val x: Int,\n    val y: Int\n)\n\nfun main() {\n    val button \u003d Button()\n    \n    button.onEvent {\n        if (!isRightClick \u0026\u0026 amount \u003d\u003d 2) {\n            println(\"Double click!\")\n            // Double click!\n        }\n    }\n}\n","pageTitle":"Exercise 2","metaDescription":"","type":"Documentation","breadcrumbs":"Take Kotlin tour","root":0,"depth":1}