{"objectID":"_kotlin_tour_intermediate_extension_functions.html#","parent":"_kotlin_tour_intermediate_extension_functions.html#extension_functions","pageViews":0,"url":"https://kotlinlang.org/docs/kotlin-tour-intermediate-extension-functions.html","mainTitle":"Intermediate: Extension functions","product":"","headings":"Intermediate: Extension functions","content":"In this chapter, you\u0027ll explore special Kotlin functions that make your code more concise and readable. Learn how they can help you use efficient design patterns to take your projects to the next level.\n","pageTitle":"Intermediate: Extension functions","metaDescription":"","type":"Documentation","breadcrumbs":"Take Kotlin tour","root":0,"depth":1}