{"objectID":"_kotlin_ide.html#other_ides_support","parent":"_kotlin_ide.html#intellij_idea","pageViews":0,"url":"https://kotlinlang.org/docs/kotlin-ide.html#other-ides-support","mainTitle":"IDEs for Kotlin development","product":"","headings":"IDEs for Kotlin development,Other IDEs support","content":"JetBrains doesn\u0027t provide Kotlin plugins for other IDEs. However, some of the other IDEs and source editors, such as Eclipse, Visual Studio Code, and Atom, have their own Kotlin plugins supported by the Kotlin community.\nYou can use any text editor to write the Kotlin code, but without IDE-related features: code formatting, debugging tools, and so on. To use Kotlin in text editors, you can download the latest Kotlin command-line compiler (kotlin-compiler-2.2.0.zip) from Kotlin GitHub Releases and install it manually. Also, you could use package managers, such as Homebrew, SDKMAN!, and Snap package.\n","pageTitle":"Other IDEs support","metaDescription":"","type":"Documentation","breadcrumbs":"Tools","root":0,"depth":1}