{"objectID":"_kotlin_tour_intermediate_objects.html#objects_exercise_2","parent":"_kotlin_tour_intermediate_objects.html#object_declarations","pageViews":0,"url":"https://kotlinlang.org/docs/kotlin-tour-intermediate-objects.html#objects-exercise-2","mainTitle":"Intermediate: Objects","product":"","headings":"Intermediate: Objects,Exercise 2","content":"Create an object declaration that inherits from the Vehicle interface to create a unique vehicle type: FlyingSkateboard. Implement the name property and the move() function in your object so that the following code in the main() function runs successfully:\ninterface Vehicle {\n    val name: String\n    fun move(): String\n}\n\nobject // Write your code here\n\nfun main() {\n    println(\"${FlyingSkateboard.name}: ${FlyingSkateboard.move()}\")\n    // Flying Skateboard: Glides through the air with a hover engine\n    println(\"${FlyingSkateboard.name}: ${FlyingSkateboard.fly()}\")\n    // Flying Skateboard: Woooooooo\n}\ninterface Vehicle {\n    val name: String\n    fun move(): String\n}\n\nobject FlyingSkateboard : Vehicle {\n    override val name \u003d \"Flying Skateboard\"\n    override fun move() \u003d \"Glides through the air with a hover engine\"\n\n   fun fly(): String \u003d \"Woooooooo\"\n}\n\nfun main() {\n    println(\"${FlyingSkateboard.name}: ${FlyingSkateboard.move()}\")\n    // Flying Skateboard: Glides through the air with a hover engine\n    println(\"${FlyingSkateboard.name}: ${FlyingSkateboard.fly()}\")\n    // Flying Skateboard: Woooooooo\n}\n","pageTitle":"Exercise 2","metaDescription":"","type":"Documentation","breadcrumbs":"Take Kotlin tour","root":0,"depth":1}