{"objectID":"_kotlin_tour_collections.html#exercise_2","parent":"_kotlin_tour_collections.html#list","pageViews":0,"url":"https://kotlinlang.org/docs/kotlin-tour-collections.html#exercise-2","mainTitle":"Collections","product":"","headings":"Collections,Exercise 2","content":"You have a set of protocols supported by your server. A user requests to use a particular protocol. Complete the program to check whether the requested protocol is supported or not (isSupported must be a Boolean value).\nfun main() {\n    val SUPPORTED \u003d setOf(\"HTTP\", \"HTTPS\", \"FTP\")\n    val requested \u003d \"smtp\"\n    val isSupported \u003d // Write your code here \n    println(\"Support for $requested: $isSupported\")\n}\n\u003cb\u003eHint\u003c/b\u003e : Make sure that you check the requested protocol in upper case. You can use the .uppercase() function to help you with this. fun main() {\n    val SUPPORTED \u003d setOf(\"HTTP\", \"HTTPS\", \"FTP\")\n    val requested \u003d \"smtp\"\n    val isSupported \u003d requested.uppercase() in SUPPORTED\n    println(\"Support for $requested: $isSupported\")\n}\n","pageTitle":"Exercise 2","metaDescription":"","type":"Documentation","breadcrumbs":"Take Kotlin tour","root":0,"depth":1}