{"objectID":"_kotlin_tour_intermediate_open_special_classes.html#special_classes_exercise_2","parent":"_kotlin_tour_intermediate_open_special_classes.html#open_classes","pageViews":0,"url":"https://kotlinlang.org/docs/kotlin-tour-intermediate-open-special-classes.html#special-classes-exercise-2","mainTitle":"Intermediate: Open and special classes","product":"","headings":"Intermediate: Open and special classes,Exercise 2","content":"In your program, you want to be able to handle different statuses and types of errors. You have a sealed class to capture the different statuses which are declared in data classes or objects. Complete the code below by creating an enum class called Problem that represents the different problem types: NETWORK, TIMEOUT, and UNKNOWN.\nsealed class Status {\n    data object Loading : Status()\n    data class Error(val problem: Problem) : Status() {\n        // Write your code here\n    }\n\n    data class OK(val data: List\u0026lt;String\u0026gt;) : Status()\n}\n\nfun handleStatus(status: Status) {\n    when (status) {\n        is Status.Loading -\u0026gt; println(\"Loading...\")\n        is Status.OK -\u0026gt; println(\"Data received: ${status.data}\")\n        is Status.Error -\u0026gt; when (status.problem) {\n            Status.Error.Problem.NETWORK -\u0026gt; println(\"Network issue\")\n            Status.Error.Problem.TIMEOUT -\u0026gt; println(\"Request timed out\")\n            Status.Error.Problem.UNKNOWN -\u0026gt; println(\"Unknown error occurred\")\n        }\n    }\n}\n\nfun main() {\n    val status1: Status \u003d Status.Error(Status.Error.Problem.NETWORK)\n    val status2: Status \u003d Status.OK(listOf(\"Data1\", \"Data2\"))\n\n    handleStatus(status1)\n    // Network issue\n    handleStatus(status2)\n    // Data received: [Data1, Data2]\n}\nsealed class Status {\n    data object Loading : Status()\n    data class Error(val problem: Problem) : Status() {\n        enum class Problem {\n            NETWORK,\n            TIMEOUT,\n            UNKNOWN\n        }\n    }\n\n    data class OK(val data: List\u0026lt;String\u0026gt;) : Status()\n}\n\nfun handleStatus(status: Status) {\n    when (status) {\n        is Status.Loading -\u0026gt; println(\"Loading...\")\n        is Status.OK -\u0026gt; println(\"Data received: ${status.data}\")\n        is Status.Error -\u0026gt; when (status.problem) {\n            Status.Error.Problem.NETWORK -\u0026gt; println(\"Network issue\")\n            Status.Error.Problem.TIMEOUT -\u0026gt; println(\"Request timed out\")\n            Status.Error.Problem.UNKNOWN -\u0026gt; println(\"Unknown error occurred\")\n        }\n    }\n}\n\nfun main() {\n    val status1: Status \u003d Status.Error(Status.Error.Problem.NETWORK)\n    val status2: Status \u003d Status.OK(listOf(\"Data1\", \"Data2\"))\n\n    handleStatus(status1)\n    // Network issue\n    handleStatus(status2)\n    // Data received: [Data1, Data2]\n}\n","pageTitle":"Exercise 2","metaDescription":"","type":"Documentation","breadcrumbs":"Take Kotlin tour","root":0,"depth":1}