{"objectID":"_kotlin_tour_intermediate_classes_interfaces.html#classes_interfaces_exercise_1","parent":"_kotlin_tour_intermediate_classes_interfaces.html#class_inheritance","pageViews":0,"url":"https://kotlinlang.org/docs/kotlin-tour-intermediate-classes-interfaces.html#classes-interfaces-exercise-1","mainTitle":"Intermediate: Classes and interfaces","product":"","headings":"Intermediate: Classes and interfaces,Exercise 1","content":"Imagine you\u0027re working on a smart home system. A smart home typically has different types of devices that all have some basic features but also unique behaviors. In the code sample below, complete the abstract class called SmartDevice so that the child class SmartLight can compile successfully.\nThen, create another child class called SmartThermostat that inherits from the SmartDevice class and implements turnOn() and turnOff() functions that return print statements describing which thermostat is heating or turned off. Finally, add another function called adjustTemperature() that accepts a temperature measurement as an input and prints: $name thermostat set to $temperature°C.\n\u003cb\u003eHint\u003c/b\u003e : In the SmartDevice class, add the turnOn() and turnOff() functions so that you can override their behavior later in the SmartThermostat class. abstract class // Write your code here\n\nclass SmartLight(name: String) : SmartDevice(name) {\n    override fun turnOn() {\n        println(\"$name is now ON.\")\n    }\n\n    override fun turnOff() {\n        println(\"$name is now OFF.\")\n    }\n\n   fun adjustBrightness(level: Int) {\n        println(\"Adjusting $name brightness to $level%.\")\n    }\n}\n\nclass SmartThermostat // Write your code here\n\nfun main() {\n    val livingRoomLight \u003d SmartLight(\"Living Room Light\")\n    val bedroomThermostat \u003d SmartThermostat(\"Bedroom Thermostat\")\n    \n    livingRoomLight.turnOn()\n    // Living Room Light is now ON.\n    livingRoomLight.adjustBrightness(10)\n    // Adjusting Living Room Light brightness to 10%.\n    livingRoomLight.turnOff()\n    // Living Room Light is now OFF.\n\n    bedroomThermostat.turnOn()\n    // Bedroom Thermostat thermostat is now heating.\n    bedroomThermostat.adjustTemperature(5)\n    // Bedroom Thermostat thermostat set to 5°C.\n    bedroomThermostat.turnOff()\n    // Bedroom Thermostat thermostat is now off.\n}\nabstract class SmartDevice(val name: String) {\n    abstract fun turnOn()\n    abstract fun turnOff()\n}\n\nclass SmartLight(name: String) : SmartDevice(name) {\n    override fun turnOn() {\n        println(\"$name is now ON.\")\n    }\n\n    override fun turnOff() {\n        println(\"$name is now OFF.\")\n    }\n\n   fun adjustBrightness(level: Int) {\n        println(\"Adjusting $name brightness to $level%.\")\n    }\n}\n\nclass SmartThermostat(name: String) : SmartDevice(name) {\n    override fun turnOn() {\n        println(\"$name thermostat is now heating.\")\n    }\n\n    override fun turnOff() {\n        println(\"$name thermostat is now off.\")\n    }\n\n   fun adjustTemperature(temperature: Int) {\n        println(\"$name thermostat set to $temperature°C.\")\n    }\n}\n\n\nfun main() {\n    val livingRoomLight \u003d SmartLight(\"Living Room Light\")\n    val bedroomThermostat \u003d SmartThermostat(\"Bedroom Thermostat\")\n    \n    livingRoomLight.turnOn()\n    // Living Room Light is now ON.\n    livingRoomLight.adjustBrightness(10)\n    // Adjusting Living Room Light brightness to 10%.\n    livingRoomLight.turnOff()\n    // Living Room Light is now OFF.\n\n    bedroomThermostat.turnOn()\n    // Bedroom Thermostat thermostat is now heating.\n    bedroomThermostat.adjustTemperature(5)\n    // Bedroom Thermostat thermostat set to 5°C.\n    bedroomThermostat.turnOff()\n    // Bedroom Thermostat thermostat is now off.\n}\n","pageTitle":"Exercise 1","metaDescription":"","type":"Documentation","breadcrumbs":"Take Kotlin tour","root":0,"depth":1}