{"objectID":"_kotlin_ide.html#intellij_idea","parent":"_kotlin_ide.html#intellij_idea","pageViews":0,"url":"https://kotlinlang.org/docs/kotlin-ide.html#intellij-idea","mainTitle":"IDEs for Kotlin development","product":"","headings":"IDEs for Kotlin development,IntelliJ IDEA","content":"IntelliJ IDEA is an IDE designed for JVM languages, such as Kotlin and Java, to maximize developer productivity. It does the routine and repetitive tasks for you by providing clever code completion, static code analysis, and refactorings. It lets you focus on the bright side of software development, making it not only productive but also an enjoyable experience.\nThe Kotlin plugin is bundled with each IntelliJ IDEA release. Each IDEA release introduces new features and upgrades that improve the experience for Kotlin developers in the IDE. See What\u0027s new in IntelliJ IDEA for the latest updates and improvements for Kotlin.\nRead more about IntelliJ IDEA in the official documentation.\n","pageTitle":"IntelliJ IDEA","metaDescription":"","type":"Documentation","breadcrumbs":"Tools","root":0,"depth":1}