{"objectID":"_kotlin_tour_intermediate_lambdas_receiver.html#next_step","parent":"_kotlin_tour_intermediate_lambdas_receiver.html#lambda_expressions_with_receiver","pageViews":0,"url":"https://kotlinlang.org/docs/kotlin-tour-intermediate-lambdas-receiver.html#next-step","mainTitle":"Intermediate: Lambda expressions with receiver","product":"","headings":"Intermediate: Lambda expressions with receiver,Next step","content":"Intermediate: Classes and interfaces\n","pageTitle":"Next step","metaDescription":"","type":"Documentation","breadcrumbs":"Take Kotlin tour","root":0,"depth":1}