{"objectID":"_kotlin_doc.html#inline_markup","parent":"_kotlin_doc.html#kdoc_syntax","pageViews":0,"url":"https://kotlinlang.org/docs/kotlin-doc.html#inline-markup","mainTitle":"Document Kotlin code: KDoc","product":"","headings":"Document Kotlin code: KDoc,Inline markup","content":"For inline markup, KDoc uses the regular Markdown syntax, extended to support a shorthand syntax for linking to other elements in the code.\n","pageTitle":"Inline markup","metaDescription":"","type":"Documentation","breadcrumbs":"Tools","root":0,"depth":1}