{"objectID":"_kotlin_ide.html#android_studio","parent":"_kotlin_ide.html#intellij_idea","pageViews":0,"url":"https://kotlinlang.org/docs/kotlin-ide.html#android-studio","mainTitle":"IDEs for Kotlin development","product":"","headings":"IDEs for Kotlin development,Android Studio","content":"Android Studio is the official IDE for Android app development, based on IntelliJ IDEA. On top of IntelliJ\u0027s powerful code editor and developer tools, Android Studio offers even more features that enhance your productivity when building Android apps.\nKotlin plugin is bundled with each Android Studio release.\nRead more about Android Studio in the official documentation.\n","pageTitle":"Android Studio","metaDescription":"","type":"Documentation","breadcrumbs":"Tools","root":0,"depth":1}