{"objectID":"_ksp_reference.html#details","parent":"_ksp_reference.html#program_elements","pageViews":0,"url":"https://kotlinlang.org/docs/ksp-reference.html#details","mainTitle":"Java annotation processing to KSP reference","product":"","headings":"Java annotation processing to KSP reference,Details","content":"See how functionalities of Java annotation processing API can be carried out by KSP.\n","pageTitle":"Details","metaDescription":"","type":"Documentation","breadcrumbs":"Compiler and plugins///Kotlin Symbol Processing API","root":0,"depth":2}