{"objectID":"_ksp_overview.html#overview","parent":"_ksp_overview.html#overview","pageViews":0,"url":"https://kotlinlang.org/docs/ksp-overview.html#overview","mainTitle":"Kotlin Symbol Processing API","product":"","headings":"Kotlin Symbol Processing API,Overview","content":"The KSP API processes Kotlin programs idiomatically. KSP understands Kotlin-specific features, such as extension functions, declaration-site variance, and local functions. It also models types explicitly and provides basic type checking, such as equivalence and assign-compatibility.\nThe API models Kotlin program structures at the symbol level according to Kotlin grammar. When KSP-based plugins process source programs, constructs like classes, class members, functions, and associated parameters are accessible for the processors, while things like if blocks and for loops are not.\nConceptually, KSP is similar to KType in Kotlin reflection. The API allows processors to navigate from class declarations to corresponding types with specific type arguments and vice-versa. You can also substitute type arguments, specify variances, apply star projections, and mark nullabilities of types.\nAnother way to think of KSP is as a preprocessor framework of Kotlin programs. By considering KSP-based plugins as symbol processors, or simply processors, the data flow in a compilation can be described in the following steps:\n2. Processors read and analyze source programs and resources.\n4. Processors generate code or other forms of output.\n6. The Kotlin compiler compiles the source programs together with the generated code.\nUnlike a full-fledged compiler plugin, processors cannot modify the code. A compiler plugin that changes language semantics can sometimes be very confusing. KSP avoids that by treating the source programs as read-only.\nYou can also get an overview of KSP in this video:\n","pageTitle":"Overview","metaDescription":"","type":"Documentation","breadcrumbs":"Compiler and plugins///Kotlin Symbol Processing API","root":0,"depth":2}