{"objectID":"_ksp_multi_round.html#error_and_exception_handling","parent":"_ksp_multi_round.html#changes_to_your_processor","pageViews":0,"url":"https://kotlinlang.org/docs/ksp-multi-round.html#error-and-exception-handling","mainTitle":"Multiple round processing","product":"","headings":"Multiple round processing,Error and exception handling","content":"When an error (defined by processor calling KSPLogger.error()) or exception occurs, processing stops after the current round completes. All processors will call the onError() method and will not call the finish() method.\nNote that even though an error has occurred, other processors continue processing normally for that round. This means that error handling occurs after processing has completed for the round.\nUpon exceptions, KSP will try to distinguish the exceptions from KSP and exceptions from processors. Exceptions will result in a termination of processing immediately and be logged as an error in KSPLogger. Exceptions from KSP should be reported to KSP developers for further investigation. At the end of the round where exceptions or errors happened, all processors will invoke onError() function to do their own error handling.\nKSP provides a default no-op implementation for onError() as part of the SymbolProcessor interface. You can override this method to provide your own error handling logic.\n","pageTitle":"Error and exception handling","metaDescription":"","type":"Documentation","breadcrumbs":"Compiler and plugins///Kotlin Symbol Processing API","root":0,"depth":2}