{"objectID":"_ksp_reference.html#declaredtype","parent":"_ksp_reference.html#program_elements","pageViews":0,"url":"https://kotlinlang.org/docs/ksp-reference.html#declaredtype","mainTitle":"Java annotation processing to KSP reference","product":"","headings":"Java annotation processing to KSP reference,DeclaredType","content":"Java KSP equivalent\nasElement ksType.declaration\ngetEnclosingType ksType.declaration.parentDeclaration\ngetTypeArguments ksType.arguments\n","pageTitle":"DeclaredType","metaDescription":"","type":"Documentation","breadcrumbs":"Compiler and plugins///Kotlin Symbol Processing API","root":0,"depth":2}