{"objectID":"_ksp_incremental.html#example_1","parent":"_ksp_incremental.html#aggregating_vs_isolating","pageViews":0,"url":"https://kotlinlang.org/docs/ksp-incremental.html#example-1","mainTitle":"Incremental processing","product":"","headings":"Incremental processing,Example 1","content":"A processor generates outputForA after reading class A in A.kt and class B in B.kt, where A extends B. The processor got A by Resolver.getSymbolsWithAnnotation and then got B by KSClassDeclaration.superTypes from A. Because the inclusion of B is due to A, B.kt doesn\u0027t need to be specified in dependencies for outputForA. You can still specify B.kt in this case, but it is unnecessary.\n// A.kt\n@Interesting\nclass A : B()\n\n// B.kt\nopen class B\n\n// Example1Processor.kt\nclass Example1Processor : SymbolProcessor {\n    override fun process(resolver: Resolver) {\n        val declA \u003d resolver.getSymbolsWithAnnotation(\"Interesting\").first() as KSClassDeclaration\n        val declB \u003d declA.superTypes.first().resolve().declaration\n        // B.kt isn\u0027t required, because it can be deduced as a dependency by KSP\n        val dependencies \u003d Dependencies(aggregating \u003d true, declA.containingFile!!)\n        // outputForA.kt\n        val outputName \u003d \"outputFor${declA.simpleName.asString()}\"\n        // outputForA depends on A.kt and B.kt\n        val output \u003d codeGenerator.createNewFile(dependencies, \"com.example\", outputName, \"kt\")\n        output.write(\"// $declA : $declB\\n\".toByteArray())\n        output.close()\n    }\n    // ...\n}\n","pageTitle":"Example 1","metaDescription":"","type":"Documentation","breadcrumbs":"Compiler and plugins///Kotlin Symbol Processing API","root":0,"depth":2}