{"objectID":"_ksp_reference.html#annotationvalue","parent":"_ksp_reference.html#program_elements","pageViews":0,"url":"https://kotlinlang.org/docs/ksp-reference.html#annotationvalue","mainTitle":"Java annotation processing to KSP reference","product":"","headings":"Java annotation processing to KSP reference,AnnotationValue","content":"Java KSP equivalent\ngetValue ksValueArgument.value\n","pageTitle":"AnnotationValue","metaDescription":"","type":"Documentation","breadcrumbs":"Compiler and plugins///Kotlin Symbol Processing API","root":0,"depth":2}