{"objectID":"_ksp_multi_round.html#default_behavior_for_validation","parent":"_ksp_multi_round.html#changes_to_your_processor","pageViews":0,"url":"https://kotlinlang.org/docs/ksp-multi-round.html#default-behavior-for-validation","mainTitle":"Multiple round processing","product":"","headings":"Multiple round processing,Default behavior for validation","content":"The default validation logic provided by KSP validates all directly reachable symbols inside the enclosing scope of the symbol that is being validated. Default validation checks whether references in the enclosed scope are resolvable to a concrete type but does not recursively dive into the referenced types to perform validation.\n","pageTitle":"Default behavior for validation","metaDescription":"","type":"Documentation","breadcrumbs":"Compiler and plugins///Kotlin Symbol Processing API","root":0,"depth":2}