{"objectID":"_ksp_reference.html#wildcardtype","parent":"_ksp_reference.html#program_elements","pageViews":0,"url":"https://kotlinlang.org/docs/ksp-reference.html#wildcardtype","mainTitle":"Java annotation processing to KSP reference","product":"","headings":"Java annotation processing to KSP reference,WildcardType","content":"Java KSP equivalent\ngetExtendsBound if (ksTypeArgument.variance \u003d\u003d Variance.COVARIANT) ksTypeArgument.type else null\ngetSuperBound if (ksTypeArgument.variance \u003d\u003d Variance.CONTRAVARIANT) ksTypeArgument.type else null\n","pageTitle":"WildcardType","metaDescription":"","type":"Documentation","breadcrumbs":"Compiler and plugins///Kotlin Symbol Processing API","root":0,"depth":2}