{"objectID":"_ksp_faq.html#why_ksp","parent":"_ksp_faq.html#why_ksp","pageViews":0,"url":"https://kotlinlang.org/docs/ksp-faq.html#why-ksp","mainTitle":"KSP FAQ","product":"","headings":"KSP FAQ,Why KSP?","content":"KSP has several advantages over kapt:\n- It is faster.\n- The API is more fluent for Kotlin users.\n- It supports multiple round processing on generated Kotlin sources.\n- It is being designed with multiplatform compatibility in mind.\n","pageTitle":"Why KSP?","metaDescription":"","type":"Documentation","breadcrumbs":"Compiler and plugins///Kotlin Symbol Processing API","root":0,"depth":2}