{"objectID":"_ksp_reference.html#executableelement","parent":"_ksp_reference.html#program_elements","pageViews":0,"url":"https://kotlinlang.org/docs/ksp-reference.html#executableelement","mainTitle":"Java annotation processing to KSP reference","product":"","headings":"Java annotation processing to KSP reference,ExecutableElement","content":"Java KSP equivalent\ngetDefaultValue To be implemented\ngetParameters ksFunctionDeclaration.parameters\ngetReceiverType ksFunctionDeclaration.parentDeclaration\ngetReturnType ksFunctionDeclaration.returnType\ngetSimpleName ksFunctionDeclaration.simpleName\ngetThrownTypes Not needed in Kotlin\ngetTypeParameters ksFunctionDeclaration.typeParameters\nisDefault Check whether parent declaration is an interface or not\nisVarArgs ksFunctionDeclaration.parameters.any { it.isVarArg }\n","pageTitle":"ExecutableElement","metaDescription":"","type":"Documentation","breadcrumbs":"Compiler and plugins///Kotlin Symbol Processing API","root":0,"depth":2}