{"objectID":"_ksp_quickstart.html#make_ide_aware_of_generated_code","parent":"_ksp_quickstart.html#add_a_processor","pageViews":0,"url":"https://kotlinlang.org/docs/ksp-quickstart.html#make-ide-aware-of-generated-code","mainTitle":"KSP quickstart","product":"","headings":"KSP quickstart,Make IDE aware of generated code","content":"Generated source files are registered automatically since KSP 1.8.0-1.0.9. If you\u0027re using KSP 1.0.9 or newer and don\u0027t need to make the IDE aware of generated resources, feel free to skip this section.\nBy default, IntelliJ IDEA or other IDEs don\u0027t know about the generated code. So it will mark references to generated symbols unresolvable. To make an IDE be able to reason about the generated symbols, mark the following paths as generated source roots:\nbuild/generated/ksp/main/kotlin/\nbuild/generated/ksp/main/java/\nIf your IDE supports resource directories, also mark the following one:\nbuild/generated/ksp/main/resources/\nIt may also be necessary to configure these directories in your KSP consumer module\u0027s build script:\n\u003cb\u003eKotlin\u003c/b\u003e kotlin {\n    sourceSets.main {\n        kotlin.srcDir(\"build/generated/ksp/main/kotlin\")\n    }\n    sourceSets.test {\n        kotlin.srcDir(\"build/generated/ksp/test/kotlin\")\n    }\n}\n\u003cb\u003eGroovy\u003c/b\u003e kotlin {\n    sourceSets {\n        main.kotlin.srcDirs +\u003d \u0027build/generated/ksp/main/kotlin\u0027\n        test.kotlin.srcDirs +\u003d \u0027build/generated/ksp/test/kotlin\u0027\n    }\n}\nIf you are using IntelliJ IDEA and KSP in a Gradle plugin then the above snippet will give the following warning:\nExecution optimizations have been disabled for task \u0027:publishPluginJar\u0027 to ensure correctness due to the following reasons:\nGradle detected a problem with the following location: \u0027../build/generated/ksp/main/kotlin\u0027. \nReason: Task \u0027:publishPluginJar\u0027 uses this output of task \u0027:kspKotlin\u0027 without declaring an explicit or implicit dependency.\nIn this case, use the following script instead:\n\u003cb\u003eKotlin\u003c/b\u003e plugins {\n    // ...\n    idea\n}\n\nidea {\n    module {\n        // Not using +\u003d due to https://github.com/gradle/gradle/issues/8749\n        sourceDirs \u003d sourceDirs + file(\"build/generated/ksp/main/kotlin\") // or tasks[\"kspKotlin\"].destination\n        testSourceDirs \u003d testSourceDirs + file(\"build/generated/ksp/test/kotlin\")\n        generatedSourceDirs \u003d generatedSourceDirs + file(\"build/generated/ksp/main/kotlin\") + file(\"build/generated/ksp/test/kotlin\")\n    }\n}\n\u003cb\u003eGroovy\u003c/b\u003e plugins {\n    // ...\n    id \u0027idea\u0027\n}\n\nidea {\n    module {\n        // Not using +\u003d due to https://github.com/gradle/gradle/issues/8749\n        sourceDirs \u003d sourceDirs + file(\u0027build/generated/ksp/main/kotlin\u0027) // or tasks[\"kspKotlin\"].destination\n        testSourceDirs \u003d testSourceDirs + file(\u0027build/generated/ksp/test/kotlin\u0027)\n        generatedSourceDirs \u003d generatedSourceDirs + file(\u0027build/generated/ksp/main/kotlin\u0027) + file(\u0027build/generated/ksp/test/kotlin\u0027)\n    }\n}\n","pageTitle":"Make IDE aware of generated code","metaDescription":"","type":"Documentation","breadcrumbs":"Compiler and plugins///Kotlin Symbol Processing API","root":0,"depth":2}