{"objectID":"_ksp_reference.html#element","parent":"_ksp_reference.html#program_elements","pageViews":0,"url":"https://kotlinlang.org/docs/ksp-reference.html#element","mainTitle":"Java annotation processing to KSP reference","product":"","headings":"Java annotation processing to KSP reference,Element","content":"Java KSP equivalent\nasType ksClassDeclaration.asType(...) is available for KSClassDeclaration only. Type arguments need to be supplied.\ngetAnnotation To be implemented\ngetAnnotationMirrors ksDeclaration.annotations\ngetEnclosedElements ksDeclarationContainer.declarations\ngetEnclosingElements ksDeclaration.parentDeclaration\ngetKind Type check and cast following ClassKind or FunctionKind\ngetModifiers ksDeclaration.modifiers\ngetSimpleName ksDeclaration.simpleName\n","pageTitle":"Element","metaDescription":"","type":"Documentation","breadcrumbs":"Compiler and plugins///Kotlin Symbol Processing API","root":0,"depth":2}