{"objectID":"_ksp_faq.html#can_i_use_a_newer_ksp_implementation_with_an_older_kotlin_compiler","parent":"_ksp_faq.html#why_ksp","pageViews":0,"url":"https://kotlinlang.org/docs/ksp-faq.html#can-i-use-a-newer-ksp-implementation-with-an-older-kotlin-compiler","mainTitle":"KSP FAQ","product":"","headings":"KSP FAQ,Can I use a newer KSP implementation with an older Kotlin compiler?","content":"If the language version is the same, Kotlin compiler is supposed to be backward compatible. Bumping Kotlin compiler should be trivial most of the time. If you need a newer KSP implementation, please upgrade the Kotlin compiler accordingly.\n","pageTitle":"Can I use a newer KSP implementation with an older Kotlin compiler?","metaDescription":"","type":"Documentation","breadcrumbs":"Compiler and plugins///Kotlin Symbol Processing API","root":0,"depth":2}