{"objectID":"_ksp_why_ksp.html#ksp_makes_creating_lightweight_compiler_plugins_easier","parent":"_ksp_why_ksp.html#ksp_makes_creating_lightweight_compiler_plugins_easier","pageViews":0,"url":"https://kotlinlang.org/docs/ksp-why-ksp.html#ksp-makes-creating-lightweight-compiler-plugins-easier","mainTitle":"Why KSP","product":"","headings":"Why KSP,KSP makes creating lightweight compiler plugins easier","content":"KSP is designed to hide compiler changes, minimizing maintenance efforts for processors that use it. KSP is designed not to be tied to the JVM so that it can be adapted to other platforms more easily in the future. KSP is also designed to minimize build times. For some processors, such as Glide, KSP reduces full compilation times by up to 25% when compared to kapt.\nKSP is itself implemented as a compiler plugin. There are prebuilt packages on Google\u0027s Maven repository that you can download and use without having to build the project yourself.\n","pageTitle":"KSP makes creating lightweight compiler plugins easier","metaDescription":"","type":"Documentation","breadcrumbs":"Compiler and plugins///Kotlin Symbol Processing API","root":0,"depth":2}