{"objectID":"_ksp_multi_round.html#processor_instantiating","parent":"_ksp_multi_round.html#changes_to_your_processor","pageViews":0,"url":"https://kotlinlang.org/docs/ksp-multi-round.html#processor-instantiating","mainTitle":"Multiple round processing","product":"","headings":"Multiple round processing,Processor instantiating","content":"A processor instance is created only once, which means you can store information in the processor object to be used for later rounds.\n","pageTitle":"Processor instantiating","metaDescription":"","type":"Documentation","breadcrumbs":"Compiler and plugins///Kotlin Symbol Processing API","root":0,"depth":2}