{"objectID":"_ksp_reference.html#intersectiontype","parent":"_ksp_reference.html#program_elements","pageViews":0,"url":"https://kotlinlang.org/docs/ksp-reference.html#intersectiontype","mainTitle":"Java annotation processing to KSP reference","product":"","headings":"Java annotation processing to KSP reference,IntersectionType","content":"Java KSP equivalent\ngetBounds ksTypeParameter.bounds\n","pageTitle":"IntersectionType","metaDescription":"","type":"Documentation","breadcrumbs":"Compiler and plugins///Kotlin Symbol Processing API","root":0,"depth":2}