{"objectID":"_ksp_reference.html#elements","parent":"_ksp_reference.html#program_elements","pageViews":0,"url":"https://kotlinlang.org/docs/ksp-reference.html#elements","mainTitle":"Java annotation processing to KSP reference","product":"","headings":"Java annotation processing to KSP reference,Elements","content":"Java KSP equivalent\ngetAllAnnotationMirrors KSDeclarations.annotations\ngetAllMembers getAllFunctions, getAllProperties is to be implemented\ngetBinaryName To be decided, see Java Specification\ngetConstantExpression There is constant value, not expression\ngetDocComment To be implemented\ngetElementValuesWithDefaults To be implemented\ngetName resolver.getKSNameFromString\ngetPackageElement Package not supported, while package information can be retrieved. Operation on package is not possible for KSP\ngetPackageOf Package not supported\ngetTypeElement Resolver.getClassDeclarationByName\nhides To be implemented\nisDeprecated KsDeclaration.annotations.any { \n    it.annotationType.resolve()!!.declaration.qualifiedName!!.asString() \u003d\u003d Deprecated::class.qualifiedName\n}\noverrides KSFunctionDeclaration.overrides / KSPropertyDeclaration.overrides (member function of respective class)\nprintElements KSP has basic toString() implementation on most classes\n","pageTitle":"Elements","metaDescription":"","type":"Documentation","breadcrumbs":"Compiler and plugins///Kotlin Symbol Processing API","root":0,"depth":2}