{"objectID":"_ksp_reference.html#qualifiednameable","parent":"_ksp_reference.html#program_elements","pageViews":0,"url":"https://kotlinlang.org/docs/ksp-reference.html#qualifiednameable","mainTitle":"Java annotation processing to KSP reference","product":"","headings":"Java annotation processing to KSP reference,QualifiedNameable","content":"Java KSP equivalent\ngetQualifiedName ksDeclaration.qualifiedName\n","pageTitle":"QualifiedNameable","metaDescription":"","type":"Documentation","breadcrumbs":"Compiler and plugins///Kotlin Symbol Processing API","root":0,"depth":2}