{"objectID":"_ksp_reference.html#parameterizable","parent":"_ksp_reference.html#program_elements","pageViews":0,"url":"https://kotlinlang.org/docs/ksp-reference.html#parameterizable","mainTitle":"Java annotation processing to KSP reference","product":"","headings":"Java annotation processing to KSP reference,Parameterizable","content":"Java KSP equivalent\ngetTypeParameters ksFunctionDeclaration.typeParameters\n","pageTitle":"Parameterizable","metaDescription":"","type":"Documentation","breadcrumbs":"Compiler and plugins///Kotlin Symbol Processing API","root":0,"depth":2}