{"objectID":"_ksp_overview.html#","parent":"_ksp_overview.html#overview","pageViews":0,"url":"https://kotlinlang.org/docs/ksp-overview.html","mainTitle":"Kotlin Symbol Processing API","product":"","headings":"Kotlin Symbol Processing API","content":"Kotlin Symbol Processing (KSP) is an API that you can use to develop lightweight compiler plugins. KSP provides a simplified compiler plugin API that leverages the power of Kotlin while keeping the learning curve at a minimum. Compared to kapt, annotation processors that use KSP can run up to two times faster.\n- To learn more about how KSP compares to kapt, check out why KSP.\n- To get started writing a KSP processor, take a look at the KSP quickstart.\n","pageTitle":"Kotlin Symbol Processing API","metaDescription":"","type":"Documentation","breadcrumbs":"Compiler and plugins///Kotlin Symbol Processing API","root":0,"depth":2}