{"objectID":"_ksp_multi_round.html#changes_to_getsymbolsannotatedwith","parent":"_ksp_multi_round.html#changes_to_your_processor","pageViews":0,"url":"https://kotlinlang.org/docs/ksp-multi-round.html#changes-to-getsymbolsannotatedwith","mainTitle":"Multiple round processing","product":"","headings":"Multiple round processing,Changes to getSymbolsAnnotatedWith()","content":"To avoid unnecessary reprocessing of symbols, getSymbolsAnnotatedWith() returns only those symbols found in newly generated files, together with the symbols from deferred symbols from the last round.\n","pageTitle":"Changes to getSymbolsAnnotatedWith()","metaDescription":"","type":"Documentation","breadcrumbs":"Compiler and plugins///Kotlin Symbol Processing API","root":0,"depth":2}