{"objectID":"_ksp_quickstart.html#add_a_processor","parent":"_ksp_quickstart.html#add_a_processor","pageViews":0,"url":"https://kotlinlang.org/docs/ksp-quickstart.html#add-a-processor","mainTitle":"KSP quickstart","product":"","headings":"KSP quickstart,Add a processor","content":"To add a processor, you need to include the KSP Gradle Plugin and add a dependency on the processor:\n2. Add the KSP Gradle Plugin com.google.devtools.ksp to your build.gradle(.kts) file:\n\u003cb\u003eKotlin\u003c/b\u003e plugins {\n    id(\"com.google.devtools.ksp\") version \"2.1.21-2.0.1\"\n}\n\u003cb\u003eGroovy\u003c/b\u003e plugins {\n    id \u0027com.google.devtools.ksp\u0027 version \u00272.1.21-2.0.1\u0027\n}\n4. Add a dependency on the processor. This example uses Dagger. Replace it with the processor you want to add.\n\u003cb\u003eKotlin\u003c/b\u003e dependencies {\n    implementation(\"com.google.dagger:dagger-compiler:2.51.1\")\n    ksp(\"com.google.dagger:dagger-compiler:2.51.1\")\n}\n\u003cb\u003eGroovy\u003c/b\u003e dependencies {\n    implementation \u0027com.google.dagger:dagger-compiler:2.51.1\u0027\n    ksp \u0027com.google.dagger:dagger-compiler:2.51.1\u0027\n}\n6. Run ./gradlew build. You can find the generated code in the build/generated/ksp directory.\nHere is a full example:\n\u003cb\u003eKotlin\u003c/b\u003e plugins {\n    id(\"com.google.devtools.ksp\") version \"2.1.21-2.0.1\"\n    kotlin(\"jvm\")\n}\n\nrepositories {\n    mavenCentral()\n}\n\ndependencies {\n    implementation(kotlin(\"stdlib-jdk8\"))\n    implementation(\"com.google.dagger:dagger-compiler:2.51.1\")\n    ksp(\"com.google.dagger:dagger-compiler:2.51.1\")\n}\n\u003cb\u003eGroovy\u003c/b\u003e plugins {\n    id \u0027com.google.devtools.ksp\u0027 version \u00272.1.21-2.0.1\u0027\n    id \u0027org.jetbrains.kotlin.jvm\u0027 version \u00272.2.0\u0027\n}\n\nrepositories {\n    mavenCentral()\n}\n\ndependencies {\n    implementation \u0027org.jetbrains.kotlin:kotlin-stdlib:2.2.0\u0027\n    implementation \u0027com.google.dagger:dagger-compiler:2.51.1\u0027\n    ksp \u0027com.google.dagger:dagger-compiler:2.51.1\u0027\n}\n","pageTitle":"Add a processor","metaDescription":"","type":"Documentation","breadcrumbs":"Compiler and plugins///Kotlin Symbol Processing API","root":0,"depth":2}