{"objectID":"_ksp_faq.html#why_is_ksp_faster_than_kapt","parent":"_ksp_faq.html#why_ksp","pageViews":0,"url":"https://kotlinlang.org/docs/ksp-faq.html#why-is-ksp-faster-than-kapt","mainTitle":"KSP FAQ","product":"","headings":"KSP FAQ,Why is KSP faster than kapt?","content":"kapt has to parse and resolve every type reference in order to generate Java stubs, whereas KSP resolves references on-demand. Delegating to javac also takes time.\nAdditionally, KSP\u0027s incremental processing model has a finer granularity than just isolating and aggregating. It finds more opportunities to avoid reprocessing everything. Also, because KSP traces symbol resolutions dynamically, a change in a file is less likely to pollute other files and therefore the set of files to be reprocessed is smaller. This is not possible for kapt because it delegates processing to javac.\n","pageTitle":"Why is KSP faster than kapt?","metaDescription":"","type":"Documentation","breadcrumbs":"Compiler and plugins///Kotlin Symbol Processing API","root":0,"depth":2}