{"objectID":"_ksp_multiplatform.html#","parent":"_ksp_multiplatform.html#compilation_and_processing","pageViews":0,"url":"https://kotlinlang.org/docs/ksp-multiplatform.html","mainTitle":"KSP with Kotlin Multiplatform","product":"","headings":"KSP with Kotlin Multiplatform","content":"For a quick start, see a sample Kotlin Multiplatform project defining a KSP processor.\nStarting from KSP 1.0.1, applying KSP on a multiplatform project is similar to that on a single platform, JVM project. The main difference is that, instead of writing the ksp(...) configuration in dependencies, add(ksp\u0026lt;Target\u0026gt;) or add(ksp\u0026lt;SourceSet\u0026gt;) is used to specify which compilation targets need symbol processing, before compilation.\nplugins {\n    kotlin(\"multiplatform\")\n    id(\"com.google.devtools.ksp\")\n}\n\nkotlin {\n    jvm()\n    linuxX64 {\n        binaries {\n            executable()\n        }\n    }\n}\n\ndependencies {\n    add(\"kspCommonMainMetadata\", project(\":test-processor\"))\n    add(\"kspJvm\", project(\":test-processor\"))\n    add(\"kspJvmTest\", project(\":test-processor\")) // Not doing anything because there\u0027s no test source set for JVM\n    // There is no processing for the Linux x64 main source set, because kspLinuxX64 isn\u0027t specified\n    // add(\"kspLinuxX64Test\", project(\":test-processor\"))\n}\n","pageTitle":"KSP with Kotlin Multiplatform","metaDescription":"","type":"Documentation","breadcrumbs":"Compiler and plugins///Kotlin Symbol Processing API","root":0,"depth":2}