{"objectID":"_ksp_reference.html#typemirror","parent":"_ksp_reference.html#program_elements","pageViews":0,"url":"https://kotlinlang.org/docs/ksp-reference.html#typemirror","mainTitle":"Java annotation processing to KSP reference","product":"","headings":"Java annotation processing to KSP reference,TypeMirror","content":"Java KSP equivalent\ngetKind Compare with types in KSBuiltIns for primitive types, Unit type, otherwise declared types\n","pageTitle":"TypeMirror","metaDescription":"","type":"Documentation","breadcrumbs":"Compiler and plugins///Kotlin Symbol Processing API","root":0,"depth":2}