{"objectID":"_ksp_why_ksp.html#comparison_to_kotlinc_compiler_plugins","parent":"_ksp_why_ksp.html#ksp_makes_creating_lightweight_compiler_plugins_easier","pageViews":0,"url":"https://kotlinlang.org/docs/ksp-why-ksp.html#comparison-to-kotlinc-compiler-plugins","mainTitle":"Why KSP","product":"","headings":"Why KSP,Comparison to kotlinc compiler plugins","content":"kotlinc compiler plugins have access to almost everything from the compiler and therefore have maximum power and flexibility. On the other hand, because these plugins can potentially depend on anything in the compiler, they are sensitive to compiler changes and need to be maintained frequently. These plugins also require a deep understanding of kotlinc\u0027s implementation, so the learning curve can be steep.\nKSP aims to hide most compiler changes through a well-defined API, though major changes in compiler or even the Kotlin language might still require to be exposed to API users.\nKSP tries to fulfill common use cases by providing an API that trades power for simplicity. Its capability is a strict subset of a general kotlinc plugin. For example, while kotlinc can examine expressions and statements and can even modify code, KSP cannot.\nWhile writing a kotlinc plugin can be a lot of fun, it can also take a lot of time. If you aren\u0027t in a position to learn kotlinc\u0027s implementation and do not need to modify source code or read expressions, KSP might be a good fit.\n","pageTitle":"Comparison to kotlinc compiler plugins","metaDescription":"","type":"Documentation","breadcrumbs":"Compiler and plugins///Kotlin Symbol Processing API","root":0,"depth":2}