{"objectID":"_ksp_faq.html#how_to_upgrade_ksp","parent":"_ksp_faq.html#why_ksp","pageViews":0,"url":"https://kotlinlang.org/docs/ksp-faq.html#how-to-upgrade-ksp","mainTitle":"KSP FAQ","product":"","headings":"KSP FAQ,How to upgrade KSP?","content":"KSP has API and implementation. The API rarely changes and is backward compatible: there can be new interfaces, but old interfaces never change. The implementation is tied to a specific compiler version. With the new release, the supported compiler version can change.\nProcessors only depend on API and therefore are not tied to compiler versions. However, users of processors need to bump KSP version when bumping the compiler version in their project. Otherwise, the following error will occur:\nksp-a.b.c is too old for kotlin-x.y.z. Please upgrade ksp or downgrade kotlin-gradle-plugin\nUsers of processors don\u0027t need to bump processor\u0027s version because processors only depend on API.\nFor example, some processor is released and tested with KSP 1.0.1, which depends strictly on Kotlin 1.6.0. To make it work with Kotlin 1.6.20, the only thing you need to do is bump KSP to a version (for example, KSP 1.1.0) that is built for Kotlin 1.6.20.\n","pageTitle":"How to upgrade KSP?","metaDescription":"","type":"Documentation","breadcrumbs":"Compiler and plugins///Kotlin Symbol Processing API","root":0,"depth":2}