{"objectID":"_lambdas.html#function_types","parent":"_lambdas.html#higher_order_functions","pageViews":0,"url":"https://kotlinlang.org/docs/lambdas.html#function-types","mainTitle":"Higher-order functions and lambdas","product":"","headings":"Higher-order functions and lambdas,Function types","content":"Kotlin uses function types, such as (Int) -\u0026gt; String, for declarations that deal with functions: val onClick: () -\u0026gt; Unit \u003d ....\nThese types have a special notation that corresponds to the signatures of the functions - their parameters and return values:\n- All function types have a parenthesized list of parameter types and a return type: (A, B) -\u0026gt; C denotes a type that represents functions that take two arguments of types A and B and return a value of type C. The list of parameter types may be empty, as in () -\u0026gt; A. The Unit return type cannot be omitted.\n- Function types can optionally have an additional receiver type, which is specified before the dot in the notation: the type A.(B) -\u0026gt; C represents functions that can be called on a receiver object A with a parameter B and return a value C. Function literals with receiver are often used along with these types.\n- Suspending functions belong to a special kind of function type that have a suspend modifier in their notation, such as suspend () -\u0026gt; Unit or suspend A.(B) -\u0026gt; C.\nThe function type notation can optionally include names for the function parameters: (x: Int, y: Int) -\u0026gt; Point. These names can be used for documenting the meaning of the parameters.\nTo specify that a function type is nullable, use parentheses as follows: ((Int, Int) -\u0026gt; Int)?.\nFunction types can also be combined using parentheses: (Int) -\u0026gt; ((Int) -\u0026gt; Unit).\nThe arrow notation is right-associative, (Int) -\u0026gt; (Int) -\u0026gt; Unit is equivalent to the previous example, but not to ((Int) -\u0026gt; (Int)) -\u0026gt; Unit.\nYou can also give a function type an alternative name by using a type alias:\ntypealias ClickHandler \u003d (Button, ClickEvent) -\u0026gt; Unit\n","pageTitle":"Function types","metaDescription":"","type":"Documentation","breadcrumbs":"Concepts///Functions","root":0,"depth":2}