{"objectID":"_lambdas.html#","parent":"_lambdas.html#higher_order_functions","pageViews":0,"url":"https://kotlinlang.org/docs/lambdas.html","mainTitle":"Higher-order functions and lambdas","product":"","headings":"Higher-order functions and lambdas","content":"Kotlin functions are first-class, which means they can be stored in variables and data structures, and can be passed as arguments to and returned from other higher-order functions. You can perform any operations on functions that are possible for other non-function values.\nTo facilitate this, Kotlin, as a statically typed programming language, uses a family of function types to represent functions, and provides a set of specialized language constructs, such as lambda expressions.\n","pageTitle":"Higher-order functions and lambdas","metaDescription":"","type":"Documentation","breadcrumbs":"Concepts///Functions","root":0,"depth":2}