{"objectID":"_lambdas.html#inline_functions","parent":"_lambdas.html#higher_order_functions","pageViews":0,"url":"https://kotlinlang.org/docs/lambdas.html#inline-functions","mainTitle":"Higher-order functions and lambdas","product":"","headings":"Higher-order functions and lambdas,Inline functions","content":"Sometimes it is beneficial to use inline functions, which provide flexible control flow, for higher-order functions.\n","pageTitle":"Inline functions","metaDescription":"","type":"Documentation","breadcrumbs":"Concepts///Functions","root":0,"depth":2}