{"objectID":"_lambdas.html#it_implicit_name_of_a_single_parameter","parent":"_lambdas.html#higher_order_functions","pageViews":0,"url":"https://kotlinlang.org/docs/lambdas.html#it-implicit-name-of-a-single-parameter","mainTitle":"Higher-order functions and lambdas","product":"","headings":"Higher-order functions and lambdas,it: implicit name of a single parameter","content":"It\u0027s very common for a lambda expression to have only one parameter.\nIf the compiler can parse the signature without any parameters, the parameter does not need to be declared and -\u0026gt; can be omitted. The parameter will be implicitly declared under the name it:\nints.filter { it \u0026gt; 0 } // this literal is of type \u0027(it: Int) -\u0026gt; Boolean\u0027\n","pageTitle":"it: implicit name of a single parameter","metaDescription":"","type":"Documentation","breadcrumbs":"Concepts///Functions","root":0,"depth":2}