{"objectID":"_lambdas.html#lambda_expressions_and_anonymous_functions","parent":"_lambdas.html#higher_order_functions","pageViews":0,"url":"https://kotlinlang.org/docs/lambdas.html#lambda-expressions-and-anonymous-functions","mainTitle":"Higher-order functions and lambdas","product":"","headings":"Higher-order functions and lambdas,Lambda expressions and anonymous functions","content":"Lambda expressions and anonymous functions are function literals. Function literals are functions that are not declared but are passed immediately as an expression. Consider the following example:\nmax(strings, { a, b -\u0026gt; a.length \u0026lt; b.length })\nThe function max is a higher-order function, as it takes a function value as its second argument. This second argument is an expression that is itself a function, called a function literal, which is equivalent to the following named function:\nfun compare(a: String, b: String): Boolean \u003d a.length \u0026lt; b.length\n","pageTitle":"Lambda expressions and anonymous functions","metaDescription":"","type":"Documentation","breadcrumbs":"Concepts///Functions","root":0,"depth":2}