{"objectID":"_lambdas.html#lambda_expression_syntax","parent":"_lambdas.html#higher_order_functions","pageViews":0,"url":"https://kotlinlang.org/docs/lambdas.html#lambda-expression-syntax","mainTitle":"Higher-order functions and lambdas","product":"","headings":"Higher-order functions and lambdas,Lambda expression syntax","content":"The full syntactic form of lambda expressions is as follows:\nval sum: (Int, Int) -\u0026gt; Int \u003d { x: Int, y: Int -\u0026gt; x + y }\n- A lambda expression is always surrounded by curly braces.\n- Parameter declarations in the full syntactic form go inside curly braces and have optional type annotations.\n- The body goes after the -\u0026gt;.\n- If the inferred return type of the lambda is not Unit, the last (or possibly single) expression inside the lambda body is treated as the return value.\nIf you leave all the optional annotations out, what\u0027s left looks like this:\nval sum \u003d { x: Int, y: Int -\u0026gt; x + y }\n","pageTitle":"Lambda expression syntax","metaDescription":"","type":"Documentation","breadcrumbs":"Concepts///Functions","root":0,"depth":2}