{"objectID":"_lambdas.html#instantiating_a_function_type","parent":"_lambdas.html#higher_order_functions","pageViews":0,"url":"https://kotlinlang.org/docs/lambdas.html#instantiating-a-function-type","mainTitle":"Higher-order functions and lambdas","product":"","headings":"Higher-order functions and lambdas,Instantiating a function type","content":"There are several ways to obtain an instance of a function type:\n- Use a code block within a function literal, in one of the following forms:\n- a lambda expression: { a, b -\u0026gt; a + b },\n- an anonymous function: fun(s: String): Int { return s.toIntOrNull() ?: 0 }\nFunction literals with receiver can be used as values of function types with receiver.\n- Use a callable reference to an existing declaration:\n- a top-level, local, member, or extension function: ::isOdd, String::toInt,\n- a top-level, member, or extension property: List\u0026lt;Int\u0026gt;::size,\n- a constructor: ::Regex\nThese include bound callable references that point to a member of a particular instance: foo::toString.\n- Use instances of a custom class that implements a function type as an interface:\nclass IntTransformer: (Int) -\u0026gt; Int {\n    override operator fun invoke(x: Int): Int \u003d TODO()\n}\n\nval intFunction: (Int) -\u0026gt; Int \u003d IntTransformer()\nThe compiler can infer the function types for variables if there is enough information:\nval a \u003d { i: Int -\u0026gt; i + 1 } // The inferred type is (Int) -\u0026gt; Int\nNon-literal values of function types with and without a receiver are interchangeable, so the receiver can stand in for the first parameter, and vice versa. For instance, a value of type (A, B) -\u0026gt; C can be passed or assigned where a value of type A.(B) -\u0026gt; C is expected, and the other way around:\nfun main() {\n    //sampleStart\n    val repeatFun: String.(Int) -\u0026gt; String \u003d { times -\u0026gt; this.repeat(times) }\n    val twoParameters: (String, Int) -\u0026gt; String \u003d repeatFun // OK\n    \n    fun runTransformation(f: (String, Int) -\u0026gt; String): String {\n        return f(\"hello\", 3)\n    }\n    val result \u003d runTransformation(repeatFun) // OK\n    //sampleEnd\n    println(\"result \u003d $result\")\n}\nA function type with no receiver is inferred by default, even if a variable is initialized with a reference to an extension function. To alter that, specify the variable type explicitly.\n","pageTitle":"Instantiating a function type","metaDescription":"","type":"Documentation","breadcrumbs":"Concepts///Functions","root":0,"depth":2}