{"objectID":"_lambdas.html#closures","parent":"_lambdas.html#higher_order_functions","pageViews":0,"url":"https://kotlinlang.org/docs/lambdas.html#closures","mainTitle":"Higher-order functions and lambdas","product":"","headings":"Higher-order functions and lambdas,Closures","content":"A lambda expression or anonymous function (as well as a local function and an object expression) can access its closure, which includes the variables declared in the outer scope. The variables captured in the closure can be modified in the lambda:\nvar sum \u003d 0\nints.filter { it \u0026gt; 0 }.forEach {\n    sum +\u003d it\n}\nprint(sum)\n","pageTitle":"Closures","metaDescription":"","type":"Documentation","breadcrumbs":"Concepts///Functions","root":0,"depth":2}