{"objectID":"_learning_materials_overview.html#","parent":"_learning_materials_overview.html#","pageViews":0,"url":"https://kotlinlang.org/docs/learning-materials-overview.html","mainTitle":"Learning materials overview","product":"","headings":"Learning materials overview","content":"You can use the following materials and resources for learning Kotlin:\n- Basic syntax – get a quick overview of the Kotlin syntax.\n- Idioms – learn how to write idiomatic Kotlin code for popular cases.\n- Java to Kotlin migration guide: Strings – learn how to perform typical tasks with strings in Java and Kotlin.\n- Java to Kotlin migration guide: Collections — learn how to perform typical tasks with collections in Java and Kotlin.\n- Java to Kotlin migration guide: Nullability — learn how to handle nullability in Java and Kotlin.\n- Kotlin Koans – complete exercises to learn the Kotlin syntax. Each exercise is created as a failing unit test and your job is to make it pass. Recommended for developers with Java experience.\n- Kotlin by example – review a set of small and simple annotated examples for the Kotlin syntax.\n- Kotlin Core track by JetBrains Academy – learn all the Kotlin essentials while creating working applications step by step.\n- Kotlin books – find books we\u0027ve reviewed and recommend for learning Kotlin.\n- Kotlin tips – watch short videos where the Kotlin team shows you how to use Kotlin in a more efficient and idiomatic way, so you can have more fun when writing code.\n- Advent of Code puzzles – learn idiomatic Kotlin and test your language skills by completing short and fun tasks.\n- Kotlin hands-on tutorials – complete long-form tutorials to fully grasp a technology. These tutorials guide you through a self-contained project related to a specific topic.\n- Kotlin for Java Developers – learn the similarities and differences between Java and Kotlin in this course on Coursera.\n- Kotlin documentation in PDF format – read our documentation offline.\n","pageTitle":"Learning materials overview","metaDescription":"","type":"Documentation","breadcrumbs":"Learning materials","root":0,"depth":1}