{"objectID":"_lets_plot.html#generate_the_2d_density_plot","parent":"_lets_plot.html#before_you_start","pageViews":0,"url":"https://kotlinlang.org/docs/lets-plot.html#generate-the-2d-density-plot","mainTitle":"Data visualization with Lets-Plot for Kotlin","product":"","headings":"Data visualization with Lets-Plot for Kotlin,Generate the 2D density plot","content":"Using the Map from the previous step, create a 2D density plot (geomDensity2D) with a scatter plot (geomPoint) in the background to better visualize the data points and outliers. You can use the scaleColorGradient() function to customize the scale of colors:\nval densityPlot \u003d letsPlot(data) { x \u003d \"x\"; y \u003d \"y\" } + ggsize(600, 300) + geomPoint(\n    color \u003d \"black\",\n    alpha \u003d .1\n) + geomDensity2D { color \u003d \"..level..\" } +\n        scaleColorGradient(low \u003d \"dark_green\", high \u003d \"yellow\", guide \u003d guideColorbar(barHeight \u003d 10, barWidth \u003d 300)) +\n        theme().legendPositionBottom()\ndensityPlot\nHere\u0027s the result:\n2D density plot ","pageTitle":"Generate the 2D density plot","metaDescription":"","type":"Documentation","breadcrumbs":"Tools","root":0,"depth":1}