{"objectID":"_lets_plot.html#prepare_the_data","parent":"_lets_plot.html#before_you_start","pageViews":0,"url":"https://kotlinlang.org/docs/lets-plot.html#prepare-the-data","mainTitle":"Data visualization with Lets-Plot for Kotlin","product":"","headings":"Data visualization with Lets-Plot for Kotlin,Prepare the data","content":"Let\u0027s create a DataFrame that stores simulated numbers of the monthly average temperature in three cities: Berlin, Madrid, and Caracas.\nUse the dataFrameOf() function from the Kotlin DataFrame library to generate the DataFrame. Paste and run the following code snippet in your Kotlin Notebook:\n// The months variable stores a list with 12 months of the year\nval months \u003d listOf(\n    \"January\", \"February\",\n    \"March\", \"April\", \"May\",\n    \"June\", \"July\", \"August\",\n    \"September\", \"October\", \"November\",\n    \"December\"\n)\n// The tempBerlin, tempMadrid, and tempCaracas variables store a list with temperature values for each month\nval tempBerlin \u003d\n    listOf(-0.5, 0.0, 4.8, 9.0, 14.3, 17.5, 19.2, 18.9, 14.5, 9.7, 4.7, 1.0)\nval tempMadrid \u003d\n    listOf(6.3, 7.9, 11.2, 12.9, 16.7, 21.1, 24.7, 24.2, 20.3, 15.4, 9.9, 6.6)\nval tempCaracas \u003d\n    listOf(27.5, 28.9, 29.6, 30.9, 31.7, 35.1, 33.8, 32.2, 31.3, 29.4, 28.9, 27.6)\n\n// The df variable stores a DataFrame of three columns, including monthly records, temperature, and cities\nval df \u003d dataFrameOf(\n    \"Month\" to months + months + months,\n    \"Temperature\" to tempBerlin + tempMadrid + tempCaracas,\n    \"City\" to List(12) { \"Berlin\" } + List(12) { \"Madrid\" } + List(12) { \"Caracas\" }\n)\ndf.head(4)\nYou can see that the DataFrame has three columns: Month, Temperature, and City. The first four rows of the DataFrame contain records of the temperature in Berlin from January to April:\nDataframe exploration To create a plot using the LPK library, you need to convert your data (df) into a Map type that stores the data in key-value pairs. You can easily convert a DataFrame into a Map using the .toMap() function:\nval data \u003d df.toMap()\n","pageTitle":"Prepare the data","metaDescription":"","type":"Documentation","breadcrumbs":"Tools","root":0,"depth":1}