{"objectID":"_lets_plot.html#create_a_box_plot","parent":"_lets_plot.html#before_you_start","pageViews":0,"url":"https://kotlinlang.org/docs/lets-plot.html#create-a-box-plot","mainTitle":"Data visualization with Lets-Plot for Kotlin","product":"","headings":"Data visualization with Lets-Plot for Kotlin,Create a box plot","content":"Let\u0027s visualize the data in a box plot. Use the geomBoxplot() function from the LPK library to generate the plot and customize colors with the scaleFillManual() function:\n// Specifies X and Y axes, categories, plot size, and plot type\nval boxPlot \u003d ggplot(data) { x \u003d \"City\"; y \u003d \"Temperature\" } + ggsize(700, 500) + geomBoxplot { fill \u003d \"City\" } +\n    // Customizes colors        \n    scaleFillManual(values \u003d listOf(\"light_yellow\", \"light_magenta\", \"light_green\"))\nboxPlot\nHere\u0027s the result:\nBox plot ","pageTitle":"Create a box plot","metaDescription":"","type":"Documentation","breadcrumbs":"Tools","root":0,"depth":1}