{"objectID":"_lets_plot.html#","parent":"_lets_plot.html#before_you_start","pageViews":0,"url":"https://kotlinlang.org/docs/lets-plot.html","mainTitle":"Data visualization with Lets-Plot for Kotlin","product":"","headings":"Data visualization with Lets-Plot for Kotlin","content":"Lets-Plot for Kotlin (LPK) is a multiplatform plotting library that ports the R\u0027s ggplot2 library to Kotlin. LPK brings the feature-rich ggplot2 API to the Kotlin ecosystem, making it suitable for scientists and statisticians who require sophisticated data visualization capabilities.\nLPK targets various platforms, including Kotlin notebooks, Kotlin/JS, JVM\u0027s Swing, JavaFX, and Compose Multiplatform. Additionally, LPK has seamless integration with IntelliJ, DataGrip, DataSpell, and PyCharm.\nLets-Plot This tutorial demonstrates how to create different plot types with the LPK and Kotlin DataFrame libraries using Kotlin Notebook in IntelliJ IDEA.\n","pageTitle":"Data visualization with Lets-Plot for Kotlin","metaDescription":"","type":"Documentation","breadcrumbs":"Tools","root":0,"depth":1}