{"objectID":"_list_operations.html#sort","parent":"_list_operations.html#retrieve_elements_by_index","pageViews":0,"url":"https://kotlinlang.org/docs/list-operations.html#sort","mainTitle":"List-specific operations","product":"","headings":"List-specific operations,Sort","content":"In Collection Ordering, we describe operations that retrieve collection elements in specific orders. For mutable lists, the standard library offers similar extension functions that perform the same ordering operations in place. When you apply such an operation to a list instance, it changes the order of elements in that exact instance.\nThe in-place sorting functions have similar names to the functions that apply to read-only lists, but without the ed/d suffix:\n- sort* instead of sorted* in the names of all sorting functions: sort(), sortDescending(), sortBy(), and so on.\n- shuffle() instead of shuffled().\n- reverse() instead of reversed().\nasReversed() called on a mutable list returns another mutable list which is a reversed view of the original list. Changes in that view are reflected in the original list. The following example shows sorting functions for mutable lists:\n\nfun main() {\n//sampleStart\n    val numbers \u003d mutableListOf(\"one\", \"two\", \"three\", \"four\")\n\n    numbers.sort()\n    println(\"Sort into ascending: $numbers\")\n    numbers.sortDescending()\n    println(\"Sort into descending: $numbers\")\n\n    numbers.sortBy { it.length }\n    println(\"Sort into ascending by length: $numbers\")\n    numbers.sortByDescending { it.last() }\n    println(\"Sort into descending by the last letter: $numbers\")\n    \n    numbers.sortWith(compareBy\u0026lt;String\u0026gt; { it.length }.thenBy { it })\n    println(\"Sort by Comparator: $numbers\")\n\n    numbers.shuffle()\n    println(\"Shuffle: $numbers\")\n\n    numbers.reverse()\n    println(\"Reverse: $numbers\")\n//sampleEnd\n}\n","pageTitle":"Sort","metaDescription":"","type":"Documentation","breadcrumbs":"Standard library///Collections","root":0,"depth":2}