{"objectID":"_list_operations.html#linear_search","parent":"_list_operations.html#retrieve_elements_by_index","pageViews":0,"url":"https://kotlinlang.org/docs/list-operations.html#linear-search","mainTitle":"List-specific operations","product":"","headings":"List-specific operations,Linear search","content":"In any lists, you can find the position of an element using the functions indexOf() and lastIndexOf(). They return the first and the last position of an element equal to the given argument in the list. If there are no such elements, both functions return -1.\n\nfun main() {\n//sampleStart\n    val numbers \u003d listOf(1, 2, 3, 4, 2, 5)\n    println(numbers.indexOf(2))\n    println(numbers.lastIndexOf(2))\n//sampleEnd\n}\nThere is also a pair of functions that take a predicate and search for elements matching it:\n- indexOfFirst() returns the index of the first element matching the predicate or -1 if there are no such elements.\n- indexOfLast() returns the index of the last element matching the predicate or -1 if there are no such elements.\n\nfun main() {\n//sampleStart\n    val numbers \u003d mutableListOf(1, 2, 3, 4)\n    println(numbers.indexOfFirst { it \u0026gt; 2})\n    println(numbers.indexOfLast { it % 2 \u003d\u003d 1})\n//sampleEnd\n}\n","pageTitle":"Linear search","metaDescription":"","type":"Documentation","breadcrumbs":"Standard library///Collections","root":0,"depth":2}