{"objectID":"_lombok.html#","parent":"_lombok.html#supported_annotations","pageViews":0,"url":"https://kotlinlang.org/docs/lombok.html","mainTitle":"Lombok compiler plugin","product":"","headings":"Lombok compiler plugin","content":"The Lombok compiler plugin is Experimental. It may be dropped or changed at any time. Use it only for evaluation purposes. We would appreciate your feedback on it in YouTrack.\nThe Kotlin Lombok compiler plugin allows the generation and use of Java\u0027s Lombok declarations by Kotlin code in the same mixed Java/Kotlin module. If you call such declarations from another module, then you don\u0027t need to use this plugin for the compilation of that module.\nThe Lombok compiler plugin cannot replace Lombok, but it helps Lombok work in mixed Java/Kotlin modules. Thus, you still need to configure Lombok as usual when using this plugin. Learn more about how to configure the Lombok compiler plugin.\n","pageTitle":"Lombok compiler plugin","metaDescription":"","type":"Documentation","breadcrumbs":"Compiler and plugins///Kotlin compiler plugins","root":0,"depth":2}