{"objectID":"_lombok.html#supported_annotations","parent":"_lombok.html#supported_annotations","pageViews":0,"url":"https://kotlinlang.org/docs/lombok.html#supported-annotations","mainTitle":"Lombok compiler plugin","product":"","headings":"Lombok compiler plugin,Supported annotations","content":"The plugin supports the following annotations:\n- @Getter, @Setter\n- @Builder, @SuperBuilder\n- @NoArgsConstructor, @RequiredArgsConstructor, and @AllArgsConstructor\n- @Data\n- @With\n- @Value\nWe\u0027re continuing to work on this plugin. To find out the detailed current state, visit the Lombok compiler plugin\u0027s README.\nCurrently, we don\u0027t have plans to support the @Tolerate annotation. However, we can consider this if you vote for the @Tolerate issue in YouTrack.\nKotlin compiler ignores Lombok annotations if you use them in Kotlin code.\n","pageTitle":"Supported annotations","metaDescription":"","type":"Documentation","breadcrumbs":"Compiler and plugins///Kotlin compiler plugins","root":0,"depth":2}