{"objectID":"_map_operations.html#remove_entries","parent":"_map_operations.html#retrieve_keys_and_values","pageViews":0,"url":"https://kotlinlang.org/docs/map-operations.html#remove-entries","mainTitle":"Map-specific operations","product":"","headings":"Map-specific operations,Remove entries","content":"To remove an entry from a mutable map, use the remove() function. When calling remove(), you can pass either a key or a whole key-value-pair. If you specify both the key and value, the element with this key will be removed only if its value matches the second argument.\n\nfun main() {\n//sampleStart\n    val numbersMap \u003d mutableMapOf(\"one\" to 1, \"two\" to 2, \"three\" to 3)\n    numbersMap.remove(\"one\")\n    println(numbersMap)\n    numbersMap.remove(\"three\", 4)            //doesn\u0027t remove anything\n    println(numbersMap)\n//sampleEnd\n}\nYou can also remove entries from a mutable map by their keys or values. To do this, call remove() on the map\u0027s keys or values providing the key or the value of an entry. When called on values, remove() removes only the first entry with the given value.\n\nfun main() {\n//sampleStart\n    val numbersMap \u003d mutableMapOf(\"one\" to 1, \"two\" to 2, \"three\" to 3, \"threeAgain\" to 3)\n    numbersMap.keys.remove(\"one\")\n    println(numbersMap)\n    numbersMap.values.remove(3)\n    println(numbersMap)\n//sampleEnd\n}\nThe minusAssign (-\u003d) operator is also available for mutable maps.\n\nfun main() {\n//sampleStart\n    val numbersMap \u003d mutableMapOf(\"one\" to 1, \"two\" to 2, \"three\" to 3)\n    numbersMap -\u003d \"two\"\n    println(numbersMap)\n    numbersMap -\u003d \"five\"             //doesn\u0027t remove anything\n    println(numbersMap)\n//sampleEnd\n}\n","pageTitle":"Remove entries","metaDescription":"","type":"Documentation","breadcrumbs":"Standard library///Collections","root":0,"depth":2}