{"objectID":"_map_operations.html#","parent":"_map_operations.html#retrieve_keys_and_values","pageViews":0,"url":"https://kotlinlang.org/docs/map-operations.html","mainTitle":"Map-specific operations","product":"","headings":"Map-specific operations","content":"In maps, types of both keys and values are user-defined. Key-based access to map entries enables various map-specific processing capabilities from getting a value by key to separate filtering of keys and values. On this page, we provide descriptions of the map processing functions from the standard library.\n","pageTitle":"Map-specific operations","metaDescription":"","type":"Documentation","breadcrumbs":"Standard library///Collections","root":0,"depth":2}