{"objectID":"_map_operations.html#filter","parent":"_map_operations.html#retrieve_keys_and_values","pageViews":0,"url":"https://kotlinlang.org/docs/map-operations.html#filter","mainTitle":"Map-specific operations","product":"","headings":"Map-specific operations,Filter","content":"You can filter maps with the filter() function as well as other collections. When calling filter() on a map, pass to it a predicate with a Pair as an argument. This enables you to use both the key and the value in the filtering predicate.\n\nfun main() {\n//sampleStart\n    val numbersMap \u003d mapOf(\"key1\" to 1, \"key2\" to 2, \"key3\" to 3, \"key11\" to 11)\n    val filteredMap \u003d numbersMap.filter { (key, value) -\u0026gt; key.endsWith(\"1\") \u0026\u0026 value \u0026gt; 10}\n    println(filteredMap)\n//sampleEnd\n}\nThere are also two specific ways for filtering maps: by keys and by values. For each way, there is a function: filterKeys() and filterValues(). Both return a new map of entries which match the given predicate. The predicate for filterKeys() checks only the element keys, the one for filterValues() checks only values.\n\nfun main() {\n//sampleStart\n    val numbersMap \u003d mapOf(\"key1\" to 1, \"key2\" to 2, \"key3\" to 3, \"key11\" to 11)\n    val filteredKeysMap \u003d numbersMap.filterKeys { it.endsWith(\"1\") }\n    val filteredValuesMap \u003d numbersMap.filterValues { it \u0026lt; 10 }\n\n    println(filteredKeysMap)\n    println(filteredValuesMap)\n//sampleEnd\n}\n","pageTitle":"Filter","metaDescription":"","type":"Documentation","breadcrumbs":"Standard library///Collections","root":0,"depth":2}