{"objectID":"_mapping_function_pointers_from_c.html#use_the_c_function_pointer_from_kotlin","parent":"_mapping_function_pointers_from_c.html#mapping_function_pointer_types_from_c","pageViews":0,"url":"https://kotlinlang.org/docs/mapping-function-pointers-from-c.html#use-the-c-function-pointer-from-kotlin","mainTitle":"Mapping function pointers from C – tutorial","product":"","headings":"Mapping function pointers from C – tutorial,Use the C function pointer from Kotlin","content":"The next step is to invoke a C function pointer returned from the supply_fun() call:\nimport interop.*\nimport kotlinx.cinterop.ExperimentalForeignApi\nimport kotlinx.cinterop.invoke\n\n@OptIn(ExperimentalForeignApi::class)\nfun myFun2() {\n    val functionFromC \u003d supply_fun() ?: error(\"No function is returned\")\n\n    functionFromC(42)\n}\nKotlin turns the function pointer return type into a nullable CPointer\u0026lt;CFunction\u0026lt;\u0026gt; object. You need to first explicitly check for null, which is why the Elvis operator is used in the code above. The cinterop tool allows you to call a C function pointer as a regular Kotlin function call: functionFromC(42).\n","pageTitle":"Use the C function pointer from Kotlin","metaDescription":"","type":"Documentation","breadcrumbs":"Platforms///Native///C interop","root":0,"depth":3}