{"objectID":"_mapping_struct_union_types_from_c.html#next_step","parent":"_mapping_struct_union_types_from_c.html#mapping_struct_and_union_c_types","pageViews":0,"url":"https://kotlinlang.org/docs/mapping-struct-union-types-from-c.html#next-step","mainTitle":"Mapping struct and union types from C – tutorial","product":"","headings":"Mapping struct and union types from C – tutorial,Next step","content":"In the next part of the series, you\u0027ll learn how function pointers are mapped between Kotlin and C:\nProceed to the next part\n","pageTitle":"Next step","metaDescription":"","type":"Documentation","breadcrumbs":"Platforms///Native///C interop","root":0,"depth":3}