{"objectID":"_mapping_strings_from_c.html#update_kotlin_code","parent":"_mapping_strings_from_c.html#working_with_c_strings","pageViews":0,"url":"https://kotlinlang.org/docs/mapping-strings-from-c.html#update-kotlin-code","mainTitle":"Mapping strings from C – tutorial","product":"","headings":"Mapping strings from C – tutorial,Update Kotlin code","content":"Now that you\u0027ve learned how to use C declarations in Kotlin code, try to use them in your project. The code in the final hello.kt file may look like this:\nimport interop.*\nimport kotlinx.cinterop.*\n\n@OptIn(ExperimentalForeignApi::class)\nfun main() {\n    println(\"Hello Kotlin/Native!\")\n\n    val str \u003d \"This is a Kotlin string\"\n    pass_string(str.cstr)\n\n    val useMe \u003d return_string()?.toKString() ?: error(\"null pointer returned\")\n    println(useMe)\n\n    val copyFromC \u003d ByteArray(255).usePinned { pinned -\u0026gt;\n        val useMe2 \u003d copy_string(pinned.addressOf(0), pinned.get().size - 1)\n        if (useMe2 !\u003d 0) throw Error(\"Failed to read a string from C\")\n        pinned.get().decodeToString()\n    }\n\n    println(copyFromC)\n}\nTo verify that everything works as expected, run the runDebugExecutableNative Gradle task in your IDE or use the following command to run the code:\n./gradlew runDebugExecutableNative\n","pageTitle":"Update Kotlin code","metaDescription":"","type":"Documentation","breadcrumbs":"Platforms///Native///C interop","root":0,"depth":3}