{"objectID":"_mapping_function_pointers_from_c.html#inspect_generated_kotlin_apis_for_a_c_library","parent":"_mapping_function_pointers_from_c.html#mapping_function_pointer_types_from_c","pageViews":0,"url":"https://kotlinlang.org/docs/mapping-function-pointers-from-c.html#inspect-generated-kotlin-apis-for-a-c-library","mainTitle":"Mapping function pointers from C – tutorial","product":"","headings":"Mapping function pointers from C – tutorial,Inspect generated Kotlin APIs for a C library","content":"Let\u0027s see how C function pointers are mapped into Kotlin/Native and update your project:\n2. In src/nativeMain/kotlin, update your hello.kt file from the previous tutorial with the following content:\nimport interop.*\nimport kotlinx.cinterop.ExperimentalForeignApi\n\n@OptIn(ExperimentalForeignApi::class)\nfun main() {\n    println(\"Hello Kotlin/Native!\")\n\n    accept_fun(/* fix me*/)\n    val useMe \u003d supply_fun()\n}\n4. Use IntelliJ IDEA\u0027s Go to declaration command (Cmd + B/Ctrl + B) to navigate to the following generated API for C functions:\nfun myFun(i: kotlin.Int): kotlin.Int\nfun accept_fun(f: kotlinx.cinterop.CPointer\u0026lt;kotlinx.cinterop.CFunction\u0026lt;(kotlin.Int) -\u0026gt; kotlin.Int\u0026gt;\u0026gt;? /* from: interop.MyFun? */)\nfun supply_fun(): kotlinx.cinterop.CPointer\u0026lt;kotlinx.cinterop.CFunction\u0026lt;(kotlin.Int) -\u0026gt; kotlin.Int\u0026gt;\u0026gt;? /* from: interop.MyFun? */\nAs you can see, C function pointers are represented in Kotlin using CPointer\u0026lt;CFunction\u0026lt;...\u0026gt;\u0026gt;. The accept_fun() function takes an optional function pointer as a parameter, while supply_fun() returns a function pointer.\nCFunction\u0026lt;(Int) -\u0026gt; Int\u0026gt; represents the function signature, and CPointer\u0026lt;CFunction\u0026lt;...\u0026gt;\u0026gt;? represents a nullable function pointer. There is an .invoke() operator extension function available for all CPointer\u0026lt;CFunction\u0026lt;...\u0026gt;\u0026gt; types, allowing you to call function pointers as if they were regular Kotlin functions.\n","pageTitle":"Inspect generated Kotlin APIs for a C library","metaDescription":"","type":"Documentation","breadcrumbs":"Platforms///Native///C interop","root":0,"depth":3}