{"objectID":"_mapping_strings_from_c.html#inspect_generated_kotlin_apis_for_a_c_library","parent":"_mapping_strings_from_c.html#working_with_c_strings","pageViews":0,"url":"https://kotlinlang.org/docs/mapping-strings-from-c.html#inspect-generated-kotlin-apis-for-a-c-library","mainTitle":"Mapping strings from C – tutorial","product":"","headings":"Mapping strings from C – tutorial,Inspect generated Kotlin APIs for a C library","content":"Let\u0027s see how C string declarations are mapped into Kotlin/Native:\n2. In src/nativeMain/kotlin, update your hello.kt file from the previous tutorial with the following content:\nimport interop.*\nimport kotlinx.cinterop.ExperimentalForeignApi\n\n@OptIn(ExperimentalForeignApi::class)\nfun main() {\n    println(\"Hello Kotlin/Native!\")\n\n    pass_string(/*fix me*/)\n    val useMe \u003d return_string()\n    val useMe2 \u003d copy_string(/*fix me*/)\n}\n4. Use IntelliJ IDEA\u0027s Go to declaration command (Cmd + B/Ctrl + B) to navigate to the following generated API for C functions:\nfun pass_string(str: kotlinx.cinterop.CValuesRef\u0026lt;kotlinx.cinterop.ByteVarOf\u0026lt;kotlin.Byte\u0026gt; /* from: kotlinx.cinterop.ByteVar */\u0026gt;?)\nfun return_string(): kotlinx.cinterop.CPointer\u0026lt;kotlinx.cinterop.ByteVarOf\u0026lt;kotlin.Byte\u0026gt; /* from: kotlinx.cinterop.ByteVar */\u0026gt;?\nfun copy_string(str: kotlinx.cinterop.CValuesRef\u0026lt;kotlinx.cinterop.ByteVarOf\u0026lt;kotlin.Byte\u0026gt; /* from: kotlinx.cinterop.ByteVar */\u0026gt;?, size: kotlin.Int): kotlin.Int\nThese declarations are straightforward. In Kotlin, C char * pointers are mapped into str: CValuesRef\u0026lt;ByteVarOf\u0026gt;? for parameters and into CPointer\u0026lt;ByteVarOf\u0026gt;? for return types. Kotlin represents the char type as kotlin.Byte, as it\u0027s usually an 8-bit signed value.\nIn the generated Kotlin declarations, str is defined as CValuesRef\u0026lt;ByteVarOf\u0026lt;Byte\u0026gt;\u0026gt;?. Since this type is nullable, you can pass null as the argument value.\n","pageTitle":"Inspect generated Kotlin APIs for a C library","metaDescription":"","type":"Documentation","breadcrumbs":"Platforms///Native///C interop","root":0,"depth":3}