{"objectID":"_mapping_primitive_data_types_from_c.html#create_a_c_library","parent":"_mapping_primitive_data_types_from_c.html#types_in_c_language","pageViews":0,"url":"https://kotlinlang.org/docs/mapping-primitive-data-types-from-c.html#create-a-c-library","mainTitle":"Mapping primitive data types from C – tutorial","product":"","headings":"Mapping primitive data types from C – tutorial,Create a C library","content":"In this tutorial, you won\u0027t create a lib.c source file, which is only necessary if you want to compile and run your C library. For this setup, you\u0027ll only need a .h header file that is required for running the cinterop tool.\nThe cinterop tool generates a Kotlin/Native library (a .klib file) for each set of .h files. The generated library helps bridge calls from Kotlin/Native to C. It includes Kotlin declarations that correspond to the definitions from the .h files.\nTo create a C library:\n2. Create an empty folder for your future project.\n4. Inside, create a lib.h file with the following content to see how C functions are mapped into Kotlin:\n#ifndef LIB2_H_INCLUDED\n#define LIB2_H_INCLUDED\n\nvoid ints(char c, short d, int e, long f);\nvoid uints(unsigned char c, unsigned short d, unsigned int e, unsigned long f);\nvoid doubles(float a, double b);\n\n#endif\nThe file doesn\u0027t have the extern \u0026quot;C\u0026quot; block, which is not needed for this example but may be necessary if you use C++ and overloaded functions. See this Stackoverflow thread for more details.\n6. Create the lib.def definition file with the following content:\nheaders \u003d lib.h\n8. It can be helpful to include macros or other C definitions in the code generated by the cinterop tool. This way, method bodies are also compiled and fully included in the binary. With this feature, you can create a runnable example without needing a C compiler.\nTo do that, add implementations to the C functions from the lib.h file to a new interop.def file after the --- separator:\n\n---\n\nvoid ints(char c, short d, int e, long f) { }\nvoid uints(unsigned char c, unsigned short d, unsigned int e, unsigned long f) { }\nvoid doubles(float a, double b) { }\nThe interop.def file provides everything necessary to compile, run, or open the application in an IDE.\n","pageTitle":"Create a C library","metaDescription":"","type":"Documentation","breadcrumbs":"Platforms///Native///C interop","root":0,"depth":3}