{"objectID":"_mapping_struct_union_types_from_c.html#","parent":"_mapping_struct_union_types_from_c.html#mapping_struct_and_union_c_types","pageViews":0,"url":"https://kotlinlang.org/docs/mapping-struct-union-types-from-c.html","mainTitle":"Mapping struct and union types from C – tutorial","product":"","headings":"Mapping struct and union types from C – tutorial","content":"This is the second part of the Mapping Kotlin and C tutorial series. Before proceeding, make sure you\u0027ve completed the previous step.\nFirst step Mapping primitive data types from C Second step Mapping struct and union types from C Third step Mapping function pointers Fourth step Mapping strings from C\n","pageTitle":"Mapping struct and union types from C – tutorial","metaDescription":"","type":"Documentation","breadcrumbs":"Platforms///Native///C interop","root":0,"depth":3}