{"objectID":"_mapping_function_pointers_from_c.html#pass_kotlin_function_as_a_c_function_pointer","parent":"_mapping_function_pointers_from_c.html#mapping_function_pointer_types_from_c","pageViews":0,"url":"https://kotlinlang.org/docs/mapping-function-pointers-from-c.html#pass-kotlin-function-as-a-c-function-pointer","mainTitle":"Mapping function pointers from C – tutorial","product":"","headings":"Mapping function pointers from C – tutorial,Pass Kotlin function as a C function pointer","content":"It\u0027s time to try using C functions from Kotlin code. Call the accept_fun() function and pass the C function pointer to a Kotlin lambda:\nimport interop.*\nimport kotlinx.cinterop.staticCFunction\nimport kotlinx.cinterop.ExperimentalForeignApi\n\n@OptIn(ExperimentalForeignApi::class)\nfun myFun() {\n    accept_fun(staticCFunction\u0026lt;Int, Int\u0026gt; { it + 1 })\n}\nThis call uses the staticCFunction {} helper function from Kotlin/Native to wrap a Kotlin lambda function into a C function pointer. It allows only unbound and non-capturing lambda functions. For example, it cannot capture a local variable from the function, only globally visible declarations.\nEnsure that the function doesn\u0027t throw any exceptions. Throwing exceptions from a staticCFunction {} causes non-deterministic side effects.\n","pageTitle":"Pass Kotlin function as a C function pointer","metaDescription":"","type":"Documentation","breadcrumbs":"Platforms///Native///C interop","root":0,"depth":3}