{"objectID":"_mapping_primitive_data_types_from_c.html#inspect_generated_kotlin_apis_for_a_c_library","parent":"_mapping_primitive_data_types_from_c.html#types_in_c_language","pageViews":0,"url":"https://kotlinlang.org/docs/mapping-primitive-data-types-from-c.html#inspect-generated-kotlin-apis-for-a-c-library","mainTitle":"Mapping primitive data types from C – tutorial","product":"","headings":"Mapping primitive data types from C – tutorial,Inspect generated Kotlin APIs for a C library","content":"Let\u0027s see how C primitive types are mapped into Kotlin/Native and update the example project accordingly.\nUse IntelliJ IDEA\u0027s Go to declaration command (Cmd + B/Ctrl + B) to navigate to the following generated API for C functions:\nfun ints(c: kotlin.Byte, d: kotlin.Short, e: kotlin.Int, f: kotlin.Long)\nfun uints(c: kotlin.UByte, d: kotlin.UShort, e: kotlin.UInt, f: kotlin.ULong)\nfun doubles(a: kotlin.Float, b: kotlin.Double)\nC types are mapped directly, except for the char type, which is mapped to kotlin.Byte as it\u0027s usually an 8-bit signed value:\nC Kotlin\nchar kotlin.Byte\nunsigned char kotlin.UByte\nshort kotlin.Short\nunsigned short kotlin.UShort\nint kotlin.Int\nunsigned int kotlin.UInt\nlong long kotlin.Long\nunsigned long long kotlin.ULong\nfloat kotlin.Float\ndouble kotlin.Double\n","pageTitle":"Inspect generated Kotlin APIs for a C library","metaDescription":"","type":"Documentation","breadcrumbs":"Platforms///Native///C interop","root":0,"depth":3}