{"objectID":"_mapping_primitive_data_types_from_c.html#","parent":"_mapping_primitive_data_types_from_c.html#types_in_c_language","pageViews":0,"url":"https://kotlinlang.org/docs/mapping-primitive-data-types-from-c.html","mainTitle":"Mapping primitive data types from C – tutorial","product":"","headings":"Mapping primitive data types from C – tutorial","content":"This is the first part of the Mapping Kotlin and C tutorial series.\nFirst step Mapping primitive data types from C Second step Mapping struct and union types from C Third step Mapping function pointers Fourth step Mapping strings from C\n","pageTitle":"Mapping primitive data types from C – tutorial","metaDescription":"","type":"Documentation","breadcrumbs":"Platforms///Native///C interop","root":0,"depth":3}