{"objectID":"_maven.html#compile_kotlin_and_java_sources","parent":"_maven.html#configure_and_enable_the_plugin","pageViews":0,"url":"https://kotlinlang.org/docs/maven.html#compile-kotlin-and-java-sources","mainTitle":"Maven","product":"","headings":"Maven,Compile Kotlin and Java sources","content":"To compile projects that include Kotlin and Java source code, invoke the Kotlin compiler before the Java compiler. In Maven terms it means that kotlin-maven-plugin should be run before maven-compiler-plugin using the following method, making sure that the kotlin plugin comes before the maven-compiler-plugin in your pom.xml file:\n\u0026lt;build\u0026gt;\n    \u0026lt;plugins\u0026gt;\n        \u0026lt;plugin\u0026gt;\n            \u0026lt;groupId\u0026gt;org.jetbrains.kotlin\u0026lt;/groupId\u0026gt;\n            \u0026lt;artifactId\u0026gt;kotlin-maven-plugin\u0026lt;/artifactId\u0026gt;\n            \u0026lt;version\u0026gt;${kotlin.version}\u0026lt;/version\u0026gt;\n            \u0026lt;extensions\u0026gt;true\u0026lt;/extensions\u0026gt; \u0026lt;!-- You can set this option \n            to automatically take information about lifecycles --\u0026gt;\n            \u0026lt;executions\u0026gt;\n                \u0026lt;execution\u0026gt;\n                    \u0026lt;id\u0026gt;compile\u0026lt;/id\u0026gt;\n                    \u0026lt;goals\u0026gt;\n                        \u0026lt;goal\u0026gt;compile\u0026lt;/goal\u0026gt; \u0026lt;!-- You can skip the \u0026lt;goals\u0026gt; element \n                        if you enable extensions for the plugin --\u0026gt;\n                    \u0026lt;/goals\u0026gt;\n                    \u0026lt;configuration\u0026gt;\n                        \u0026lt;sourceDirs\u0026gt;\n                            \u0026lt;sourceDir\u0026gt;${project.basedir}/src/main/kotlin\u0026lt;/sourceDir\u0026gt;\n                            \u0026lt;sourceDir\u0026gt;${project.basedir}/src/main/java\u0026lt;/sourceDir\u0026gt;\n                        \u0026lt;/sourceDirs\u0026gt;\n                    \u0026lt;/configuration\u0026gt;\n                \u0026lt;/execution\u0026gt;\n                \u0026lt;execution\u0026gt;\n                    \u0026lt;id\u0026gt;test-compile\u0026lt;/id\u0026gt;\n                    \u0026lt;goals\u0026gt; \n                        \u0026lt;goal\u0026gt;test-compile\u0026lt;/goal\u0026gt; \u0026lt;!-- You can skip the \u0026lt;goals\u0026gt; element \n                    if you enable extensions for the plugin --\u0026gt;\n                    \u0026lt;/goals\u0026gt;\n                    \u0026lt;configuration\u0026gt;\n                        \u0026lt;sourceDirs\u0026gt;\n                            \u0026lt;sourceDir\u0026gt;${project.basedir}/src/test/kotlin\u0026lt;/sourceDir\u0026gt;\n                            \u0026lt;sourceDir\u0026gt;${project.basedir}/src/test/java\u0026lt;/sourceDir\u0026gt;\n                        \u0026lt;/sourceDirs\u0026gt;\n                    \u0026lt;/configuration\u0026gt;\n                \u0026lt;/execution\u0026gt;\n            \u0026lt;/executions\u0026gt;\n        \u0026lt;/plugin\u0026gt;\n        \u0026lt;plugin\u0026gt;\n            \u0026lt;groupId\u0026gt;org.apache.maven.plugins\u0026lt;/groupId\u0026gt;\n            \u0026lt;artifactId\u0026gt;maven-compiler-plugin\u0026lt;/artifactId\u0026gt;\n            \u0026lt;version\u0026gt;3.5.1\u0026lt;/version\u0026gt;\n            \u0026lt;executions\u0026gt;\n                \u0026lt;!-- Replacing default-compile as it is treated specially by Maven --\u0026gt;\n                \u0026lt;execution\u0026gt;\n                    \u0026lt;id\u0026gt;default-compile\u0026lt;/id\u0026gt;\n                    \u0026lt;phase\u0026gt;none\u0026lt;/phase\u0026gt;\n                \u0026lt;/execution\u0026gt;\n                \u0026lt;!-- Replacing default-testCompile as it is treated specially by Maven --\u0026gt;\n                \u0026lt;execution\u0026gt;\n                    \u0026lt;id\u0026gt;default-testCompile\u0026lt;/id\u0026gt;\n                    \u0026lt;phase\u0026gt;none\u0026lt;/phase\u0026gt;\n                \u0026lt;/execution\u0026gt;\n                \u0026lt;execution\u0026gt;\n                    \u0026lt;id\u0026gt;java-compile\u0026lt;/id\u0026gt;\n                    \u0026lt;phase\u0026gt;compile\u0026lt;/phase\u0026gt;\n                    \u0026lt;goals\u0026gt;\n                        \u0026lt;goal\u0026gt;compile\u0026lt;/goal\u0026gt;\n                    \u0026lt;/goals\u0026gt;\n                \u0026lt;/execution\u0026gt;\n                \u0026lt;execution\u0026gt;\n                    \u0026lt;id\u0026gt;java-test-compile\u0026lt;/id\u0026gt;\n                    \u0026lt;phase\u0026gt;test-compile\u0026lt;/phase\u0026gt;\n                    \u0026lt;goals\u0026gt;\n                        \u0026lt;goal\u0026gt;testCompile\u0026lt;/goal\u0026gt;\n                    \u0026lt;/goals\u0026gt;\n                \u0026lt;/execution\u0026gt;\n            \u0026lt;/executions\u0026gt;\n        \u0026lt;/plugin\u0026gt;\n    \u0026lt;/plugins\u0026gt;\n\u0026lt;/build\u0026gt;\n","pageTitle":"Compile Kotlin and Java sources","metaDescription":"","type":"Documentation","breadcrumbs":"Tools///Build tools","root":0,"depth":2}