{"objectID":"_maven.html#declare_repositories","parent":"_maven.html#configure_and_enable_the_plugin","pageViews":0,"url":"https://kotlinlang.org/docs/maven.html#declare-repositories","mainTitle":"Maven","product":"","headings":"Maven,Declare repositories","content":"By default, the mavenCentral repository is available for all Maven projects. To access artifacts in other repositories, specify the ID and URL of each repository in the \u0026lt;repositories\u0026gt; element:\n\u0026lt;repositories\u0026gt;\n    \u0026lt;repository\u0026gt;\n        \u0026lt;id\u0026gt;spring-repo\u0026lt;/id\u0026gt;\n        \u0026lt;url\u0026gt;https://repo.spring.io/release\u0026lt;/url\u0026gt;\n    \u0026lt;/repository\u0026gt;\n\u0026lt;/repositories\u0026gt;\nIf you declare mavenLocal() as a repository in a Gradle project, you may experience problems when switching between Gradle and Maven projects. For more information, see Declare repositories.\n","pageTitle":"Declare repositories","metaDescription":"","type":"Documentation","breadcrumbs":"Tools///Build tools","root":0,"depth":2}