{"objectID":"_maven.html#compile_kotlin_only_source_code","parent":"_maven.html#configure_and_enable_the_plugin","pageViews":0,"url":"https://kotlinlang.org/docs/maven.html#compile-kotlin-only-source-code","mainTitle":"Maven","product":"","headings":"Maven,Compile Kotlin-only source code","content":"To compile source code, specify the source directories in the \u0026lt;build\u0026gt; tag:\n\u0026lt;build\u0026gt;\n    \u0026lt;sourceDirectory\u0026gt;${project.basedir}/src/main/kotlin\u0026lt;/sourceDirectory\u0026gt;\n    \u0026lt;testSourceDirectory\u0026gt;${project.basedir}/src/test/kotlin\u0026lt;/testSourceDirectory\u0026gt;\n\u0026lt;/build\u0026gt;\nThe Kotlin Maven Plugin needs to be referenced to compile the sources:\n\u0026lt;build\u0026gt;\n    \u0026lt;plugins\u0026gt;\n        \u0026lt;plugin\u0026gt;\n            \u0026lt;groupId\u0026gt;org.jetbrains.kotlin\u0026lt;/groupId\u0026gt;\n            \u0026lt;artifactId\u0026gt;kotlin-maven-plugin\u0026lt;/artifactId\u0026gt;\n            \u0026lt;version\u0026gt;${kotlin.version}\u0026lt;/version\u0026gt;\n\n            \u0026lt;executions\u0026gt;\n                \u0026lt;execution\u0026gt;\n                    \u0026lt;id\u0026gt;compile\u0026lt;/id\u0026gt;\n                    \u0026lt;goals\u0026gt;\n                        \u0026lt;goal\u0026gt;compile\u0026lt;/goal\u0026gt;\n                    \u0026lt;/goals\u0026gt;\n                \u0026lt;/execution\u0026gt;\n\n                \u0026lt;execution\u0026gt;\n                    \u0026lt;id\u0026gt;test-compile\u0026lt;/id\u0026gt;\n                    \u0026lt;goals\u0026gt;\n                        \u0026lt;goal\u0026gt;test-compile\u0026lt;/goal\u0026gt;\n                    \u0026lt;/goals\u0026gt;\n                \u0026lt;/execution\u0026gt;\n            \u0026lt;/executions\u0026gt;\n        \u0026lt;/plugin\u0026gt;\n    \u0026lt;/plugins\u0026gt;\n\u0026lt;/build\u0026gt;\nStarting from Kotlin 1.8.20, you can replace the whole \u0026lt;executions\u0026gt; element above with \u0026lt;extensions\u0026gt;true\u0026lt;/extensions\u0026gt;. Enabling extensions automatically adds the compile, test-compile, kapt, and test-kapt executions to your build, bound to their appropriate lifecycle phases. If you need to configure an execution, you need to specify its ID. You can find an example of this in the next section.\nIf several build plugins overwrite the default lifecycle and you have also enabled the extensions option, the last plugin in the \u0026lt;build\u0026gt; section has priority in terms of lifecycle settings. All earlier changes to lifecycle settings are ignored.\n","pageTitle":"Compile Kotlin-only source code","metaDescription":"","type":"Documentation","breadcrumbs":"Tools///Build tools","root":0,"depth":2}