{"objectID":"_metadata_jvm.html#read_and_parse_metadata","parent":"_metadata_jvm.html#add_the_library_to_your_project","pageViews":0,"url":"https://kotlinlang.org/docs/metadata-jvm.html#read-and-parse-metadata","mainTitle":"Kotlin Metadata JVM library","product":"","headings":"Kotlin Metadata JVM library,Read and parse metadata","content":"The kotlin-metadata-jvm library extracts structured information from compiled Kotlin .class files, such as class names, visibility, and signatures. You can use it in projects that need to analyze compiled Kotlin declarations. For example, the Binary Compatibility Validator (BCV) relies on kotlin-metadata-jvm to print public API declarations.\nYou can start exploring Kotlin class metadata by retrieving the @Metadata annotation from a compiled class using reflection:\nfun main() {\n    // Specifies the fully qualified name of the class\n    val clazz \u003d Class.forName(\"org.example.SampleClass\")\n\n    // Retrieves the @Metadata annotation\n    val metadata \u003d clazz.getAnnotation(Metadata::class.java)\n\n    // Checks if the metadata is present\n    if (metadata !\u003d null) {\n        println(\"This is a Kotlin class with metadata.\")\n    } else {\n        println(\"This is not a Kotlin class.\")\n    }\n}\nAfter retrieving the @Metadata annotation, use either the readLenient() or the readStrict() function from the KotlinClassMetadata API to parse it. These functions extract detailed information about classes or files, while addressing different compatibility requirements:\n- readLenient(): Use this function to read metadata, including metadata generated by newer Kotlin compiler versions. This function doesn\u0027t support modifying or writing metadata.\n- readStrict(): Use this function when you need to modify and write metadata. The readStrict() function only works with metadata generated by Kotlin compiler versions fully supported by your project.\nThe readStrict() function supports metadata formats up to one version beyond JvmMetadataVersion.LATEST_STABLE_SUPPORTED, which corresponds to the latest Kotlin version used in the project. For example, if your project depends on kotlin-metadata-jvm:2.1.0, readStrict() can process metadata up to Kotlin 2.2.x; otherwise, it throws an error to prevent mishandling unknown formats.\nFor more information, see the Kotlin Metadata GitHub repository.\nWhen parsing metadata, the KotlinClassMetadata instance provides structured information about class or file-level declarations. For classes, use the kmClass property to analyze detailed class-level metadata, such as the class name, functions, properties, and attributes like visibility. For file-level declarations, the metadata is represented by the kmPackage property, which includes top-level functions and properties from file facades generated by the Kotlin compiler.\nThe following code example demonstrates how to use readLenient() to parse metadata, analyze class-level details with kmClass, and retrieve file-level declarations with kmPackage:\n// Imports the necessary libraries\nimport kotlin.metadata.jvm.*\nimport kotlin.metadata.*\n\nfun main() {\n    // Specifies the fully qualified class name\n    val className \u003d \"org.example.SampleClass\"\n\n    try {\n        // Retrieves the class object for the specified name\n        val clazz \u003d Class.forName(className)\n\n        // Retrieves the @Metadata annotation\n        val metadataAnnotation \u003d clazz.getAnnotation(Metadata::class.java)\n        if (metadataAnnotation !\u003d null) {\n            println(\"Kotlin Metadata found for class: $className\")\n\n            // Parses metadata using the readLenient() function\n            val metadata \u003d KotlinClassMetadata.readLenient(metadataAnnotation)\n            when (metadata) {\n                is KotlinClassMetadata.Class -\u0026gt; {\n                    val kmClass \u003d metadata.kmClass\n                    println(\"Class name: ${kmClass.name}\")\n\n                    // Iterates over functions and checks visibility\n                    kmClass.functions.forEach { function -\u0026gt;\n                        val visibility \u003d function.visibility\n                        println(\"Function: ${function.name}, Visibility: $visibility\")\n                    }\n                }\n                is KotlinClassMetadata.FileFacade -\u0026gt; {\n                    val kmPackage \u003d metadata.kmPackage\n\n                    // Iterates over functions and checks visibility\n                    kmPackage.functions.forEach { function -\u0026gt;\n                        val visibility \u003d function.visibility\n                        println(\"Function: ${function.name}, Visibility: $visibility\")\n                    }\n                }\n                else -\u0026gt; {\n                    println(\"Unsupported metadata type: $metadata\")\n                }\n            }\n        } else {\n            println(\"No Kotlin Metadata found for class: $className\")\n        }\n    } catch (e: ClassNotFoundException) {\n        println(\"Class not found: $className\")\n    } catch (e: Exception) {\n        println(\"Error processing metadata: ${e.message}\")\n        e.printStackTrace()\n    }\n}\n","pageTitle":"Read and parse metadata","metaDescription":"","type":"Documentation","breadcrumbs":"Official libraries","root":0,"depth":1}