{"objectID":"_metadata_jvm.html#write_and_read_annotations_in_metadata","parent":"_metadata_jvm.html#add_the_library_to_your_project","pageViews":0,"url":"https://kotlinlang.org/docs/metadata-jvm.html#write-and-read-annotations-in-metadata","mainTitle":"Kotlin Metadata JVM library","product":"","headings":"Kotlin Metadata JVM library,Write and read annotations in metadata","content":"You can store annotations in Kotlin metadata and access them using the kotlin-metadata-jvm library. This removes the need to match annotations by signature, making access more reliable for overloaded declarations.\nTo make annotations available in the metadata of your compiled files, add the following compiler option:\n-Xannotations-in-metadata\nAlternatively, add it to the compilerOptions {} block of your Gradle build file:\n// build.gradle.kts\nkotlin {\n    compilerOptions {\n        freeCompilerArgs.add(\"-Xannotations-in-metadata\")\n    }\n}\nWhen you enable this option, the Kotlin compiler writes annotations into metadata alongside the JVM bytecode, making them accessible to the kotlin-metadata-jvm library.\nThe library provides the following APIs for accessing annotations:\n- KmClass.annotations\n- KmFunction.annotations\n- KmProperty.annotations\n- KmConstructor.annotations\n- KmPropertyAccessorAttributes.annotations\n- KmValueParameter.annotations\n- KmFunction.extensionReceiverAnnotations\n- KmProperty.extensionReceiverAnnotations\n- KmProperty.backingFieldAnnotations\n- KmProperty.delegateFieldAnnotations\n- KmEnumEntry.annotations\nThese APIs are Experimental. To opt in, use the @OptIn(ExperimentalAnnotationsInMetadata::class) annotation.\nHere\u0027s an example of reading annotations from Kotlin metadata:\n@file:OptIn(ExperimentalAnnotationsInMetadata::class)\n\nimport kotlin.metadata.ExperimentalAnnotationsInMetadata\nimport kotlin.metadata.jvm.KotlinClassMetadata\n\nannotation class Label(val value: String)\n\n@Label(\"Message class\")\nclass Message\n\nfun main() {\n    val metadata \u003d Message::class.java.getAnnotation(Metadata::class.java)\n    val kmClass \u003d (KotlinClassMetadata.readStrict(metadata) as KotlinClassMetadata.Class).kmClass\n    println(kmClass.annotations)\n    // [@Label(value \u003d StringValue(\"Message class\"))]\n}\nIf you use the kotlin-metadata-jvm library in your projects, we recommend updating and testing your code to support annotations. Otherwise, when annotations in metadata become enabled by default in a future Kotlin version, your projects may produce invalid or incomplete metadata.\nIf you experience any problems, please report them in our issue tracker.\n","pageTitle":"Write and read annotations in metadata","metaDescription":"","type":"Documentation","breadcrumbs":"Official libraries","root":0,"depth":1}