{"objectID":"_mixing_java_kotlin_intellij.html#","parent":"_mixing_java_kotlin_intellij.html#adding_java_source_code_to_an_existing_kotlin_project","pageViews":0,"url":"https://kotlinlang.org/docs/mixing-java-kotlin-intellij.html","mainTitle":"Mixing Java and Kotlin in one project – tutorial","product":"","headings":"Mixing Java and Kotlin in one project – tutorial","content":"Kotlin provides the first-class interoperability with Java, and modern IDEs make it even better. In this tutorial, you\u0027ll learn how to use both Kotlin and Java sources in the same project in IntelliJ IDEA. To learn how to start a new Kotlin project in IntelliJ IDEA, see Getting started with IntelliJ IDEA.\n","pageTitle":"Mixing Java and Kotlin in one project – tutorial","metaDescription":"","type":"Documentation","breadcrumbs":"Platforms///JVM","root":0,"depth":2}