{"objectID":"_mixing_java_kotlin_intellij.html#adding_java_source_code_to_an_existing_kotlin_project","parent":"_mixing_java_kotlin_intellij.html#adding_java_source_code_to_an_existing_kotlin_project","pageViews":0,"url":"https://kotlinlang.org/docs/mixing-java-kotlin-intellij.html#adding-java-source-code-to-an-existing-kotlin-project","mainTitle":"Mixing Java and Kotlin in one project – tutorial","product":"","headings":"Mixing Java and Kotlin in one project – tutorial,Adding Java source code to an existing Kotlin project","content":"Adding Java classes to a Kotlin project is pretty straightforward. All you need to do is create a new Java file. Select a directory or a package inside your project and go to File | New | Java Class or use the Alt + Insert/Cmd + N shortcut.\nAdd new Java class If you already have the Java classes, you can just copy them to the project directories.\nYou can now consume the Java class from Kotlin or vice versa without any further actions.\nFor example, adding the following Java class:\npublic class Customer {\n\n    private String name;\n\n    public Customer(String s){\n        name \u003d s;\n    }\n\n    public String getName() {\n        return name;\n    }\n\n    public void setName(String name) {\n        this.name \u003d name;\n    }\n    \n    public void placeOrder() {\n        System.out.println(\"A new order is placed by \" + name);\n    }\n}\nlets you call it from Kotlin like any other type in Kotlin.\nval customer \u003d Customer(\"Phase\")\nprintln(customer.name)\nprintln(customer.placeOrder())\n","pageTitle":"Adding Java source code to an existing Kotlin project","metaDescription":"","type":"Documentation","breadcrumbs":"Platforms///JVM","root":0,"depth":2}