{"objectID":"_mixing_java_kotlin_intellij.html#converting_an_existing_java_file_to_kotlin_with_j2k","parent":"_mixing_java_kotlin_intellij.html#adding_java_source_code_to_an_existing_kotlin_project","pageViews":0,"url":"https://kotlinlang.org/docs/mixing-java-kotlin-intellij.html#converting-an-existing-java-file-to-kotlin-with-j2k","mainTitle":"Mixing Java and Kotlin in one project – tutorial","product":"","headings":"Mixing Java and Kotlin in one project – tutorial,Converting an existing Java file to Kotlin with J2K","content":"The Kotlin plugin also bundles a Java to Kotlin converter (J2K) that automatically converts Java files to Kotlin. To use J2K on a file, click Convert Java File to Kotlin File in its context menu or in the Code menu of IntelliJ IDEA.\nConvert Java to Kotlin While the converter is not fool-proof, it does a pretty decent job of converting most boilerplate code from Java to Kotlin. Some manual tweaking however is sometimes required.\n","pageTitle":"Converting an existing Java file to Kotlin with J2K","metaDescription":"","type":"Documentation","breadcrumbs":"Platforms///JVM","root":0,"depth":2}