{"objectID":"_native_improving_compilation_time.html#build_only_for_necessary_targets","parent":"_native_improving_compilation_time.html#general_recommendations","pageViews":0,"url":"https://kotlinlang.org/docs/native-improving-compilation-time.html#build-only-for-necessary-targets","mainTitle":"Tips for improving compilation time","product":"","headings":"Tips for improving compilation time,Build only for necessary targets","content":"Similarly to the recommendation above, don\u0027t build a binary for all native platforms at once. For example, compiling an XCFramework (using an *XCFramework task) builds the same code for all targets, which takes proportionally more time than building for a single target.\nIf you do need XCFrameworks for your setup, you can reduce the number of targets. For example, you don\u0027t need iosX64 if you don\u0027t run this project on iOS simulators on Intel-based Macs.\nBinaries for different targets are built with linkDebug*$Target and linkRelease*$Target Gradle tasks. You can look for the executed tasks in the build log or in the Gradle build scan by running a Gradle build with the --scan option.\n","pageTitle":"Build only for necessary targets","metaDescription":"","type":"Documentation","breadcrumbs":"Platforms///Native///Reference and tips","root":0,"depth":3}