{"objectID":"_native_c_interop_stability.html#xcode_version_is_newer_than_recommended","parent":"_native_c_interop_stability.html#platform_libraries","pageViews":0,"url":"https://kotlinlang.org/docs/native-c-interop-stability.html#xcode-version-is-newer-than-recommended","mainTitle":"Stability of C and Objective-C library import","product":"","headings":"Stability of C and Objective-C library import,Xcode version is newer than recommended","content":"Using an Xcode version newer than recommended might break some Kotlin features. Importing third-party native libraries is most affected by this . It often doesn\u0027t work at all with an unsupported version of Xcode.\n","pageTitle":"Xcode version is newer than recommended","metaDescription":"","type":"Documentation","breadcrumbs":"Platforms///Native","root":0,"depth":2}