{"objectID":"_native_objc_interop.html#","parent":"_native_objc_interop.html#importing_swift_objective_c_libraries_to_kotlin","pageViews":0,"url":"https://kotlinlang.org/docs/native-objc-interop.html","mainTitle":"Interoperability with Swift/Objective-C","product":"","headings":"Interoperability with Swift/Objective-C","content":"The Objective-C libraries import is in Beta. All Kotlin declarations generated by the cinterop tool from Objective-C libraries should have the @ExperimentalForeignApi annotation.\nNative platform libraries shipped with Kotlin/Native (like Foundation, UIKit, and POSIX) require opt-in only for some APIs.\nKotlin/Native provides indirect interoperability with Swift through Objective-C. This document covers how you can use Kotlin declarations in Swift/Objective-C code and Objective-C declarations in Kotlin code.\nSome other resources you might find useful:\n- The Kotlin-Swift interopedia, a collection of examples on how to use Kotlin declarations in Swift code.\n- The Integration with Swift/Objective-C ARC section, covering the details of integration between Kotlin\u0027s tracing GC and Objective-C\u0027s ARC.\n","pageTitle":"Interoperability with Swift/Objective-C","metaDescription":"","type":"Documentation","breadcrumbs":"Platforms///Native///Objective-C interop","root":0,"depth":3}