{"objectID":"_native_libraries.html#cinterop_tool_specifics","parent":"_native_libraries.html#kotlin_compiler_specifics","pageViews":0,"url":"https://kotlinlang.org/docs/native-libraries.html#cinterop-tool-specifics","mainTitle":"Kotlin/Native libraries","product":"","headings":"Kotlin/Native libraries,cinterop tool specifics","content":"The cinterop tool produces .klib wrappers for native libraries as its main output. For example, using the simple libgit2.def native library definition file provided in your Kotlin/Native distribution\n$ cinterop -def samples/gitchurn/src/nativeInterop/cinterop/libgit2.def -compiler-option -I/usr/local/include -o libgit2\nwe will obtain libgit2.klib.\nSee more details in C Interop.\n","pageTitle":"cinterop tool specifics","metaDescription":"","type":"Documentation","breadcrumbs":"Platforms///Native","root":0,"depth":2}