{"objectID":"_native_ios_symbolication.html#make_frameworks_static_when_using_rebuild_from_bitcode","parent":"_native_ios_symbolication.html#producing_dsym_for_release_kotlin_binaries","pageViews":0,"url":"https://kotlinlang.org/docs/native-ios-symbolication.html#make-frameworks-static-when-using-rebuild-from-bitcode","mainTitle":"Symbolicating iOS crash reports","product":"","headings":"Symbolicating iOS crash reports,Make frameworks static when using rebuild from bitcode","content":"Rebuilding Kotlin-produced framework from bitcode invalidates the original .dSYM. If it is performed locally, make sure the updated .dSYM is used when symbolicating crash reports.\nIf rebuilding is performed on App Store side, then .dSYM of rebuilt dynamic framework seems discarded and not downloadable from App Store Connect. In this case, it may be required to make the framework static.\n\u003cb\u003eKotlin\u003c/b\u003e kotlin {\n    targets.withType\u0026lt;org.jetbrains.kotlin.gradle.plugin.mpp.KotlinNativeTarget\u0026gt; {\n        binaries.withType\u0026lt;org.jetbrains.kotlin.gradle.plugin.mpp.Framework\u0026gt; {\n            isStatic \u003d true\n        }\n    }\n}\n\u003cb\u003eGroovy\u003c/b\u003e kotlin {\n    targets.withType(org.jetbrains.kotlin.gradle.plugin.mpp.KotlinNativeTarget) {\n        binaries.withType(org.jetbrains.kotlin.gradle.plugin.mpp.Framework) {\n            isStatic \u003d true\n        }\n    }\n}\n","pageTitle":"Make frameworks static when using rebuild from bitcode","metaDescription":"","type":"Documentation","breadcrumbs":"Platforms///Native","root":0,"depth":2}