{"objectID":"_native_objc_interop.html#to_disable","parent":"_native_objc_interop.html#importing_swift_objective_c_libraries_to_kotlin","pageViews":0,"url":"https://kotlinlang.org/docs/native-objc-interop.html#to-disable","mainTitle":"Interoperability with Swift/Objective-C","product":"","headings":"Interoperability with Swift/Objective-C,To disable","content":"To have the framework header written without generics, add the following compiler option in your build file:\nbinaries.framework {\n    freeCompilerArgs +\u003d \"-Xno-objc-generics\"\n}\n","pageTitle":"To disable","metaDescription":"","type":"Documentation","breadcrumbs":"Platforms///Native///Objective-C interop","root":0,"depth":3}