{"objectID":"_native_overview.html#memory_manager","parent":"_native_overview.html#why_kotlin_native","pageViews":0,"url":"https://kotlinlang.org/docs/native-overview.html#memory-manager","mainTitle":"Kotlin/Native","product":"","headings":"Kotlin/Native,Memory manager","content":"Kotlin/Native uses an automatic memory manager that is similar to the JVM and Go. It has its own tracing garbage collector, which is also integrated with Swift/Objective-C\u0027s ARC.\nThe memory consumption is controlled by a custom memory allocator. It optimizes memory usage and helps prevent sudden surges in memory allocation.\n","pageTitle":"Memory manager","metaDescription":"","type":"Documentation","breadcrumbs":"Kotlin overview","root":0,"depth":1}