{"objectID":"_native_objc_interop.html#initializers","parent":"_native_objc_interop.html#importing_swift_objective_c_libraries_to_kotlin","pageViews":0,"url":"https://kotlinlang.org/docs/native-objc-interop.html#initializers","mainTitle":"Interoperability with Swift/Objective-C","product":"","headings":"Interoperability with Swift/Objective-C,Initializers","content":"A Swift/Objective-C initializer is imported to Kotlin as constructors or as factory methods named create. The latter happens with initializers declared in the Objective-C category or as a Swift extension, because Kotlin has no concept of extension constructors.\nBefore importing Swift initializers to Kotlin, don\u0027t forget to annotate them with @objc.\nKotlin constructors are imported as initializers to Swift/Objective-C.\n","pageTitle":"Initializers","metaDescription":"","type":"Documentation","breadcrumbs":"Platforms///Native///Objective-C interop","root":0,"depth":3}