{"objectID":"_native_objc_interop.html#use_refining_in_swift","parent":"_native_objc_interop.html#importing_swift_objective_c_libraries_to_kotlin","pageViews":0,"url":"https://kotlinlang.org/docs/native-objc-interop.html#use-refining-in-swift","mainTitle":"Interoperability with Swift/Objective-C","product":"","headings":"Interoperability with Swift/Objective-C,Use refining in Swift","content":"The @ShouldRefineInSwift annotation is Experimental and requires opt-in.\n@ShouldRefineInSwift helps to replace a Kotlin declaration with a wrapper written in Swift. The annotation marks a function or property as swift_private in the generated Objective-C API. Such declarations get the __ prefix, which makes them invisible from Swift.\nYou can still use these declarations in your Swift code to create a Swift-friendly API, but they won\u0027t be suggested in the Xcode autocomplete.\n- For more information on refining Objective-C declarations in Swift, see the official Apple documentation.\n- For an example on how to use the @ShouldRefineInSwift annotation, see the Kotlin-Swift interopedia.\n","pageTitle":"Use refining in Swift","metaDescription":"","type":"Documentation","breadcrumbs":"Platforms///Native///Objective-C interop","root":0,"depth":3}