{"objectID":"_native_dynamic_libraries.html#what_s_next","parent":"_native_dynamic_libraries.html#create_a_kotlin_library","pageViews":0,"url":"https://kotlinlang.org/docs/native-dynamic-libraries.html#what-s-next","mainTitle":"Kotlin/Native as a dynamic library – tutorial","product":"","headings":"Kotlin/Native as a dynamic library – tutorial,What\u0027s next","content":"- Learn more about interoperability with Swift/Objective-C\n- Check out the Kotlin/Native as an Apple framework tutorial\n","pageTitle":"What\u0027s next","metaDescription":"","type":"Documentation","breadcrumbs":"Platforms///Native///C interop","root":0,"depth":3}