{"objectID":"_native_overview.html#why_kotlin_native","parent":"_native_overview.html#why_kotlin_native","pageViews":0,"url":"https://kotlinlang.org/docs/native-overview.html#why-kotlin-native","mainTitle":"Kotlin/Native","product":"","headings":"Kotlin/Native,Why Kotlin/Native?","content":"Kotlin/Native is primarily designed to allow compilation for platforms on which virtual machines are not desirable or possible, such as embedded devices or iOS. It\u0027s ideal for situations when you need to to produce a self-contained program that doesn\u0027t require an additional runtime or a virtual machine.\nIt\u0027s easy to include compiled Kotlin code in existing projects written in C, C++, Swift, Objective-C, and other languages. You can also use existing native code, static or dynamic C libraries, Swift/Objective-C frameworks, graphical engines, and anything else directly from Kotlin/Native.\nGet started with Kotlin/Native\n","pageTitle":"Why Kotlin/Native?","metaDescription":"","type":"Documentation","breadcrumbs":"Kotlin overview","root":0,"depth":1}