{"objectID":"_native_arc_integration.html#retain_cycles","parent":"_native_arc_integration.html#threads","pageViews":0,"url":"https://kotlinlang.org/docs/native-arc-integration.html#retain-cycles","mainTitle":"Integration with Swift/Objective-C ARC","product":"","headings":"Integration with Swift/Objective-C ARC,Retain cycles","content":"In a retain cycle, a number of objects refer each other using strong references cyclically:\ngraph TD\n    A --\u0026gt; B\n    B --\u0026gt; C\n    C --\u0026gt; A\nKotlin\u0027s tracing GC and Objective-C\u0027s ARC handle retain cycles differently. When objects become unreachable, Kotlin\u0027s GC can properly reclaim such cycles, while Objective-C\u0027s ARC cannot. Therefore, retain cycles of Kotlin objects can be reclaimed, while retain cycles of Swift/Objective-C objects cannot.\nConsider the case when a retain cycle contains both Objective-C and Kotlin objects:\ngraph TD\n    Kotlin.A --\u0026gt; ObjC.B\n    ObjC.B --\u0026gt; Kotlin.A\nThis involves combining Kotlin\u0027s and Objective-C\u0027s memory management models that cannot handle (reclaim) retain cycles together. That means if at least one Objective-C object is present, the retain cycle of a whole graph of objects cannot be reclaimed, and it\u0027s impossible to break the cycle from the Kotlin side.\nUnfortunately, no special instruments are currently available to automatically detect retain cycles in Kotlin/Native code. To avoid retain cycles, use weak or unowned references.\n","pageTitle":"Retain cycles","metaDescription":"","type":"Documentation","breadcrumbs":"Platforms///Native///Memory manager","root":0,"depth":3}