{"objectID":"_native_c_interop.html#scope_local_pointers","parent":"_native_c_interop.html#setting_up_your_project","pageViews":0,"url":"https://kotlinlang.org/docs/native-c-interop.html#scope-local-pointers","mainTitle":"Interoperability with C","product":"","headings":"Interoperability with C,Scope-local pointers","content":"It\u0027s possible to create a scope-stable pointer of C representation for the CValues\u0026lt;T\u0026gt; instance using the CValues\u0026lt;T\u0026gt;.ptr extension property, available under memScoped {}. It allows using APIs that require C pointers with a lifetime bound to a certain MemScope. For example:\nimport kotlinx.cinterop.*\n\n@OptIn(kotlinx.cinterop.ExperimentalForeignApi::class)\nmemScoped {\n    items \u003d arrayOfNulls\u0026lt;CPointer\u0026lt;ITEM\u0026gt;?\u0026gt;(6)\n    arrayOf(\"one\", \"two\").forEachIndexed { index, value -\u0026gt; items[index] \u003d value.cstr.ptr }\n    menu \u003d new_menu(\"Menu\".cstr.ptr, items.toCValues().ptr)\n    // ...\n}\nIn this example, all values passed to the C API new_menu() have a lifetime of the innermost memScope it belongs to. Once the control flow leaves the memScoped scope, C pointers become invalid.\n","pageTitle":"Scope-local pointers","metaDescription":"","type":"Documentation","breadcrumbs":"Platforms///Native///C interop","root":0,"depth":3}