{"objectID":"_native_target_support.html#tier_1","parent":"_native_target_support.html#tier_1","pageViews":0,"url":"https://kotlinlang.org/docs/native-target-support.html#tier-1","mainTitle":"Kotlin/Native target support","product":"","headings":"Kotlin/Native target support,Tier 1","content":"- The target is regularly tested on CI to be able to compile and run.\n- We provide a source and binary compatibility between compiler releases.\nGradle target name Target triple Running tests Description\nApple macOS hosts only:\nmacosX64 x86_64-apple-macos ✅ Apple macOS on x86_64 platforms\nmacosArm64 aarch64-apple-macos ✅ Apple macOS on Apple Silicon platforms\niosSimulatorArm64 aarch64-apple-ios-simulator ✅ Apple iOS simulator on Apple Silicon platforms\niosX64 x86_64-apple-ios-simulator ✅ Apple iOS simulator on x86-64 platforms\niosArm64 aarch64-apple-ios Apple iOS and iPadOS on ARM64 platforms\n","pageTitle":"Tier 1","metaDescription":"","type":"Documentation","breadcrumbs":"Platforms///Native///Reference and tips","root":0,"depth":3}