{"objectID":"_native_improving_compilation_time.html#avoid_creating_huge_classes","parent":"_native_improving_compilation_time.html#general_recommendations","pageViews":0,"url":"https://kotlinlang.org/docs/native-improving-compilation-time.html#avoid-creating-huge-classes","mainTitle":"Tips for improving compilation time","product":"","headings":"Tips for improving compilation time,Avoid creating huge classes","content":"Try to avoid huge classes that take a long time to compile and load during execution.\n","pageTitle":"Avoid creating huge classes","metaDescription":"","type":"Documentation","breadcrumbs":"Platforms///Native///Reference and tips","root":0,"depth":3}