{"objectID":"_native_overview.html#interoperability_with_c","parent":"_native_overview.html#why_kotlin_native","pageViews":0,"url":"https://kotlinlang.org/docs/native-overview.html#interoperability-with-c","mainTitle":"Kotlin/Native","product":"","headings":"Kotlin/Native,Interoperability with C","content":"Kotlin/Native provides interoperability with C. You can use existing C libraries directly from Kotlin code.\nTo learn more, complete the following tutorials:\n- Create a dynamic library with C headers for C/C++ projects\n- Learn how C types are mapped into Kotlin\n- Create a native HTTP client using C interop and libcurl\n","pageTitle":"Interoperability with C","metaDescription":"","type":"Documentation","breadcrumbs":"Kotlin overview","root":0,"depth":1}