{"objectID":"_native_faq.html#how_do_i_create_a_shared_library","parent":"_native_faq.html#how_do_i_run_my_program","pageViews":0,"url":"https://kotlinlang.org/docs/native-faq.html#how-do-i-create-a-shared-library","mainTitle":"Kotlin/Native FAQ","product":"","headings":"Kotlin/Native FAQ,How do I create a shared library?","content":"Use the -produce dynamic compiler option or binaries.sharedLib() in your Gradle build file:\nkotlin {\n    iosArm64(\"mylib\") {\n        binaries.sharedLib()\n    }\n}\nIt produces a platform-specific shared object (.so on Linux, .dylib on macOS, and .dll on Windows targets) and a C language header, allowing the use of all public APIs available in your Kotlin/Native program from C/C++ code.\nComplete the Kotlin/Native as a dynamic library tutorial\n","pageTitle":"How do I create a shared library?","metaDescription":"","type":"Documentation","breadcrumbs":"Platforms///Native///Reference and tips","root":0,"depth":3}