{"objectID":"_native_objc_interop.html#suspending_functions","parent":"_native_objc_interop.html#importing_swift_objective_c_libraries_to_kotlin","pageViews":0,"url":"https://kotlinlang.org/docs/native-objc-interop.html#suspending-functions","mainTitle":"Interoperability with Swift/Objective-C","product":"","headings":"Interoperability with Swift/Objective-C,Suspending functions","content":"Support for calling suspend functions from Swift code as async is Experimental. It may be dropped or changed at any time. Use it only for evaluation purposes. We would appreciate your feedback on it in YouTrack.\nKotlin\u0027s suspending functions (suspend) are presented in the generated Objective-C headers as functions with callbacks, or completion handlers in Swift/Objective-C terminology.\nStarting from Swift 5.5, Kotlin\u0027s suspend functions are also available for calling from Swift as async functions without using the completion handlers. Currently, this functionality is highly experimental and has certain limitations. See this YouTrack issue for details.\n- Learn more about the async/await mechanism in the Swift documentation.\n- See an example and recommendations on third-party libraries that implement the same functionality in the Kotlin-Swift interopedia.\n","pageTitle":"Suspending functions","metaDescription":"","type":"Documentation","breadcrumbs":"Platforms///Native///Objective-C interop","root":0,"depth":3}