{"objectID":"_native_faq.html#how_do_i_rename_the_ios_framework","parent":"_native_faq.html#how_do_i_run_my_program","pageViews":0,"url":"https://kotlinlang.org/docs/native-faq.html#how-do-i-rename-the-ios-framework","mainTitle":"Kotlin/Native FAQ","product":"","headings":"Kotlin/Native FAQ,How do I rename the iOS framework?","content":"The default name is for an iOS framework is \u0026lt;project name\u0026gt;.framework. To set a custom name, use the baseName option. This will also set the module name.\nkotlin {\n    iosArm64(\"myapp\") {\n       binaries {\n          framework {\n              baseName \u003d \"TheName\"\n          }\n       }\n    }\n}\n","pageTitle":"How do I rename the iOS framework?","metaDescription":"","type":"Documentation","breadcrumbs":"Platforms///Native///Reference and tips","root":0,"depth":3}