{"objectID":"_native_objc_interop.html#limitations","parent":"_native_objc_interop.html#importing_swift_objective_c_libraries_to_kotlin","pageViews":0,"url":"https://kotlinlang.org/docs/native-objc-interop.html#limitations","mainTitle":"Interoperability with Swift/Objective-C","product":"","headings":"Interoperability with Swift/Objective-C,Limitations","content":"Objective-C generics do not support all features of either Kotlin or Swift, so there will be some information lost in the translation.\nGenerics can only be defined on classes, not on interfaces (protocols in Objective-C and Swift) or functions.\n","pageTitle":"Limitations","metaDescription":"","type":"Documentation","breadcrumbs":"Platforms///Native///Objective-C interop","root":0,"depth":3}