{"objectID":"_native_c_interop_stability.html#using_native_types_in_library_api","parent":"_native_c_interop_stability.html#platform_libraries","pageViews":0,"url":"https://kotlinlang.org/docs/native-c-interop-stability.html#using-native-types-in-library-api","mainTitle":"Stability of C and Objective-C library import","product":"","headings":"Stability of C and Objective-C library import,Using native types in library API","content":"If you publish a Kotlin library, be careful with native types in your library API. Such usages are expected to be broken in the future to fix compatibility and other issues, which will affect your library users.\nThere are cases when using native types in a library API is necessary because it\u0027s required for the library\u0027s purpose, for example, when a Kotlin library basically provides extensions to the native library. If that\u0027s not your case, avoid or limit using native types in the library API.\nThis recommendation only applies to usages of native types in library APIs and is not related to the application code. It also doesn\u0027t apply to library implementations, for example:\n// Be extra careful! Native types are used in the library API:\npublic fun createUIView(): UIView\npublic fun handleThirdPartyNativeType(c: ThirdPartyNativeType)\n\n// Be careful as usual; native types are not used in the library API:\ninternal fun createUIViewController(): UIViewController\npublic fun getDate(): String \u003d NSDate().toString()\n","pageTitle":"Using native types in library API","metaDescription":"","type":"Documentation","breadcrumbs":"Platforms///Native","root":0,"depth":2}