{"objectID":"_native_c_interop_stability.html#platform_libraries","parent":"_native_c_interop_stability.html#platform_libraries","pageViews":0,"url":"https://kotlinlang.org/docs/native-c-interop-stability.html#platform-libraries","mainTitle":"Stability of C and Objective-C library import","product":"","headings":"Stability of C and Objective-C library import,Platform libraries","content":"Platform libraries are shipped with the Kotlin/Native compiler. So, using different versions of Kotlin in the project results in getting different versions of platform libraries. For Apple targets (like iOS), platform libraries are generated based on the Xcode version supported by the particular compiler version.\nNative library APIs shipped with Xcode SDKs change with every Xcode version. Even when such changes are source- and binary-compatible within the native language, they might become breaking for Kotlin due to the interoperability implementation.\nAs a result, updating the Kotlin version in a project might bring a breaking change in platform libraries. This might matter in two cases:\n- There is a source breaking change in platform libraries that affects the compilation of the source code in your project. Usually, it\u0027s easy to fix.\n- There is a binary breaking change in platform libraries that affects some of your dependencies. There is typically no easy workaround, and you\u0027ll need to wait until the library developer fixes this on their side, for example, by updating the Kotlin version.\nSuch binary incompatibilities manifest as linkage warnings and runtime exceptions. If you prefer to detect them at compilation time, raise warnings to errors with the -Xpartial-linkage-loglevel\u003dERROR compiler option.\nWhen the JetBrains team updates the Xcode version used to generate the platform libraries, it makes a reasonable effort to avoid breaking changes in platform libraries. Whenever a breaking change might occur, the team conducts impact analysis, and either decides to ignore a particular change (because the affected API is not commonly used) or applies an ad hoc fix.\nAnother potential reason for breaking changes in platform libraries is changes in the algorithm that translates native APIs to Kotlin. The JetBrains team makes reasonable efforts to avoid breaking changes in such cases as well.\n","pageTitle":"Platform libraries","metaDescription":"","type":"Documentation","breadcrumbs":"Platforms///Native","root":0,"depth":2}