{"objectID":"_native_c_interop_stability.html#evolution_of_native_library_support","parent":"_native_c_interop_stability.html#platform_libraries","pageViews":0,"url":"https://kotlinlang.org/docs/native-c-interop-stability.html#evolution-of-native-library-support","mainTitle":"Stability of C and Objective-C library import","product":"","headings":"Stability of C and Objective-C library import,Evolution of native library support","content":"Currently, using C and Objective-C in Kotlin projects can lead to compatibility issues; some of which are listed in this guide. To fix them, some breaking changes might be necessary in the future, which itself contributes to the compatibility problem.\n","pageTitle":"Evolution of native library support","metaDescription":"","type":"Documentation","breadcrumbs":"Platforms///Native","root":0,"depth":2}