{"objectID":"_native_c_interop_stability.html#third_party_libraries","parent":"_native_c_interop_stability.html#platform_libraries","pageViews":0,"url":"https://kotlinlang.org/docs/native-c-interop-stability.html#third-party-libraries","mainTitle":"Stability of C and Objective-C library import","product":"","headings":"Stability of C and Objective-C library import,Third-party libraries","content":"Apart from system platform libraries, Kotlin/Native allows importing third-party native libraries. For example, you can use CocoaPods integration or set up a cinterops configuration.\n","pageTitle":"Third-party libraries","metaDescription":"","type":"Documentation","breadcrumbs":"Platforms///Native","root":0,"depth":2}