{"objectID":"_native_definition_file.html#configure_enums_generation","parent":"_native_definition_file.html#create_and_configure_a_definition_file","pageViews":0,"url":"https://kotlinlang.org/docs/native-definition-file.html#configure-enums-generation","mainTitle":"Definition file","product":"","headings":"Definition file,Configure enums generation","content":"Use the strictEnums property to generate enums as Kotlin enums or nonStrictEnums to generate them as integral values. If an enum is not included in either of these lists, it is generated based on heuristics.\n","pageTitle":"Configure enums generation","metaDescription":"","type":"Documentation","breadcrumbs":"Platforms///Native","root":0,"depth":2}