{"objectID":"_native_dynamic_libraries.html#on_linux","parent":"_native_dynamic_libraries.html#create_a_kotlin_library","pageViews":0,"url":"https://kotlinlang.org/docs/native-dynamic-libraries.html#on-linux","mainTitle":"Kotlin/Native as a dynamic library – tutorial","product":"","headings":"Kotlin/Native as a dynamic library – tutorial,On Linux","content":"To compile the C code and link it with the dynamic library, navigate to the library directory and run the following command:\ngcc main.c libnative.so\nThe compiler generates an executable called a.out. Run it to execute the Kotlin code from the C library. On Linux, you need to include . into the LD_LIBRARY_PATH to let the application know to load the libnative.so library from the current folder.\n","pageTitle":"On Linux","metaDescription":"","type":"Documentation","breadcrumbs":"Platforms///Native///C interop","root":0,"depth":3}