{"objectID":"_native_c_interop.html#portability","parent":"_native_c_interop.html#setting_up_your_project","pageViews":0,"url":"https://kotlinlang.org/docs/native-c-interop.html#portability","mainTitle":"Interoperability with C","product":"","headings":"Interoperability with C,Portability","content":"Sometimes the C libraries have function parameters or struct fields of a platform-dependent type, for example, long or size_t. Kotlin itself doesn\u0027t provide either implicit integer casts or C-style integer casts (for example, (size_t) intValue), so to make writing portable code in such cases easier, the convert method is provided:\nfun ${type1}.convert\u0026lt;${type2}\u0026gt;(): ${type2}\nHere, each of type1 and type2 must be an integral type, either signed or unsigned.\n.convert\u0026lt;${type}\u0026gt; has the same semantics as one of the .toByte, .toShort, .toInt, .toLong, .toUByte, .toUShort, .toUInt or .toULong methods, depending on type.\nAn example of using convert:\nimport kotlinx.cinterop.*\nimport platform.posix.*\n\n@OptIn(ExperimentalForeignApi::class)\nfun zeroMemory(buffer: COpaquePointer, size: Int) {\n    memset(buffer, 0, size.convert\u0026lt;size_t\u0026gt;())\n}\nAlso, the type parameter can be inferred automatically and so may be omitted in some cases.\n","pageTitle":"Portability","metaDescription":"","type":"Documentation","breadcrumbs":"Platforms///Native///C interop","root":0,"depth":3}