{"objectID":"_native_faq.html#how_can_i_compile_my_project_with_unreleased_versions_of_kotlin_native","parent":"_native_faq.html#how_do_i_run_my_program","pageViews":0,"url":"https://kotlinlang.org/docs/native-faq.html#how-can-i-compile-my-project-with-unreleased-versions-of-kotlin-native","mainTitle":"Kotlin/Native FAQ","product":"","headings":"Kotlin/Native FAQ,How can I compile my project with unreleased versions of Kotlin/Native?","content":"First, please consider trying preview versions.\nIn case you need an even more recent development version, you can build Kotlin/Native from source code: clone Kotlin repository and follow these steps.\n","pageTitle":"How can I compile my project with unreleased versions of Kotlin/Native?","metaDescription":"","type":"Documentation","breadcrumbs":"Platforms///Native///Reference and tips","root":0,"depth":3}