{"objectID":"_native_definition_file.html#add_custom_declarations","parent":"_native_definition_file.html#create_and_configure_a_definition_file","pageViews":0,"url":"https://kotlinlang.org/docs/native-definition-file.html#add-custom-declarations","mainTitle":"Definition file","product":"","headings":"Definition file,Add custom declarations","content":"Sometimes it is required to add custom C declarations to the library before generating bindings (for example, for macros). Instead of creating an additional header file with these declarations, you can include them directly to the end of the .def file, after a separating line, containing only the separator sequence ---:\nheaders \u003d errno.h\n---\n\nstatic inline int getErrno() {\n    return errno;\n}\nNote that this part of the .def file is treated as part of the header file, so functions with the body should be declared as static. The declarations are parsed after including the files from the headers list.\n","pageTitle":"Add custom declarations","metaDescription":"","type":"Documentation","breadcrumbs":"Platforms///Native","root":0,"depth":2}