{"objectID":"_native_dynamic_libraries.html#use_generated_headers_from_c","parent":"_native_dynamic_libraries.html#create_a_kotlin_library","pageViews":0,"url":"https://kotlinlang.org/docs/native-dynamic-libraries.html#use-generated-headers-from-c","mainTitle":"Kotlin/Native as a dynamic library – tutorial","product":"","headings":"Kotlin/Native as a dynamic library – tutorial,Use generated headers from C","content":"Using the generated headers from C is straightforward. In the library directory, create the main.c file with the following code:\n#include \"libnative_api.h\"\n#include \"stdio.h\"\n\nint main(int argc, char** argv) {\n  // Obtain reference for calling Kotlin/Native functions\n  libnative_ExportedSymbols* lib \u003d libnative_symbols();\n\n  lib-\u0026gt;kotlin.root.example.forIntegers(1, 2, 3, 4);\n  lib-\u0026gt;kotlin.root.example.forFloats(1.0f, 2.0);\n\n  // Use C and Kotlin/Native strings\n  const char* str \u003d \"Hello from Native!\";\n  const char* response \u003d lib-\u0026gt;kotlin.root.example.strings(str);\n  printf(\"in: %s\\nout:%s\\n\", str, response);\n  lib-\u0026gt;DisposeString(response);\n\n  // Create Kotlin object instance\n  libnative_kref_example_Clazz newInstance \u003d lib-\u0026gt;kotlin.root.example.Clazz.Clazz();\n  long x \u003d lib-\u0026gt;kotlin.root.example.Clazz.memberFunction(newInstance, 42);\n  lib-\u0026gt;DisposeStablePointer(newInstance.pinned);\n\n  printf(\"DemoClazz returned %ld\\n\", x);\n\n  return 0;\n}\n","pageTitle":"Use generated headers from C","metaDescription":"","type":"Documentation","breadcrumbs":"Platforms///Native///C interop","root":0,"depth":3}