{"objectID":"_native_definition_file.html#ignore_specific_functions","parent":"_native_definition_file.html#create_and_configure_a_definition_file","pageViews":0,"url":"https://kotlinlang.org/docs/native-definition-file.html#ignore-specific-functions","mainTitle":"Definition file","product":"","headings":"Definition file,Ignore specific functions","content":"Use the excludedFunctions property to specify a list of the function names that should be ignored. This can be useful if a function declared in the header isn\u0027t guaranteed to be callable, and it\u0027s difficult or impossible to determine this automatically. You can also use this property to work around a bug in the interop itself.\n","pageTitle":"Ignore specific functions","metaDescription":"","type":"Documentation","breadcrumbs":"Platforms///Native","root":0,"depth":2}