{"objectID":"_native_get_started.html#download_and_install_the_compiler","parent":"_native_get_started.html#in_ide","pageViews":0,"url":"https://kotlinlang.org/docs/native-get-started.html#download-and-install-the-compiler","mainTitle":"Get started with Kotlin/Native","product":"","headings":"Get started with Kotlin/Native,Download and install the compiler","content":"To install the compiler:\n2. Go to the Kotlin\u0027s GitHub releases page.\n4. Look for a file with kotlin-native in the name and download one that is suitable for your operating system, for example kotlin-native-prebuilt-linux-x86_64-2.0.21.tar.gz.\n6. Unpack the archive to a directory of your choice.\n8. Open your shell profile and add the path to the compiler\u0027s /bin directory to the PATH environment variable:\nexport PATH\u003d\"/\u0026lt;path to the compiler\u0026gt;/kotlin-native/bin:$PATH\"\nAlthough the compiler output has no dependencies or virtual machine requirements, the compiler itself requires Java 1.8 or higher runtime. It\u0027s supported by JDK 8 (JAVA SE 8) or later versions.\n","pageTitle":"Download and install the compiler","metaDescription":"","type":"Documentation","breadcrumbs":"Platforms///Native","root":0,"depth":2}