{"objectID":"_native_faq.html#how_do_i_run_my_program","parent":"_native_faq.html#how_do_i_run_my_program","pageViews":0,"url":"https://kotlinlang.org/docs/native-faq.html#how-do-i-run-my-program","mainTitle":"Kotlin/Native FAQ","product":"","headings":"Kotlin/Native FAQ,How do I run my program?","content":"Define a top-level function fun main(args: Array\u0026lt;String\u0026gt;) or just fun main() if you are not interested in passed arguments, please ensure it\u0027s not in a package. Also, compiler switch -entry could be used to make any function taking Array\u0026lt;String\u0026gt; or no arguments and return Unit as an entry point.\n","pageTitle":"How do I run my program?","metaDescription":"","type":"Documentation","breadcrumbs":"Platforms///Native///Reference and tips","root":0,"depth":3}