{"objectID":"_native_arc_integration.html#object_reclamation","parent":"_native_arc_integration.html#threads","pageViews":0,"url":"https://kotlinlang.org/docs/native-arc-integration.html#object-reclamation","mainTitle":"Integration with Swift/Objective-C ARC","product":"","headings":"Integration with Swift/Objective-C ARC,Object reclamation","content":"An object is reclaimed only during the garbage collection. This applies to Swift/Objective-C objects that cross interop boundaries into Kotlin/Native, for example:\n// Kotlin\nclass KotlinExample {\n    fun action(arg: Any) {\n        println(arg)\n    }\n}\n// Swift\nclass SwiftExample {\n    deinit {\n        print(\"SwiftExample deinit\")\n    }\n}\n\nfunc test() {\n    swiftTest()\n    kotlinTest()\n}\n\nfunc swiftTest() {\n    print(SwiftExample())\n    print(\"swiftTestFinished\")\n}\n\nfunc kotlinTest() {\n    KotlinExample().action(arg: SwiftExample())\n    print(\"kotlinTest finished\")\n}\nThe resulting output:\nshared.SwiftExample\nSwiftExample deinit\nswiftTestFinished\nshared.SwiftExample\nkotlinTest finished\nSwiftExample deinit\n","pageTitle":"Object reclamation","metaDescription":"","type":"Documentation","breadcrumbs":"Platforms///Native///Memory manager","root":0,"depth":3}