{"objectID":"_native_c_interop_stability.html#using_a_transitive_third_party_native_dependency","parent":"_native_c_interop_stability.html#platform_libraries","pageViews":0,"url":"https://kotlinlang.org/docs/native-c-interop-stability.html#using-a-transitive-third-party-native-dependency","mainTitle":"Stability of C and Objective-C library import","product":"","headings":"Stability of C and Objective-C library import,Using a transitive third-party native dependency","content":"When a Kotlin library in your project imports a third-party native library as part of its implementation, your project also gets access to that native library. This happens because Kotlin/Native doesn\u0027t distinguish between api and implementation dependency types, so native libraries always end up being api dependencies.\nUsing such a transitive native dependency is prone to more compatibility issues. For example, a change made by the Kotlin library developer might make the Kotlin representation of the native library incompatible, leading to compatibility issues when you update the Kotlin library.\nSo, instead of relying on a transitive dependency, configure interoperability with the same native library directly. To do that, use another package name for the native library, similar to using custom package name to prevent compatibility issues.\n","pageTitle":"Using a transitive third-party native dependency","metaDescription":"","type":"Documentation","breadcrumbs":"Platforms///Native","root":0,"depth":2}