{"objectID":"_native_objc_interop.html#hide_kotlin_declarations_from_objective_c_and_swift","parent":"_native_objc_interop.html#importing_swift_objective_c_libraries_to_kotlin","pageViews":0,"url":"https://kotlinlang.org/docs/native-objc-interop.html#hide-kotlin-declarations-from-objective-c-and-swift","mainTitle":"Interoperability with Swift/Objective-C","product":"","headings":"Interoperability with Swift/Objective-C,Hide Kotlin declarations from Objective-C and Swift","content":"The @HiddenFromObjC annotation is Experimental and requires opt-in.\nTo make your Kotlin code more Swift/Objective-C-friendly, use the @HiddenFromObjC annotation to hide a Kotlin declaration from Objective-C and Swift. It disables the function or property export to Objective-C.\nAlternatively, you can mark Kotlin declarations with the internal modifier to restrict their visibility in the compilation module. Use @HiddenFromObjC if you want to hide the Kotlin declaration from Objective-C and Swift while keeping it visible to other Kotlin modules.\nSee an example in the Kotlin-Swift interopedia.\n","pageTitle":"Hide Kotlin declarations from Objective-C and Swift","metaDescription":"","type":"Documentation","breadcrumbs":"Platforms///Native///Objective-C interop","root":0,"depth":3}