{"objectID":"_native_c_interop.html#","parent":"_native_c_interop.html#setting_up_your_project","pageViews":0,"url":"https://kotlinlang.org/docs/native-c-interop.html","mainTitle":"Interoperability with C","product":"","headings":"Interoperability with C","content":"The C libraries import is in Beta. All Kotlin declarations generated by the cinterop tool from C libraries should have the @ExperimentalForeignApi annotation.\nNative platform libraries shipped with Kotlin/Native (like Foundation, UIKit, and POSIX) require opt-in only for some APIs.\nThis document covers general aspects of Kotlin\u0027s interoperability with C. Kotlin/Native comes with a cinterop tool, which you can use to quickly generate everything you need to interact with an external C library.\nThe tool analyzes C headers and produces a straightforward mapping of C types, functions, and strings into Kotlin. The generated stubs then can be imported into an IDE to enable code completion and navigation.\nKotlin also provides interoperability with Objective-C. Objective-C libraries are imported through the cinterop tool as well. For more details, see Swift/Objective-C interop.\n","pageTitle":"Interoperability with C","metaDescription":"","type":"Documentation","breadcrumbs":"Platforms///Native///C interop","root":0,"depth":3}