{"objectID":"_native_objc_interop.html#errors_and_exceptions","parent":"_native_objc_interop.html#importing_swift_objective_c_libraries_to_kotlin","pageViews":0,"url":"https://kotlinlang.org/docs/native-objc-interop.html#errors-and-exceptions","mainTitle":"Interoperability with Swift/Objective-C","product":"","headings":"Interoperability with Swift/Objective-C,Errors and exceptions","content":"All Kotlin exceptions are unchecked, meaning that errors are caught at runtime. However, Swift has only checked errors that are handled at compile time. So, if Swift or Objective-C code calls a Kotlin method that throws an exception, the Kotlin method should be marked with the @Throws annotation, specifying a list of \u0026quot;expected\u0026quot; exception classes.\nWhen compiling to the Swift/Objective-C framework, non-suspend functions that have or inherit the @Throws annotation are represented as NSError*-producing methods in Objective-C and as throws methods in Swift. Representations for suspend functions always have an NSError*/Error parameter in the completion handler.\nWhen a Kotlin function called from Swift/Objective-C code throws an exception which is an instance of one of the classes specified with @Throws or their subclasses, the exception is propagated as an NSError. Other Kotlin exceptions reaching Swift/Objective-C are considered unhandled and cause program termination.\nsuspend functions without @Throws propagate only CancellationException (as NSError). Non-suspend functions without @Throws don\u0027t propagate Kotlin exceptions at all.\nNote that the opposite reversed translation is not implemented yet: Swift/Objective-C error-throwing methods aren\u0027t imported to Kotlin as exception-throwing.\nSee an example in the Kotlin-Swift interopedia.\n","pageTitle":"Errors and exceptions","metaDescription":"","type":"Documentation","breadcrumbs":"Platforms///Native///Objective-C interop","root":0,"depth":3}