{"objectID":"_native_improving_compilation_time.html#","parent":"_native_improving_compilation_time.html#general_recommendations","pageViews":0,"url":"https://kotlinlang.org/docs/native-improving-compilation-time.html","mainTitle":"Tips for improving compilation time","product":"","headings":"Tips for improving compilation time","content":"The Kotlin/Native compiler is constantly receiving updates that improve its performance. With the latest Kotlin/Native compiler and a properly configured build environment, you can significantly improve the compilation times of your projects with Kotlin/Native targets.\nRead on for our tips on how to speed up the Kotlin/Native compilation process.\n","pageTitle":"Tips for improving compilation time","metaDescription":"","type":"Documentation","breadcrumbs":"Platforms///Native///Reference and tips","root":0,"depth":3}