{"objectID":"_native_get_started.html#using_gradle","parent":"_native_get_started.html#in_ide","pageViews":0,"url":"https://kotlinlang.org/docs/native-get-started.html#using-gradle","mainTitle":"Get started with Kotlin/Native","product":"","headings":"Get started with Kotlin/Native,Using Gradle","content":"In this section, you\u0027ll learn how to manually create a Kotlin/Native application using Gradle. It\u0027s the default build system for Kotlin/Native and Kotlin Multiplatform projects, which is also commonly used in Java, Android, and other ecosystems.\n","pageTitle":"Using Gradle","metaDescription":"","type":"Documentation","breadcrumbs":"Platforms///Native","root":0,"depth":2}