{"objectID":"_native_target_support.html#tier_2","parent":"_native_target_support.html#tier_1","pageViews":0,"url":"https://kotlinlang.org/docs/native-target-support.html#tier-2","mainTitle":"Kotlin/Native target support","product":"","headings":"Kotlin/Native target support,Tier 2","content":"- The target is regularly tested on CI to be able to compile, but may not be automatically tested to be able to run.\n- We\u0027re doing our best to provide a source and binary compatibility between compiler releases.\nGradle target name Target triple Running tests Description\nlinuxX64 x86_64-unknown-linux-gnu ✅ Linux on x86_64 platforms\nlinuxArm64 aarch64-unknown-linux-gnu Linux on ARM64 platforms\nApple macOS hosts only:\nwatchosSimulatorArm64 aarch64-apple-watchos-simulator ✅ Apple watchOS simulator on Apple Silicon platforms\nwatchosX64 x86_64-apple-watchos-simulator ✅ Apple watchOS 64-bit simulator on x86_64 platforms\nwatchosArm32 armv7k-apple-watchos Apple watchOS on ARM32 platforms\nwatchosArm64 arm64_32-apple-watchos Apple watchOS on ARM64 platforms with ILP32\ntvosSimulatorArm64 aarch64-apple-tvos-simulator ✅ Apple tvOS simulator on Apple Silicon platforms\ntvosX64 x86_64-apple-tvos-simulator ✅ Apple tvOS simulator on x86_64 platforms\ntvosArm64 aarch64-apple-tvos Apple tvOS on ARM64 platforms\n","pageTitle":"Tier 2","metaDescription":"","type":"Documentation","breadcrumbs":"Platforms///Native///Reference and tips","root":0,"depth":3}