{"objectID":"_native_app_with_c_and_libcurl.html#write_the_application_code","parent":"_native_app_with_c_and_libcurl.html#before_you_start","pageViews":0,"url":"https://kotlinlang.org/docs/native-app-with-c-and-libcurl.html#write-the-application-code","mainTitle":"Create an app using C interop and libcurl – tutorial","product":"","headings":"Create an app using C interop and libcurl – tutorial,Write the application code","content":"Now that you have the library and the corresponding Kotlin stubs, you can use them from your application. For this tutorial, convert the simple.c example to Kotlin.\nIn the src/nativeMain/kotlin/ folder, update your Main.kt file with the following code:\nimport kotlinx.cinterop.*\nimport libcurl.*\n\n@OptIn(ExperimentalForeignApi::class)\nfun main(args: Array\u0026lt;String\u0026gt;) {\n    val curl \u003d curl_easy_init()\n    if (curl !\u003d null) {\n        curl_easy_setopt(curl, CURLOPT_URL, \"https://example.com\")\n        curl_easy_setopt(curl, CURLOPT_FOLLOWLOCATION, 1L)\n        val res \u003d curl_easy_perform(curl)\n        if (res !\u003d CURLE_OK) {\n            println(\"curl_easy_perform() failed ${curl_easy_strerror(res)?.toKString()}\")\n        }\n        curl_easy_cleanup(curl)\n    }\n}\nAs you can see, explicit variable declarations are eliminated in the Kotlin version, but everything else is pretty much the same as the C version. All the calls you\u0027d expect in the libcurl library are available in the Kotlin equivalent.\nThis is a line-by-line literal translation. You could also write this in a more Kotlin idiomatic way.\n","pageTitle":"Write the application code","metaDescription":"","type":"Documentation","breadcrumbs":"Platforms///Native///C interop","root":0,"depth":3}