{"objectID":"_native_debugging.html#produce_binaries_with_debug_info_with_kotlin_native_compiler","parent":"_native_debugging.html#produce_binaries_with_debug_info_with_kotlin_native_compiler","pageViews":0,"url":"https://kotlinlang.org/docs/native-debugging.html#produce-binaries-with-debug-info-with-kotlin-native-compiler","mainTitle":"Debugging Kotlin/Native","product":"","headings":"Debugging Kotlin/Native,Produce binaries with debug info with Kotlin/Native compiler","content":"To produce binaries with the Kotlin/Native compiler, use the -g option on the command line.\n0:b-debugger-fixes:minamoto@unit-703(0)# cat - \u0026gt; hello.kt\nfun main(args: Array\u0026lt;String\u0026gt;) {\n  println(\"Hello world\")\n  println(\"I need your clothes, your boots and your motocycle\")\n}\n0:b-debugger-fixes:minamoto@unit-703(0)# dist/bin/konanc -g hello.kt -o terminator\nKtFile: hello.kt\n0:b-debugger-fixes:minamoto@unit-703(0)# lldb terminator.kexe\n(lldb) target create \"terminator.kexe\"\nCurrent executable set to \u0027terminator.kexe\u0027 (x86_64).\n(lldb) b kfun:main(kotlin.Array\u0026lt;kotlin.String\u0026gt;)\nBreakpoint 1: where \u003d terminator.kexe`kfun:main(kotlin.Array\u0026lt;kotlin.String\u0026gt;) + 4 at hello.kt:2, address \u003d 0x00000001000012e4\n(lldb) r\nProcess 28473 launched: \u0027/Users/minamoto/ws/.git-trees/debugger-fixes/terminator.kexe\u0027 (x86_64)\nProcess 28473 stopped\n* thread #1, queue \u003d \u0027com.apple.main-thread\u0027, stop reason \u003d breakpoint 1.1\n    frame #0: 0x00000001000012e4 terminator.kexe`kfun:main(kotlin.Array\u0026lt;kotlin.String\u0026gt;) at hello.kt:2\n   1    fun main(args: Array\u0026lt;String\u0026gt;) {\n-\u0026gt; 2      println(\"Hello world\")\n   3      println(\"I need your clothes, your boots and your motocycle\")\n   4    }\n(lldb) n\nHello world\nProcess 28473 stopped\n* thread #1, queue \u003d \u0027com.apple.main-thread\u0027, stop reason \u003d step over\n    frame #0: 0x00000001000012f0 terminator.kexe`kfun:main(kotlin.Array\u0026lt;kotlin.String\u0026gt;) at hello.kt:3\n   1    fun main(args: Array\u0026lt;String\u0026gt;) {\n   2      println(\"Hello world\")\n-\u0026gt; 3      println(\"I need your clothes, your boots and your motocycle\")\n   4    }\n(lldb)\n","pageTitle":"Produce binaries with debug info with Kotlin/Native compiler","metaDescription":"","type":"Documentation","breadcrumbs":"Platforms///Native","root":0,"depth":2}