{"objectID":"_native_llvm_passes.html#examine_the_build_log","parent":"_native_llvm_passes.html#examine_the_build_log","pageViews":0,"url":"https://kotlinlang.org/docs/native-llvm-passes.html#examine-the-build-log","mainTitle":"Tips for customizing LLVM backend","product":"","headings":"Tips for customizing LLVM backend,Examine the build log","content":"Let\u0027s take a look at the build log to understand how much compilation time is spent on LLVM optimization passes:\n2. Run the linkRelease* Gradle task with -Pkotlin.internal.compiler.arguments.log.level\u003dwarning option to make Gradle output LLVM profiling details, for example:\n./gradlew linkReleaseExecutableMacosArm64 -Pkotlin.internal.compiler.arguments.log.level\u003dwarning\nWhile executing, the task prints the necessary compiler arguments, for example:\n\u0026gt; Task :linkReleaseExecutableMacosArm64\nRun in-process tool \"konanc\"\nEntry point method \u003d org.jetbrains.kotlin.cli.utilities.MainKt.daemonMain\nClasspath \u003d [\n        /Users/user/.konan/kotlin-native-prebuilt-macos-aarch64-2.2.0/konan/lib/kotlin-native-compiler-embeddable.jar\n        /Users/user/.konan/kotlin-native-prebuilt-macos-aarch64-2.2.0/konan/lib/trove4j.jar\n]\nArguments \u003d [\n        -Xinclude\u003d...\n        -library\n        /Users/user/.konan/kotlin-native-prebuilt-macos-aarch64-2.2.0/klib/common/stdlib\n        -no-endorsed-libs\n        -nostdlib\n        ...\n]\n4. Run the command line compiler with the provided arguments plus the -Xprofile-phases argument, for example:\n/Users/user/.konan/kotlin-native-prebuilt-macos-aarch64-2.2.0/bin/kotlinc-native \\\n-Xinclude\u003d... \\\n-library /Users/user/.konan/kotlin-native-prebuilt-macos-aarch64-2.2.0/klib/common/stdlib \\\n... \\\n-Xprofile-phases\n6. Examine the generated output in the build log. The log can contain tens of thousands of lines; sections with LLVM profiling are at the end.\nHere is an excerpt from such a run of a simple Kotlin/Native program:\nFrontend: 275 msec\nPsiToIr: 1186 msec\n...\n... 30k lines\n...\nLinkBitcodeDependencies: 476 msec\nStackProtectorPhase: 0 msec\nMandatoryBitcodeLLVMPostprocessingPhase: 2 msec\n\u003d\u003d\u003d-------------------------------------------------------------------------\u003d\u003d\u003d\n                          Pass execution timing report\n\u003d\u003d\u003d-------------------------------------------------------------------------\u003d\u003d\u003d\n  Total Execution Time: 6.7726 seconds (6.7192 wall clock)\n\n   ---User Time---   --System Time--   --User+System--   ---Wall Time---  --- Name ---\n   0.9778 ( 22.4%)   0.5043 ( 21.0%)   1.4821 ( 21.9%)   1.4628 ( 21.8%)  InstCombinePass\n   0.3827 (  8.8%)   0.2497 ( 10.4%)   0.6323 (  9.3%)   0.6283 (  9.4%)  InlinerPass\n   0.2815 (  6.4%)   0.1792 (  7.5%)   0.4608 (  6.8%)   0.4555 (  6.8%)  SimplifyCFGPass\n...\n   0.6444 (100.0%)   0.5474 (100.0%)   1.1917 (100.0%)   1.1870 (100.0%)  Total\n\nModuleBitcodeOptimization: 8118 msec\n...\nLTOBitcodeOptimization: 1399 msec\n...\nThe Kotlin/Native compiler runs two separate sequences of LLVM optimizations: the module passes and the link-time passes. For a typical compilation, the two pipelines are run back to back, and the only real distinction is in which LLVM optimization passes they run.\nIn the log above, the two LLVM optimizations are ModuleBitcodeOptimization and LTOBitcodeOptimization. The formatted tables are the optimizations\u0027 output with timing for each pass.\n","pageTitle":"Examine the build log","metaDescription":"","type":"Documentation","breadcrumbs":"Platforms///Native///Reference and tips","root":0,"depth":3}