{"objectID":"_native_memory_manager.html#disable_garbage_collection","parent":"_native_memory_manager.html#garbage_collector","pageViews":0,"url":"https://kotlinlang.org/docs/native-memory-manager.html#disable-garbage-collection","mainTitle":"Kotlin/Native memory management","product":"","headings":"Kotlin/Native memory management,Disable garbage collection","content":"It\u0027s recommended to keep the GC enabled. However, you can disable it in certain cases, such as for testing purposes or if you encounter issues and have a short-lived program. To do so, set the following binary option in your gradle.properties file:\nkotlin.native.binary.gc\u003dnoop\nWith this option enabled, the GC doesn\u0027t collect Kotlin objects, so memory consumption will keep rising as long as the program runs. Be careful not to exhaust the system memory.\n","pageTitle":"Disable garbage collection","metaDescription":"","type":"Documentation","breadcrumbs":"Platforms///Native///Memory manager","root":0,"depth":3}