{"objectID":"_native_objc_interop.html#kotlin_objective_c_swift","parent":"_native_objc_interop.html#importing_swift_objective_c_libraries_to_kotlin","pageViews":0,"url":"https://kotlinlang.org/docs/native-objc-interop.html#kotlin-objective-c-swift","mainTitle":"Interoperability with Swift/Objective-C","product":"","headings":"Interoperability with Swift/Objective-C,Kotlin -\u003e Objective-C -\u003e Swift","content":"When a Kotlin collection is passed to Swift, it\u0027s first converted to an Objective-C equivalent, and then the Swift compiler copies the entire collection and converts it into a Swift-native collection as described in the mappings table.\nThis last conversion leads to performance costs. To prevent this, when using Kotlin collections in Swift, explicitly cast them to their Objective-C counterparts: NSDictionary, NSArray, or NSSet.\n","pageTitle":"Kotlin -\u003e Objective-C -\u003e Swift","metaDescription":"","type":"Documentation","breadcrumbs":"Platforms///Native///Objective-C interop","root":0,"depth":3}