{"objectID":"_native_get_started.html#","parent":"_native_get_started.html#in_ide","pageViews":0,"url":"https://kotlinlang.org/docs/native-get-started.html","mainTitle":"Get started with Kotlin/Native","product":"","headings":"Get started with Kotlin/Native","content":"In this tutorial, you\u0027ll learn how to create a Kotlin/Native application. Choose the tool that works best for you and create your app using:\n- The IDE. Here, you can clone the project template from a version control system and use it in IntelliJ IDEA.\n- The Gradle build system. To better understand how things work under the hood, create build files for your project manually.\n- The command line tool. You can use the Kotlin/Native compiler, which is shipped as a part of the standard Kotlin distribution, and create the app directly in the command line tool.\nConsole compilation may seem easy and straightforward, but it doesn\u0027t scale well for larger projects with hundreds of files and libraries. For such projects, we recommend using an IDE or a build system.\nWith Kotlin/Native, you can compile for different targets, including Linux, macOS, and Windows. While cross-platform compilation is possible, which means using one platform to compile for a different one, in this tutorial, you\u0027ll be targeting the same platform you\u0027re compiling on.\nIf you use a Mac and want to create and run applications for macOS or other Apple targets, you also need to install Xcode Command Line Tools, launch it, and accept the license terms first.\n","pageTitle":"Get started with Kotlin/Native","metaDescription":"","type":"Documentation","breadcrumbs":"Platforms///Native","root":0,"depth":2}