{"objectID":"_native_get_started.html#build_and_run_the_project","parent":"_native_get_started.html#in_ide","pageViews":0,"url":"https://kotlinlang.org/docs/native-get-started.html#build-and-run-the-project","mainTitle":"Get started with Kotlin/Native","product":"","headings":"Get started with Kotlin/Native,Build and run the project","content":"2. From the root project directory, run the build command:\n./gradlew nativeBinaries\nThis command creates the build/bin/native directory with two directories inside: debugExecutable and releaseExecutable. They contain the corresponding binary files.\nBy default, the name of the binary file is the same as the project directory.\n4. To run the project, execute the following command:\nbuild/bin/native/debugExecutable/\u0026lt;project_name\u0026gt;.kexe\nThe terminal prints \u0026quot;Hello, Kotlin/Native!\u0026quot;.\n","pageTitle":"Build and run the project","metaDescription":"","type":"Documentation","breadcrumbs":"Platforms///Native","root":0,"depth":2}