{"objectID":"_native_c_interop.html#callbacks","parent":"_native_c_interop.html#setting_up_your_project","pageViews":0,"url":"https://kotlinlang.org/docs/native-c-interop.html#callbacks","mainTitle":"Interoperability with C","product":"","headings":"Interoperability with C,Callbacks","content":"To convert a Kotlin function to a pointer to a C function, you can use staticCFunction(::kotlinFunction). It\u0027s also possible to provide a lambda instead of a function reference. The function or lambda must not capture any values.\n","pageTitle":"Callbacks","metaDescription":"","type":"Documentation","breadcrumbs":"Platforms///Native///C interop","root":0,"depth":3}