{"objectID":"_native_definition_file.html#","parent":"_native_definition_file.html#create_and_configure_a_definition_file","pageViews":0,"url":"https://kotlinlang.org/docs/native-definition-file.html","mainTitle":"Definition file","product":"","headings":"Definition file","content":"Kotlin/Native enables you to consume C and Objective-C libraries, allowing you to use their functionality in Kotlin. A special tool called cinterop takes a C or an Objective-C library and generates the corresponding Kotlin bindings, so that the library\u0027s methods can be used in your Kotlin code as usual.\nTo generate these bindings, each library needs a definition file, usually with the same name as the library. This is a property file that describes exactly how the library should be consumed. See the full list of available properties.\nHere\u0027s a general workflow when working with a project:\n2. Create a .def file describing what to include in the bindings.\n4. Use the generated bindings in your Kotlin code.\n6. Run the Kotlin/Native compiler to produce the final executable.\n","pageTitle":"Definition file","metaDescription":"","type":"Documentation","breadcrumbs":"Platforms///Native","root":0,"depth":2}