{"objectID":"_native_debugging.html#breakpoints","parent":"_native_debugging.html#produce_binaries_with_debug_info_with_kotlin_native_compiler","pageViews":0,"url":"https://kotlinlang.org/docs/native-debugging.html#breakpoints","mainTitle":"Debugging Kotlin/Native","product":"","headings":"Debugging Kotlin/Native,Breakpoints","content":"Modern debuggers provide several ways to set a breakpoint, see below for a tool-by-tool breakdown:\n","pageTitle":"Breakpoints","metaDescription":"","type":"Documentation","breadcrumbs":"Platforms///Native","root":0,"depth":2}