{"objectID":"_native_overview.html#target_platforms","parent":"_native_overview.html#why_kotlin_native","pageViews":0,"url":"https://kotlinlang.org/docs/native-overview.html#target-platforms","mainTitle":"Kotlin/Native","product":"","headings":"Kotlin/Native,Target platforms","content":"Kotlin/Native supports the following platforms:\n- Linux\n- Windows (through MinGW)\n- Android NDK\n- Apple targets for macOS, iOS, tvOS, and watchOS\nTo compile Apple targets, you need to install Xcode and its command-line tools.\nSee the full list of supported targets.\n","pageTitle":"Target platforms","metaDescription":"","type":"Documentation","breadcrumbs":"Kotlin overview","root":0,"depth":1}