{"objectID":"_native_objc_interop.html#subclassing_swift_objective_c_classes_and_protocols_from_kotlin","parent":"_native_objc_interop.html#importing_swift_objective_c_libraries_to_kotlin","pageViews":0,"url":"https://kotlinlang.org/docs/native-objc-interop.html#subclassing-swift-objective-c-classes-and-protocols-from-kotlin","mainTitle":"Interoperability with Swift/Objective-C","product":"","headings":"Interoperability with Swift/Objective-C,Subclassing Swift/Objective-C classes and protocols from Kotlin","content":"Swift/Objective-C classes and protocols can be subclassed with a Kotlin final class. Non-final Kotlin classes inheriting Swift/Objective-C types aren\u0027t supported yet, so it is not possible to declare a complex class hierarchy inheriting Swift/Objective-C types.\nNormal methods can be overridden using the override Kotlin keyword. In this case, the overriding method must have the same parameter names as the overridden one.\nSometimes it is required to override initializers, for example when subclassing UIViewController. Initializers imported as Kotlin constructors can be overridden by Kotlin constructors marked with the @OverrideInit annotation:\nclass ViewController : UIViewController {\n    @OverrideInit constructor(coder: NSCoder) : super(coder)\n\n    ...\n}\nThe overriding constructor must have the same parameter names and types as the overridden one.\nTo override different methods with clashing Kotlin signatures, you can add the @ObjCSignatureOverride annotation to the class. The annotation instructs the Kotlin compiler to ignore conflicting overloads, in case several functions with the same argument types, but different argument names, are inherited from the Objective-C class.\nBy default, the Kotlin/Native compiler doesn\u0027t allow calling a non-designated Objective-C initializer as a super() constructor. This behavior can be inconvenient if the designated initializers aren\u0027t marked properly in the Objective-C library. To disable these compiler checks, add the disableDesignatedInitializerChecks \u003d true to the library\u0027s .def file.\n","pageTitle":"Subclassing Swift/Objective-C classes and protocols from Kotlin","metaDescription":"","type":"Documentation","breadcrumbs":"Platforms///Native///Objective-C interop","root":0,"depth":3}