{"objectID":"_native_definition_file.html#set_up_string_conversion","parent":"_native_definition_file.html#create_and_configure_a_definition_file","pageViews":0,"url":"https://kotlinlang.org/docs/native-definition-file.html#set-up-string-conversion","mainTitle":"Definition file","product":"","headings":"Definition file,Set up string conversion","content":"Use the noStringConversion property to disable automatic conversion of the const char* function parameters as Kotlin Strings.\n","pageTitle":"Set up string conversion","metaDescription":"","type":"Documentation","breadcrumbs":"Platforms///Native","root":0,"depth":2}