{"objectID":"_native_libraries.html#using_relative_paths_in_klibs","parent":"_native_libraries.html#kotlin_compiler_specifics","pageViews":0,"url":"https://kotlinlang.org/docs/native-libraries.html#using-relative-paths-in-klibs","mainTitle":"Kotlin/Native libraries","product":"","headings":"Kotlin/Native libraries,Using relative paths in klibs","content":"Using relative paths in klibs is available since Kotlin 1.6.20.\nA serialized IR representation of source files is a part of a klib library. It includes paths of files for generating proper debug information. By default, stored paths are absolute. With the -Xklib-relative-path-base compiler option, you can change the format and use only relative path in the artifact. To make it work, pass one or multiple base paths of source files as an argument:\n\u003cb\u003eKotlin\u003c/b\u003e import org.jetbrains.kotlin.gradle.tasks.KotlinCompilationTask\n// ...\n\ntasks.named\u0026lt;KotlinCompilationTask\u0026lt;*\u0026gt;\u0026gt;(\"compileKotlin\").configure {\n    // $base is a base path of source files\n    compilerOptions.freeCompilerArgs.add(\"-Xklib-relative-path-base\u003d$base\")\n}\n\u003cb\u003eGroovy\u003c/b\u003e import org.jetbrains.kotlin.gradle.tasks.KotlinCompilationTask\n// ...\n\ntasks.named(\u0027compileKotlin\u0027, KotlinCompilationTask) {\n    compilerOptions {\n        // $base is a base path of source files\n        freeCompilerArgs.add(\"-Xklib-relative-path-base\u003d$base\")\n    }\n}\n","pageTitle":"Using relative paths in klibs","metaDescription":"","type":"Documentation","breadcrumbs":"Platforms///Native","root":0,"depth":2}