{"objectID":"_native_faq.html#how_do_i_enable_bitcode_for_my_kotlin_framework","parent":"_native_faq.html#how_do_i_run_my_program","pageViews":0,"url":"https://kotlinlang.org/docs/native-faq.html#how-do-i-enable-bitcode-for-my-kotlin-framework","mainTitle":"Kotlin/Native FAQ","product":"","headings":"Kotlin/Native FAQ,How do I enable bitcode for my Kotlin framework?","content":"Bitcode embedding was deprecated in Xcode 14 and removed in Xcode 15 for all Apple targets. The Kotlin/Native compiler does not support bitcode embedding since Kotlin 2.0.20.\nIf you\u0027re using earlier versions of Xcode but want to upgrade to Kotlin 2.0.20 or later versions, disable bitcode embedding in your Xcode projects.\n","pageTitle":"How do I enable bitcode for my Kotlin framework?","metaDescription":"","type":"Documentation","breadcrumbs":"Platforms///Native///Reference and tips","root":0,"depth":3}