{"objectID":"_native_migration_guide.html#update_dependencies","parent":"_native_migration_guide.html#update_kotlin","pageViews":0,"url":"https://kotlinlang.org/docs/native-migration-guide.html#update-dependencies","mainTitle":"Migrate to the new memory manager","product":"","headings":"Migrate to the new memory manager,Update dependencies","content":"\u003cb\u003ekotlinx.coroutines\u003c/b\u003e : Update to version 1.6.0 or later. Do not use versions with the native-mt suffix.\nThere are also some specifics with the new memory manager you should keep in mind:\n- Every common primitive (channels, flows, coroutines) works through the Worker boundaries, since freezing is not required. - Dispatchers.Default is backed by a pool of Workers on Linux and Windows and by a global queue on Apple targets. - Use newSingleThreadContext to create a coroutine dispatcher that is backed by a Worker. - Use newFixedThreadPoolContext to create a coroutine dispatcher backed by a pool of N Workers. - Dispatchers.Main is backed by the main queue on Darwin and by a standalone Worker on other platforms. \u003cb\u003eKtor\u003c/b\u003e : Update to version 2.0 or later. \u003cb\u003eOther dependencies\u003c/b\u003e : The majority of libraries should work without any changes, however, there might be exceptions.\nMake sure that you update dependencies to the latest versions, and there is no difference between library versions for the legacy and the new memory manager.\n","pageTitle":"Update dependencies","metaDescription":"","type":"Documentation","breadcrumbs":"Platforms///Native///Memory manager","root":0,"depth":3}