{"objectID":"_native_objc_interop.html#swift_objective_c_kotlin","parent":"_native_objc_interop.html#importing_swift_objective_c_libraries_to_kotlin","pageViews":0,"url":"https://kotlinlang.org/docs/native-objc-interop.html#swift-objective-c-kotlin","mainTitle":"Interoperability with Swift/Objective-C","product":"","headings":"Interoperability with Swift/Objective-C,Swift -\u003e Objective-C -\u003e Kotlin","content":"Swift/Objective-C collections are mapped to Kotlin as described in the mappings table, except for NSMutableSet and NSMutableDictionary.\nNSMutableSet isn\u0027t converted to a Kotlin\u0027s MutableSet. To pass an object to Kotlin MutableSet, explicitly create this kind of Kotlin collection. To do this, use, for example, the mutableSetOf() function in Kotlin or the KotlinMutableSet class in Swift and ${prefix}MutableSet in Objective-C (prefix is the framework names prefix). The same is true for MutableMap.\nSee an example in the Kotlin-Swift interopedia.\n","pageTitle":"Swift -\u003e Objective-C -\u003e Kotlin","metaDescription":"","type":"Documentation","breadcrumbs":"Platforms///Native///Objective-C interop","root":0,"depth":3}