{"objectID":"_native_memory_manager.html#enable_support_for_latin_1_strings","parent":"_native_memory_manager.html#garbage_collector","pageViews":0,"url":"https://kotlinlang.org/docs/native-memory-manager.html#enable-support-for-latin-1-strings","mainTitle":"Kotlin/Native memory management","product":"","headings":"Kotlin/Native memory management,Enable support for Latin-1 strings","content":"By default, strings in Kotlin are stored using UTF-16 encoding, where each character is represented by two bytes. In some cases, it leads to strings taking up twice as much space in the binary compared to the source code and reading data taking up twice as much memory.\nTo reduce the application\u0027s binary size and adjust memory consumption, you can enable support for Latin-1-encoded strings. The Latin-1 (ISO 8859-1) encoding represents each of the first 256 Unicode characters by just one byte.\nTo enable it, set the following option in your gradle.properties file:\nkotlin.native.binary.latin1Strings\u003dtrue\nWith the Latin-1 support, strings are stored in Latin-1 encoding as long as all the characters fall within its range. Otherwise, the default UTF-16 encoding is used.\nWhile the feature is Experimental, the cinterop extension functions String.pin, String.usePinned, and String.refTo become less efficient. Each call to them may trigger an automatic string conversion to UTF-16.\nIf none of these options helped, create an issue in YouTrack.\n","pageTitle":"Enable support for Latin-1 strings","metaDescription":"","type":"Documentation","breadcrumbs":"Platforms///Native///Memory manager","root":0,"depth":3}