{"objectID":"_native_objc_interop.html#unsupported","parent":"_native_objc_interop.html#importing_swift_objective_c_libraries_to_kotlin","pageViews":0,"url":"https://kotlinlang.org/docs/native-objc-interop.html#unsupported","mainTitle":"Interoperability with Swift/Objective-C","product":"","headings":"Interoperability with Swift/Objective-C,Unsupported","content":"Some features of the Kotlin programming language are not yet mapped into the respective features of Objective-C or Swift. Currently, the following features are not properly exposed in generated framework headers:\n- Inline classes (arguments are mapped as either underlying primitive type or id)\n- Custom classes implementing standard Kotlin collection interfaces (List, Map, Set) and other special classes\n- Kotlin subclasses of Objective-C classes\n","pageTitle":"Unsupported","metaDescription":"","type":"Documentation","breadcrumbs":"Platforms///Native///Objective-C interop","root":0,"depth":3}