{"objectID":"_native_faq.html#how_do_i_run_kotlin_native_behind_a_corporate_proxy","parent":"_native_faq.html#how_do_i_run_my_program","pageViews":0,"url":"https://kotlinlang.org/docs/native-faq.html#how-do-i-run-kotlin-native-behind-a-corporate-proxy","mainTitle":"Kotlin/Native FAQ","product":"","headings":"Kotlin/Native FAQ,How do I run Kotlin/Native behind a corporate proxy?","content":"As Kotlin/Native needs to download a platform specific toolchain, you need to specify -Dhttp.proxyHost\u003dxxx -Dhttp.proxyPort\u003dxxx as the compiler\u0027s or gradlew arguments, or set it via the JAVA_OPTS environment variable.\n","pageTitle":"How do I run Kotlin/Native behind a corporate proxy?","metaDescription":"","type":"Documentation","breadcrumbs":"Platforms///Native///Reference and tips","root":0,"depth":3}