{"objectID":"_native_memory_manager.html#","parent":"_native_memory_manager.html#garbage_collector","pageViews":0,"url":"https://kotlinlang.org/docs/native-memory-manager.html","mainTitle":"Kotlin/Native memory management","product":"","headings":"Kotlin/Native memory management","content":"Kotlin/Native uses a modern memory manager that is similar to the JVM, Go, and other mainstream technologies, including the following features:\n- Objects are stored in a shared heap and can be accessed from any thread.\n- Tracing garbage collection is performed periodically to collect objects that are not reachable from the \u0026quot;roots\u0026quot;, like local and global variables.\n","pageTitle":"Kotlin/Native memory management","metaDescription":"","type":"Documentation","breadcrumbs":"Platforms///Native///Memory manager","root":0,"depth":3}