{"objectID":"_native_c_interop.html#object_pinning","parent":"_native_c_interop.html#setting_up_your_project","pageViews":0,"url":"https://kotlinlang.org/docs/native-c-interop.html#object-pinning","mainTitle":"Interoperability with C","product":"","headings":"Interoperability with C,Object pinning","content":"Kotlin objects could be pinned, i.e. their position in memory is guaranteed to be stable until they are unpinned, and pointers to such objects\u0027 inner data could be passed to C functions.\nThere\u0027s a couple of approaches you can take:\n- Use the .usePinned() extension function that pins an object, executes a block, and unpins it on normal and exception paths:\nimport kotlinx.cinterop.*\nimport platform.posix.*\n\n@OptIn(ExperimentalForeignApi::class)\nfun readData(fd: Int) {\n    val buffer \u003d ByteArray(1024)\n    buffer.usePinned { pinned -\u0026gt;\n        while (true) {\n            val length \u003d recv(fd, pinned.addressOf(0), buffer.size.convert(), 0).toInt()\n            if (length \u0026lt;\u003d 0) {\n                break\n            }\n            // Now `buffer` has raw data obtained from the `recv()` call.\n        }\n    }\n}\nHere, pinned is an object of a special type Pinned\u0026lt;T\u0026gt;. It provides useful extensions like .addressOf(), which allows getting the address of a pinned array body.\n- Use the .refTo() extension function that has similar functionality under the hood but, in certain cases, may help you reduce boilerplate code:\nimport kotlinx.cinterop.*\nimport platform.posix.*\n\n@OptIn(ExperimentalForeignApi::class)\nfun readData(fd: Int) { \n    val buffer \u003d ByteArray(1024)\n    while (true) {\n        val length \u003d recv(fd, buffer.refTo(0), buffer.size.convert(), 0).toInt()\n\n        if (length \u0026lt;\u003d 0) {\n            break\n        }\n        // Now `buffer` has raw data obtained from the `recv()` call.\n    }\n}\nHere, buffer.refTo(0) has the CValuesRef type that pins the array before entering the recv() function, passes the address of its zeroth element to the function, and unpins the array after exiting.\n","pageTitle":"Object pinning","metaDescription":"","type":"Documentation","breadcrumbs":"Platforms///Native///C interop","root":0,"depth":3}