{"objectID":"_native_debugging.html#known_issues","parent":"_native_debugging.html#produce_binaries_with_debug_info_with_kotlin_native_compiler","pageViews":0,"url":"https://kotlinlang.org/docs/native-debugging.html#known-issues","mainTitle":"Debugging Kotlin/Native","product":"","headings":"Debugging Kotlin/Native,Known issues","content":"- performance of Python bindings.\n","pageTitle":"Known issues","metaDescription":"","type":"Documentation","breadcrumbs":"Platforms///Native","root":0,"depth":2}