{"objectID":"_native_overview.html#","parent":"_native_overview.html#why_kotlin_native","pageViews":0,"url":"https://kotlinlang.org/docs/native-overview.html","mainTitle":"Kotlin/Native","product":"","headings":"Kotlin/Native","content":"Kotlin/Native is a technology for compiling Kotlin code to native binaries that can run without a virtual machine. Kotlin/Native includes an LLVM-based backend for the Kotlin compiler and a native implementation of the Kotlin standard library.\n","pageTitle":"Kotlin/Native","metaDescription":"","type":"Documentation","breadcrumbs":"Kotlin overview","root":0,"depth":1}