{"objectID":"_native_definition_file.html#handle_objective_c_exceptions","parent":"_native_definition_file.html#create_and_configure_a_definition_file","pageViews":0,"url":"https://kotlinlang.org/docs/native-definition-file.html#handle-objective-c-exceptions","mainTitle":"Definition file","product":"","headings":"Definition file,Handle Objective-C exceptions","content":"By default, the program crashes if Objective-C exceptions reach the Objective-C to Kotlin interop boundary and get to the Kotlin code.\nTo propagate Objective-C exceptions to Kotlin, enable wrapping with the foreignExceptionMode \u003d objc-wrap property. In this case, Objective-C exceptions are translated into Kotlin exceptions that get the ForeignException type.\n","pageTitle":"Handle Objective-C exceptions","metaDescription":"","type":"Documentation","breadcrumbs":"Platforms///Native","root":0,"depth":2}