{"objectID":"_native_arc_integration.html#deinitializers","parent":"_native_arc_integration.html#threads","pageViews":0,"url":"https://kotlinlang.org/docs/native-arc-integration.html#deinitializers","mainTitle":"Integration with Swift/Objective-C ARC","product":"","headings":"Integration with Swift/Objective-C ARC,Deinitializers","content":"Deinitialization on the Swift/Objective-C objects and the objects they refer to is called on the main thread if these objects are passed to Kotlin on the main thread, for example:\n// Kotlin\nclass KotlinExample {\n    fun action(arg: Any) {\n        println(arg)\n    }\n}\n// Swift\nclass SwiftExample {\n    init() {\n        print(\"init on \\(Thread.current)\")\n    }\n\n    deinit {\n        print(\"deinit on \\(Thread.current)\")\n    }\n}\n\nfunc test() {\n    KotlinExample().action(arg: SwiftExample())\n}\nThe resulting output:\ninit on \u0026lt;_NSMainThread: 0x600003bc0000\u0026gt;{number \u003d 1, name \u003d main}\nshared.SwiftExample\ndeinit on \u0026lt;_NSMainThread: 0x600003bc0000\u0026gt;{number \u003d 1, name \u003d main}\nDeinitialization on the Swift/Objective-C objects is called on a special GC thread instead of the main one if:\n- Swift/Objective-C objects are passed to Kotlin on a thread other than main.\n- The main dispatch queue isn\u0027t processed.\nIf you want to call deinitialization on a special GC thread explicitly, set kotlin.native.binary.objcDisposeOnMain\u003dfalse in your gradle.properties. This option enables deinitialization on a special GC thread, even if Swift/Objective-C objects were passed to Kotlin on the main thread.\nA special GC thread complies with the Objective-C runtime, meaning that it has a run loop and drain autorelease pools.\n","pageTitle":"Deinitializers","metaDescription":"","type":"Documentation","breadcrumbs":"Platforms///Native///Memory manager","root":0,"depth":3}