{"objectID":"_nested_classes.html#","parent":"_nested_classes.html#inner_classes","pageViews":0,"url":"https://kotlinlang.org/docs/nested-classes.html","mainTitle":"Nested and inner classes","product":"","headings":"Nested and inner classes","content":"Classes can be nested in other classes:\nclass Outer {\n    private val bar: Int \u003d 1\n    class Nested {\n        fun foo() \u003d 2\n    }\n}\n\nval demo \u003d Outer.Nested().foo() // \u003d\u003d 2\nYou can also use interfaces with nesting. All combinations of classes and interfaces are possible: You can nest interfaces in classes, classes in interfaces, and interfaces in interfaces.\ninterface OuterInterface {\n    class InnerClass\n    interface InnerInterface\n}\n\nclass OuterClass {\n    class InnerClass\n    interface InnerInterface\n}\n","pageTitle":"Nested and inner classes","metaDescription":"","type":"Documentation","breadcrumbs":"Concepts///Classes and objects","root":0,"depth":2}