{"objectID":"_no_arg_plugin.html#command_line_compiler","parent":"_no_arg_plugin.html#in_your_kotlin_file","pageViews":0,"url":"https://kotlinlang.org/docs/no-arg-plugin.html#command-line-compiler","mainTitle":"No-arg compiler plugin","product":"","headings":"No-arg compiler plugin,Command-line compiler","content":"Add the plugin JAR file to the compiler plugin classpath and specify annotations or presets:\n-Xplugin\u003d$KOTLIN_HOME/lib/noarg-compiler-plugin.jar\n-P plugin:org.jetbrains.kotlin.noarg:annotation\u003dcom.my.Annotation\n-P plugin:org.jetbrains.kotlin.noarg:preset\u003djpa\n","pageTitle":"Command-line compiler","metaDescription":"","type":"Documentation","breadcrumbs":"Compiler and plugins///Kotlin compiler plugins","root":0,"depth":2}