{"objectID":"_no_arg_plugin.html#maven","parent":"_no_arg_plugin.html#in_your_kotlin_file","pageViews":0,"url":"https://kotlinlang.org/docs/no-arg-plugin.html#maven","mainTitle":"No-arg compiler plugin","product":"","headings":"No-arg compiler plugin,Maven","content":"\u0026lt;plugin\u0026gt;\n    \u0026lt;artifactId\u0026gt;kotlin-maven-plugin\u0026lt;/artifactId\u0026gt;\n    \u0026lt;groupId\u0026gt;org.jetbrains.kotlin\u0026lt;/groupId\u0026gt;\n    \u0026lt;version\u0026gt;${kotlin.version}\u0026lt;/version\u0026gt;\n\n    \u0026lt;configuration\u0026gt;\n        \u0026lt;compilerPlugins\u0026gt;\n            \u0026lt;!-- Or \"jpa\" for JPA support --\u0026gt;\n            \u0026lt;plugin\u0026gt;no-arg\u0026lt;/plugin\u0026gt;\n        \u0026lt;/compilerPlugins\u0026gt;\n\n        \u0026lt;pluginOptions\u0026gt;\n            \u0026lt;option\u0026gt;no-arg:annotation\u003dcom.my.Annotation\u0026lt;/option\u0026gt;\n            \u0026lt;!-- Call instance initializers in the synthetic constructor --\u0026gt;\n            \u0026lt;!-- \u0026lt;option\u0026gt;no-arg:invokeInitializers\u003dtrue\u0026lt;/option\u0026gt; --\u0026gt;\n        \u0026lt;/pluginOptions\u0026gt;\n    \u0026lt;/configuration\u0026gt;\n\n    \u0026lt;dependencies\u0026gt;\n        \u0026lt;dependency\u0026gt;\n            \u0026lt;groupId\u0026gt;org.jetbrains.kotlin\u0026lt;/groupId\u0026gt;\n            \u0026lt;artifactId\u0026gt;kotlin-maven-noarg\u0026lt;/artifactId\u0026gt;\n            \u0026lt;version\u0026gt;${kotlin.version}\u0026lt;/version\u0026gt;\n        \u0026lt;/dependency\u0026gt;\n    \u0026lt;/dependencies\u0026gt;\n\u0026lt;/plugin\u0026gt;\n","pageTitle":"Maven","metaDescription":"","type":"Documentation","breadcrumbs":"Compiler and plugins///Kotlin compiler plugins","root":0,"depth":2}