{"objectID":"_no_arg_plugin.html#","parent":"_no_arg_plugin.html#in_your_kotlin_file","pageViews":0,"url":"https://kotlinlang.org/docs/no-arg-plugin.html","mainTitle":"No-arg compiler plugin","product":"","headings":"No-arg compiler plugin","content":"The no-arg compiler plugin generates an additional zero-argument constructor for classes with a specific annotation.\nThe generated constructor is synthetic, so it can\u0027t be directly called from Java or Kotlin, but it can be called using reflection.\nThis allows the Java Persistence API (JPA) to instantiate a class although it doesn\u0027t have the zero-parameter constructor from Kotlin or Java point of view (see the description of kotlin-jpa plugin below).\n","pageTitle":"No-arg compiler plugin","metaDescription":"","type":"Documentation","breadcrumbs":"Compiler and plugins///Kotlin compiler plugins","root":0,"depth":2}