{"objectID":"_no_arg_plugin.html#in_your_kotlin_file","parent":"_no_arg_plugin.html#in_your_kotlin_file","pageViews":0,"url":"https://kotlinlang.org/docs/no-arg-plugin.html#in-your-kotlin-file","mainTitle":"No-arg compiler plugin","product":"","headings":"No-arg compiler plugin,In your Kotlin file","content":"Add new annotations to mark the code that needs a zero-argument constructor:\npackage com.my\n\nannotation class Annotation\n","pageTitle":"In your Kotlin file","metaDescription":"","type":"Documentation","breadcrumbs":"Compiler and plugins///Kotlin compiler plugins","root":0,"depth":2}