{"objectID":"_null_safety.html#collections_of_a_nullable_type","parent":"_null_safety.html#nullable_types_and_non_nullable_types","pageViews":0,"url":"https://kotlinlang.org/docs/null-safety.html#collections-of-a-nullable-type","mainTitle":"Null safety","product":"","headings":"Null safety,Collections of a nullable type","content":"If you have a collection of nullable elements and want to keep only the non-null ones, use the filterNotNull() function:\nfun main() {\n//sampleStart\n    // Declares a list containing some null and non-null integer values\n    val nullableList: List\u0026lt;Int?\u0026gt; \u003d listOf(1, 2, null, 4)\n\n    // Filters out null values, resulting in a list of non-null integers\n    val intList: List\u0026lt;Int\u0026gt; \u003d nullableList.filterNotNull()\n  \n    println(intList)\n    // [1, 2, 4]\n//sampleEnd\n}\n","pageTitle":"Collections of a nullable type","metaDescription":"","type":"Documentation","breadcrumbs":"Concepts","root":0,"depth":1}