{"objectID":"_null_safety.html#what_s_next","parent":"_null_safety.html#nullable_types_and_non_nullable_types","pageViews":0,"url":"https://kotlinlang.org/docs/null-safety.html#what-s-next","mainTitle":"Null safety","product":"","headings":"Null safety,What\u0027s next?","content":"- Learn how to handle nullability in Java and Kotlin.\n- Learn about generic types that are definitely non-nullable.\n","pageTitle":"What\u0027s next?","metaDescription":"","type":"Documentation","breadcrumbs":"Concepts","root":0,"depth":1}