{"objectID":"_null_safety.html#safe_casts","parent":"_null_safety.html#nullable_types_and_non_nullable_types","pageViews":0,"url":"https://kotlinlang.org/docs/null-safety.html#safe-casts","mainTitle":"Null safety","product":"","headings":"Null safety,Safe casts","content":"The regular Kotlin operator for type casts is the as operator. However, regular casts can result in an exception if the object is not of the target type.\nYou can use the as? operator for safe casts. It tries to cast a value to the specified type and returns null if the value is not of that type:\nfun main() {\n//sampleStart\n    // Declares a variable of type Any, which can hold any type of value\n    val a: Any \u003d \"Hello, Kotlin!\"\n\n    // Safe casts to Int using the \u0027as?\u0027 operator\n    val aInt: Int? \u003d a as? Int\n    // Safe casts to String using the \u0027as?\u0027 operator\n    val aString: String? \u003d a as? String\n\n    println(aInt)\n    // null\n    println(aString)\n    // \"Hello, Kotlin!\"\n//sampleEnd\n}\nThe code above prints null because a is not an Int, so the cast fails safely. It also prints \u0026quot;Hello, Kotlin!\u0026quot; because it matches the String? type, so the safe cast succeeds.\n","pageTitle":"Safe casts","metaDescription":"","type":"Documentation","breadcrumbs":"Concepts","root":0,"depth":1}