{"objectID":"_numbers.html#reasoning_against_implicit_conversions","parent":"_numbers.html#integer_types","pageViews":0,"url":"https://kotlinlang.org/docs/numbers.html#reasoning-against-implicit-conversions","mainTitle":"Numbers","product":"","headings":"Numbers,Reasoning against implicit conversions","content":"Kotlin doesn\u0027t support implicit conversions because they can lead to unexpected behavior.\nIf numbers of different types were converted implicitly, we could sometimes lose equality and identity silently. For example, imagine if Int was a subtype of Long:\n// Hypothetical code, does not actually compile:\nval a: Int? \u003d 1    // A boxed Int (java.lang.Integer)\nval b: Long? \u003d a   // Implicit conversion yields a boxed Long (java.lang.Long)\nprint(b \u003d\u003d a)      // Prints \"false\" as Long.equals() checks not only the value but whether the other number is Long as well\n","pageTitle":"Reasoning against implicit conversions","metaDescription":"","type":"Documentation","breadcrumbs":"Concepts///Types///Basic types","root":0,"depth":3}