{"objectID":"_numbers.html#explicit_number_conversions","parent":"_numbers.html#integer_types","pageViews":0,"url":"https://kotlinlang.org/docs/numbers.html#explicit-number-conversions","mainTitle":"Numbers","product":"","headings":"Numbers,Explicit number conversions","content":"Due to different representations, number types are not subtypes of each other. As a consequence, smaller types are not implicitly converted to bigger types and vice versa. For example, assigning a value of type Byte to an Int variable requires an explicit conversion:\nfun main() {\n//sampleStart\n    val byte: Byte \u003d 1\n    // OK, literals are checked statically\n    \n    val intAssignedByte: Int \u003d byte \n    // Initializer type mismatch\n    \n    val intConvertedByte: Int \u003d byte.toInt()\n    \n    println(intConvertedByte)\n//sampleEnd\n}\nAll number types support conversions to other types:\n- toByte(): Byte (deprecated for Float and Double)\n- toShort(): Short\n- toInt(): Int\n- toLong(): Long\n- toFloat(): Float\n- toDouble(): Double\nIn many cases, there is no need for explicit conversion because the type is inferred from the context, and arithmetical operators are overloaded to handle conversions automatically. For example:\nfun main() {\n//sampleStart\n    val l \u003d 1L + 3       // Long + Int \u003d\u0026gt; Long\n    println(l is Long)   // true\n//sampleEnd\n}\n","pageTitle":"Explicit number conversions","metaDescription":"","type":"Documentation","breadcrumbs":"Concepts///Types///Basic types","root":0,"depth":3}