{"objectID":"_numbers.html#floating_point_types","parent":"_numbers.html#integer_types","pageViews":0,"url":"https://kotlinlang.org/docs/numbers.html#floating-point-types","mainTitle":"Numbers","product":"","headings":"Numbers,Floating-point types","content":"For real numbers, Kotlin provides floating-point types Float and Double that adhere to the IEEE 754 standard. Float reflects the IEEE 754 single precision, while Double reflects double precision.\nThese types differ in their size and provide storage for floating-point numbers with different precision:\nType Size (bits) Significant bits Exponent bits Decimal digits\nFloat 32 24 8 6-7\nDouble 64 53 11 15-16\nYou can initialize Double and Float variables only with numbers that have a fractional part. Separate the fractional part from the integer part by a period (.)\nFor variables initialized with fractional numbers, the compiler infers the Double type:\nval pi \u003d 3.14          // Double\n\nval one: Double \u003d 1    // Int is inferred\n// Initializer type mismatch\n\nval oneDouble \u003d 1.0    // Double\nTo explicitly specify the Float type for a value, add the suffix f or F. If a value provided in this way contains more than 7 decimal digits, it is rounded:\nval e \u003d 2.7182818284          // Double\nval eFloat \u003d 2.7182818284f    // Float, actual value is 2.7182817\nUnlike in some other languages, there are no implicit widening conversions for numbers in Kotlin. For example, a function with a Double parameter can be called only on Double values, but not Float, Int, or other numeric values:\nfun main() {\n//sampleStart\n    fun printDouble(x: Double) { print(x) }\n\n    val x \u003d 1.0\n    val xInt \u003d 1    \n    val xFloat \u003d 1.0f \n\n    printDouble(x)\n    \n    printDouble(xInt)   \n    // Argument type mismatch\n    \n    printDouble(xFloat)\n    // Argument type mismatch\n//sampleEnd\n}\nTo convert numeric values to different types, use explicit conversions.\n","pageTitle":"Floating-point types","metaDescription":"","type":"Documentation","breadcrumbs":"Concepts///Types///Basic types","root":0,"depth":3}