{"objectID":"_object_declarations.html#differences_between_data_objects_and_data_classes","parent":"_object_declarations.html#object_declarations_overview","pageViews":0,"url":"https://kotlinlang.org/docs/object-declarations.html#differences-between-data-objects-and-data-classes","mainTitle":"Object declarations and expressions","product":"","headings":"Object declarations and expressions,Differences between data objects and data classes","content":"While data object and data class declarations are often used together and have some similarities, there are some functions that are not generated for a data object:\n- No copy() function. Because a data object declaration is intended to be used as singletons, no copy() function is generated. Singletons restrict the instantiation of a class to a single instance, which would be violated by allowing copies of the instance to be created.\n- No componentN() function. Unlike a data class, a data object does not have any data properties. Since attempting to destructure such an object without data properties wouldn\u0027t make sense, no componentN() functions are generated.\n","pageTitle":"Differences between data objects and data classes","metaDescription":"","type":"Documentation","breadcrumbs":"Concepts///Classes and objects","root":0,"depth":2}