{"objectID":"_object_declarations.html#create_anonymous_objects_from_scratch","parent":"_object_declarations.html#object_declarations_overview","pageViews":0,"url":"https://kotlinlang.org/docs/object-declarations.html#create-anonymous-objects-from-scratch","mainTitle":"Object declarations and expressions","product":"","headings":"Object declarations and expressions,Create anonymous objects from scratch","content":"Object expressions start with the object keyword.\nIf the object doesn\u0027t extend any classes or implement interfaces, you can define an object\u0027s members directly inside curly braces after the object keyword:\nfun main() {\n//sampleStart\n    val helloWorld \u003d object {\n        val hello \u003d \"Hello\"\n        val world \u003d \"World\"\n        // Object expressions extend the Any class, which already has a toString() function,\n        // so it must be overridden\n        override fun toString() \u003d \"$hello $world\"\n    }\n\n    print(helloWorld)\n    // Hello World\n//sampleEnd\n}\n","pageTitle":"Create anonymous objects from scratch","metaDescription":"","type":"Documentation","breadcrumbs":"Concepts///Classes and objects","root":0,"depth":2}