{"objectID":"_object_declarations.html#inherit_anonymous_objects_from_supertypes","parent":"_object_declarations.html#object_declarations_overview","pageViews":0,"url":"https://kotlinlang.org/docs/object-declarations.html#inherit-anonymous-objects-from-supertypes","mainTitle":"Object declarations and expressions","product":"","headings":"Object declarations and expressions,Inherit anonymous objects from supertypes","content":"To create an anonymous object that inherits from some type (or types), specify this type after object and a colon :. Then implement or override the members of this class as if you were inheriting from it:\nwindow.addMouseListener(object : MouseAdapter() {\n    override fun mouseClicked(e: MouseEvent) { /*...*/ }\n\n    override fun mouseEntered(e: MouseEvent) { /*...*/ }\n})\nIf a supertype has a constructor, pass the appropriate constructor parameters to it. Multiple supertypes can be specified, separated by commas, after the colon:\n//sampleStart\n// Creates an open class BankAccount with a balance property\nopen class BankAccount(initialBalance: Int) {\n    open val balance: Int \u003d initialBalance\n}\n\n// Defines an interface Transaction with an execute() function\ninterface Transaction {\n    fun execute()\n}\n\n// A function to perform a special transaction on a BankAccount\nfun specialTransaction(account: BankAccount) {\n    // Creates an anonymous object that inherits from the BankAccount class and implements the Transaction interface\n    // The balance of the provided account is passed to the BankAccount superclass constructor\n    val temporaryAccount \u003d object : BankAccount(account.balance), Transaction {\n\n        override val balance \u003d account.balance + 500  // Temporary bonus\n\n        // Implements the execute() function from the Transaction interface\n        override fun execute() {\n            println(\"Executing special transaction. New balance is $balance.\")\n        }\n    }\n    // Executes the transaction\n    temporaryAccount.execute()\n}\n//sampleEnd\nfun main() {\n    // Creates a BankAccount with an initial balance of 1000\n    val myAccount \u003d BankAccount(1000)\n    // Performs a special transaction on the created account\n    specialTransaction(myAccount)\n    // Executing special transaction. New balance is 1500.\n}\n","pageTitle":"Inherit anonymous objects from supertypes","metaDescription":"","type":"Documentation","breadcrumbs":"Concepts///Classes and objects","root":0,"depth":2}