{"objectID":"_object_declarations.html#use_data_objects_with_sealed_hierarchies","parent":"_object_declarations.html#object_declarations_overview","pageViews":0,"url":"https://kotlinlang.org/docs/object-declarations.html#use-data-objects-with-sealed-hierarchies","mainTitle":"Object declarations and expressions","product":"","headings":"Object declarations and expressions,Use data objects with sealed hierarchies","content":"Data object declarations are particularly useful for sealed hierarchies like sealed classes or sealed interfaces. They allow you to maintain symmetry with any data classes you may have defined alongside the object.\nIn this example, declaring EndOfFile as a data object instead of a plain object means that it will get the toString() function without the need to override it manually:\nsealed interface ReadResult\ndata class Number(val number: Int) : ReadResult\ndata class Text(val text: String) : ReadResult\ndata object EndOfFile : ReadResult\n\nfun main() {\n    println(Number(7)) \n    // Number(number\u003d7)\n    println(EndOfFile) \n    // EndOfFile\n}\n","pageTitle":"Use data objects with sealed hierarchies","metaDescription":"","type":"Documentation","breadcrumbs":"Concepts///Classes and objects","root":0,"depth":2}