{"objectID":"_object_declarations.html#behavior_difference_between_object_declarations_and_expressions","parent":"_object_declarations.html#object_declarations_overview","pageViews":0,"url":"https://kotlinlang.org/docs/object-declarations.html#behavior-difference-between-object-declarations-and-expressions","mainTitle":"Object declarations and expressions","product":"","headings":"Object declarations and expressions,Behavior difference between object declarations and expressions","content":"There are differences in the initialization behavior between object declarations and object expressions:\n- Object expressions are executed (and initialized) immediately, where they are used.\n- Object declarations are initialized lazily, when accessed for the first time.\n- A companion object is initialized when the corresponding class is loaded (resolved) that matches the semantics of a Java static initializer.\n","pageTitle":"Behavior difference between object declarations and expressions","metaDescription":"","type":"Documentation","breadcrumbs":"Concepts///Classes and objects","root":0,"depth":2}