{"objectID":"_operator_overloading.html#increments_and_decrements","parent":"_operator_overloading.html#unary_operations","pageViews":0,"url":"https://kotlinlang.org/docs/operator-overloading.html#increments-and-decrements","mainTitle":"Operator overloading","product":"","headings":"Operator overloading,Increments and decrements","content":"Expression Translated to\na++ a.inc() + see below\na-- a.dec() + see below\nThe inc() and dec() functions must return a value, which will be assigned to the variable on which the ++ or -- operation was used. They shouldn\u0027t mutate the object on which the inc or dec was invoked.\nThe compiler performs the following steps for resolution of an operator in the postfix form, for example a++:\n- Determines the type of a, let it be T.\n- Looks up a function inc() with the operator modifier and no parameters, applicable to the receiver of type T.\n- Checks that the return type of the function is a subtype of T.\nThe effect of computing the expression is:\n- Store the initial value of a to a temporary storage a0.\n- Assign the result of a0.inc() to a.\n- Return a0 as the result of the expression.\nFor a-- the steps are completely analogous.\nFor the prefix forms ++a and --a resolution works the same way, and the effect is:\n- Assign the result of a.inc() to a.\n- Return the new value of a as a result of the expression.\n","pageTitle":"Increments and decrements","metaDescription":"","type":"Documentation","breadcrumbs":"Concepts///Functions","root":0,"depth":2}