{"objectID":"_operator_overloading.html#property_delegation_operators","parent":"_operator_overloading.html#unary_operations","pageViews":0,"url":"https://kotlinlang.org/docs/operator-overloading.html#property-delegation-operators","mainTitle":"Operator overloading","product":"","headings":"Operator overloading,Property delegation operators","content":"provideDelegate, getValue and setValue operator functions are described in Delegated properties.\n","pageTitle":"Property delegation operators","metaDescription":"","type":"Documentation","breadcrumbs":"Concepts///Functions","root":0,"depth":2}