{"objectID":"_operator_overloading.html#indexed_access_operator","parent":"_operator_overloading.html#unary_operations","pageViews":0,"url":"https://kotlinlang.org/docs/operator-overloading.html#indexed-access-operator","mainTitle":"Operator overloading","product":"","headings":"Operator overloading,Indexed access operator","content":"Expression Translated to\na[i] a.get(i)\na[i, j] a.get(i, j)\na[i_1, ..., i_n] a.get(i_1, ..., i_n)\na[i] \u003d b a.set(i, b)\na[i, j] \u003d b a.set(i, j, b)\na[i_1, ..., i_n] \u003d b a.set(i_1, ..., i_n, b)\nSquare brackets are translated to calls to get and set with appropriate numbers of arguments.\n","pageTitle":"Indexed access operator","metaDescription":"","type":"Documentation","breadcrumbs":"Concepts///Functions","root":0,"depth":2}