{"objectID":"_operator_overloading.html#in_operator","parent":"_operator_overloading.html#unary_operations","pageViews":0,"url":"https://kotlinlang.org/docs/operator-overloading.html#in-operator","mainTitle":"Operator overloading","product":"","headings":"Operator overloading,in operator","content":"Expression Translated to\na in b b.contains(a)\na !in b !b.contains(a)\nFor in and !in the procedure is the same, but the order of arguments is reversed.\n","pageTitle":"in operator","metaDescription":"","type":"Documentation","breadcrumbs":"Concepts///Functions","root":0,"depth":2}