{"objectID":"_operator_overloading.html#","parent":"_operator_overloading.html#unary_operations","pageViews":0,"url":"https://kotlinlang.org/docs/operator-overloading.html","mainTitle":"Operator overloading","product":"","headings":"Operator overloading","content":"Kotlin allows you to provide custom implementations for the predefined set of operators on types. These operators have predefined symbolic representation (like + or *) and precedence. To implement an operator, provide a member function or an extension function with a specific name for the corresponding type. This type becomes the left-hand side type for binary operations and the argument type for the unary ones.\nTo overload an operator, mark the corresponding function with the operator modifier:\ninterface IndexedContainer {\n    operator fun get(index: Int)\n}\nWhen overriding your operator overloads, you can omit operator:\nclass OrdersList: IndexedContainer {\n    override fun get(index: Int) { /*...*/ }   \n}\n","pageTitle":"Operator overloading","metaDescription":"","type":"Documentation","breadcrumbs":"Concepts///Functions","root":0,"depth":2}