{"objectID":"_opt_in_requirements.html#","parent":"_opt_in_requirements.html#opt_in_to_api","pageViews":0,"url":"https://kotlinlang.org/docs/opt-in-requirements.html","mainTitle":"Opt-in requirements","product":"","headings":"Opt-in requirements","content":"The Kotlin standard library provides a mechanism for requiring and giving explicit consent to use certain API elements. This mechanism allows library authors to inform users about specific conditions that require opt-in, such as when an API is in an experimental state and is likely to change in the future.\nTo protect users, the compiler warns about these conditions and requires them to opt in before the API can be used.\n","pageTitle":"Opt-in requirements","metaDescription":"","type":"Documentation","breadcrumbs":"Standard library","root":0,"depth":1}