{"objectID":"_opt_in_requirements.html#opt_in_to_inherit_from_a_class_or_interface","parent":"_opt_in_requirements.html#opt_in_to_api","pageViews":0,"url":"https://kotlinlang.org/docs/opt-in-requirements.html#opt-in-to-inherit-from-a-class-or-interface","mainTitle":"Opt-in requirements","product":"","headings":"Opt-in requirements,Opt in to inherit from a class or interface","content":"Sometimes, a library author provides an API but wants to require users to explicitly opt in before they can extend it. For example, the library API may be stable for use but not for inheritance, as it might be extended in the future with new abstract functions. Library authors can enforce this by marking open or abstract classes and non-functional interfaces with the @SubclassOptInRequired annotation.\nTo opt in to use such an API element and extend it in your code, use the @SubclassOptInRequired annotation with a reference to the annotation class. For example, suppose you want to use the CoreLibraryApi interface, which requires an opt-in:\n// Library code\n@RequiresOptIn(\n level \u003d RequiresOptIn.Level.WARNING,\n message \u003d \"Interfaces in this library are experimental\"\n)\nannotation class UnstableApi()\n\n@SubclassOptInRequired(UnstableApi::class)\n// An interface requiring opt-in to extend\ninterface CoreLibraryApi \nIn your code, before creating a new interface that inherits from the CoreLibraryApi interface, add the @SubclassOptInRequired annotation with a reference to the UnstableApi annotation class:\n// Client code\n@SubclassOptInRequired(UnstableApi::class)\ninterface SomeImplementation : CoreLibraryApi\nNote that when you use the @SubclassOptInRequired annotation on a class, the opt-in requirement is not propagated to any inner or nested classes:\n// Library code\n@RequiresOptIn\nannotation class ExperimentalFeature\n\n@SubclassOptInRequired(ExperimentalFeature::class)\nopen class FileSystem {\n    open class File\n}\n\n// Client code\n\n// Opt-in is required\nclass NetworkFileSystem : FileSystem()\n\n// Nested class\n// No opt-in required\nclass TextFile : FileSystem.File()\nAlternatively, you can opt in by using the @OptIn annotation. You can also use an experimental marker annotation to propagate the requirement further to any uses of the class in your code:\n// Client code\n// With @OptIn annotation\n@OptInRequired(UnstableApi::class)\ninterface SomeImplementation : CoreLibraryApi\n\n// With annotation referencing annotation class\n// Propagates the opt-in requirement further\n@UnstableApi\ninterface SomeImplementation : CoreLibraryApi\n","pageTitle":"Opt in to inherit from a class or interface","metaDescription":"","type":"Documentation","breadcrumbs":"Standard library","root":0,"depth":1}