{"objectID":"_opt_in_requirements.html#opt_in_to_api","parent":"_opt_in_requirements.html#opt_in_to_api","pageViews":0,"url":"https://kotlinlang.org/docs/opt-in-requirements.html#opt-in-to-api","mainTitle":"Opt-in requirements","product":"","headings":"Opt-in requirements,Opt in to API","content":"If a library author marks a declaration from their library\u0027s API as requiring opt-in, you must give explicit consent before you can use it in your code. There are several ways to opt in. We recommend choosing the approach that best suits your situation.\n","pageTitle":"Opt in to API","metaDescription":"","type":"Documentation","breadcrumbs":"Standard library","root":0,"depth":1}