{"objectID":"_opt_in_requirements.html#propagate_opt_in_requirements","parent":"_opt_in_requirements.html#opt_in_to_api","pageViews":0,"url":"https://kotlinlang.org/docs/opt-in-requirements.html#propagate-opt-in-requirements","mainTitle":"Opt-in requirements","product":"","headings":"Opt-in requirements,Propagate opt-in requirements","content":"When you use API in your code that\u0027s intended for third-party use, such as in a library, you can propagate its opt-in requirement to your API as well. To do this, mark your declaration with the same opt-in requirement annotation used by the library.\nFor example, before declaring a function that uses the DateProvider class, add the @MyDateTime annotation:\n// Client code\n@MyDateTime\nfun getDate(): Date {\n    // OK: the function requires opt-in as well\n    val dateProvider: DateProvider\n    // ...\n}\n\nfun displayDate() {\n    println(getDate())\n    // Error: getDate() requires opt-in\n}\nAs you can see in this example, the annotated function appears to be a part of the @MyDateTime API. The opt-in propagates the opt-in requirement to users of the getDate() function.\nIf the signature of an API element includes a type that requires opt-in, the signature itself must also require opt-in. Otherwise, if an API element doesn\u0027t require opt-in, but its signature includes a type that does, using it triggers an error.\n// Client code\n@MyDateTime\nfun getDate(dateProvider: DateProvider \u003d DateProvider()): Date\n\n@MyDateTime\nfun displayDate() {\n    // OK: the function requires opt-in as well\n    println(getDate())\n}\nSimilarly, if you apply @OptIn to a declaration whose signature includes a type that requires opt-in, the opt-in requirement still propagates:\n// Client code\n@OptIn(MyDateTime::class)\n// Propagates opt-in due to DateProvider in the signature\nfun getDate(dateProvider: DateProvider \u003d DateProvider()): Date\n\nfun displayDate() {\n    println(getDate())\n    // Error: getDate() requires opt-in\n}\nWhen propagating opt-in requirements, it\u0027s important to understand that if an API element becomes stable and no longer has an opt-in requirement, any other API elements that still have the opt-in requirement remain experimental. For example, suppose a library author removes the opt-in requirement for the getDate() function because it\u0027s now stable:\n// Library code\n// No opt-in requirement\nfun getDate(): Date {\n    val dateProvider: DateProvider\n    // ...\n}\nIf you use the displayDate() function without removing the opt-in annotation, it remains experimental even though the opt-in is no longer needed:\n// Client code\n\n// Still experimental!\n@MyDateTime \nfun displayDate() {\n    // Uses a stable library function\n    println(getDate())\n}\n","pageTitle":"Propagate opt-in requirements","metaDescription":"","type":"Documentation","breadcrumbs":"Standard library","root":0,"depth":1}