{"objectID":"_opt_in_requirements.html#require_opt_in_to_use_api","parent":"_opt_in_requirements.html#opt_in_to_api","pageViews":0,"url":"https://kotlinlang.org/docs/opt-in-requirements.html#require-opt-in-to-use-api","mainTitle":"Opt-in requirements","product":"","headings":"Opt-in requirements,Require opt-in to use API","content":"You can require users of your library to opt in before they are able to use your API. Additionally, you can inform users about any special conditions for using your API until you decide to remove the opt-in requirement.\n","pageTitle":"Require opt-in to use API","metaDescription":"","type":"Documentation","breadcrumbs":"Standard library","root":0,"depth":1}