{"objectID":"_power_assert.html#use_the_plugin","parent":"_power_assert.html#apply_the_plugin","pageViews":0,"url":"https://kotlinlang.org/docs/power-assert.html#use-the-plugin","mainTitle":"Power-assert compiler plugin","product":"","headings":"Power-assert compiler plugin,Use the plugin","content":"This section provides examples of using the Power-assert compiler plugin.\nSee the complete code of the build script file build.gradle.kts for all these examples:\nimport org.jetbrains.kotlin.gradle.ExperimentalKotlinGradlePluginApi\n\nplugins {\n    kotlin(\"jvm\") version \"2.2.0\"\n    kotlin(\"plugin.power-assert\") version \"2.2.0\"\n}\n\ngroup \u003d \"org.example\"\nversion \u003d \"1.0-SNAPSHOT\"\n\nrepositories {\n    mavenCentral()\n}\n\ndependencies {\n    testImplementation(kotlin(\"test\"))\n}\n\ntasks.test {\n    useJUnitPlatform()\n}\n\n@OptIn(ExperimentalKotlinGradlePluginApi::class)\npowerAssert {\n    functions \u003d listOf(\"kotlin.assert\", \"kotlin.test.assertEquals\", \"kotlin.test.assertTrue\", \"kotlin.test.assertNull\", \"kotlin.require\", \"org.example.AssertScope.assert\")\n}\n","pageTitle":"Use the plugin","metaDescription":"","type":"Documentation","breadcrumbs":"Compiler and plugins///Kotlin compiler plugins","root":0,"depth":2}