{"objectID":"_power_assert.html#assert_function","parent":"_power_assert.html#apply_the_plugin","pageViews":0,"url":"https://kotlinlang.org/docs/power-assert.html#assert-function","mainTitle":"Power-assert compiler plugin","product":"","headings":"Power-assert compiler plugin,Assert function","content":"Consider the following test with the assert() function:\nimport kotlin.test.Test\n\nclass SampleTest {\n\n    @Test\n    fun testFunction() {\n        val hello \u003d \"Hello\"\n        val world \u003d \"world!\"\n        assert(hello.length \u003d\u003d world.substring(1, 4).length) { \"Incorrect length\" }\n    }\n}\nIf you run the testFunction() test with the Power-assert plugin enabled, you get the explicit failure message:\nIncorrect length\nassert(hello.length \u003d\u003d world.substring(1, 4).length) { \"Incorrect length\" }\n       |     |      |  |     |               |\n       |     |      |  |     |               3\n       |     |      |  |     orl\n       |     |      |  world!\n       |     |      false\n       |     5\n       Hello\nTo get a more complete error message, always inline the variable into the test function parameters. Consider the following test function:\nclass ComplexExampleTest {\n\n    data class Person(val name: String, val age: Int)\n \n    @Test\n    fun testComplexAssertion() {\n        val person \u003d Person(\"Alice\", 10)\n        val isValidName \u003d person.name.startsWith(\"A\") \u0026\u0026 person.name.length \u0026gt; 3\n        val isValidAge \u003d person.age in 21..28\n        assert(isValidName \u0026\u0026 isValidAge)\n    }\n}\nThe output of the executed code doesn\u0027t provide enough information to find the cause of the problem:\nAssertion failed\nassert(isValidName \u0026\u0026 isValidAge)\n       |              |\n       |              false\n       true\nInline the variable into the assert() function:\nclass ComplexExampleTest {\n\n    data class Person(val name: String, val age: Int)\n\n    @Test\n    fun testComplexAssertion() {\n        val person \u003d Person(\"Alice\", 10)\n        assert(person.name.startsWith(\"A\") \u0026\u0026 person.name.length \u0026gt; 3 \u0026\u0026 person.age \u0026gt; 20 \u0026\u0026 person.age \u0026lt; 29)\n    }\n}\nAfter execution, you get more explicit information about what went wrong:\nAssertion failed\nassert(person.name.startsWith(\"A\") \u0026\u0026 person.name.length \u0026gt; 3 \u0026\u0026 person.age \u0026gt; 20 \u0026\u0026 person.age \u0026lt; 29)\n       |      |    |                  |      |    |      |      |      |   |\n       |      |    |                  |      |    |      |      |      |   false\n       |      |    |                  |      |    |      |      |      10\n       |      |    |                  |      |    |      |      Person(name\u003dAlice, age\u003d10)\n       |      |    |                  |      |    |      true\n       |      |    |                  |      |    5\n       |      |    |                  |      Alice\n       |      |    |                  Person(name\u003dAlice, age\u003d10)\n       |      |    true\n       |      Alice\n       Person(name\u003dAlice, age\u003d10)\n","pageTitle":"Assert function","metaDescription":"","type":"Documentation","breadcrumbs":"Compiler and plugins///Kotlin compiler plugins","root":0,"depth":2}