{"objectID":"_power_assert.html#what_s_next","parent":"_power_assert.html#apply_the_plugin","pageViews":0,"url":"https://kotlinlang.org/docs/power-assert.html#what-s-next","mainTitle":"Power-assert compiler plugin","product":"","headings":"Power-assert compiler plugin,What\u0027s next","content":"- Look through a simple project with the plugin enabled and a more complex project with multiple source sets.\n","pageTitle":"What\u0027s next","metaDescription":"","type":"Documentation","breadcrumbs":"Compiler and plugins///Kotlin compiler plugins","root":0,"depth":2}