{"objectID":"_power_assert.html#configure_the_plugin","parent":"_power_assert.html#apply_the_plugin","pageViews":0,"url":"https://kotlinlang.org/docs/power-assert.html#configure-the-plugin","mainTitle":"Power-assert compiler plugin","product":"","headings":"Power-assert compiler plugin,Configure the plugin","content":"The Power-assert plugin provides several options to customize its behavior:\n- functions: A list of fully-qualified function paths. The Power-assert plugin will transform the calls to these functions. If not specified, only kotlin.assert() calls will be transformed by default.\n- includedSourceSets: A list of Gradle source sets that the Power-assert plugin will transform. If not specified, all test source sets will be transformed by default.\nTo customize the behavior, add the powerAssert {} block to your build script file:\n\u003cb\u003eKotlin\u003c/b\u003e // build.gradle.kts\npowerAssert {\n    functions \u003d listOf(\"kotlin.assert\", \"kotlin.test.assertTrue\", \"kotlin.test.assertEquals\", \"kotlin.test.assertNull\")\n    includedSourceSets \u003d listOf(\"commonMain\", \"jvmMain\", \"jsMain\", \"nativeMain\")\n}\n\u003cb\u003eGroovy\u003c/b\u003e // build.gradle\npowerAssert {\n    functions \u003d [\"kotlin.assert\", \"kotlin.test.assertTrue\", \"kotlin.test.assertEquals\", \"kotlin.test.assertNull\"]\n    includedSourceSets \u003d [\"commonMain\", \"jvmMain\", \"jsMain\", \"nativeMain\"]\n}\nSince the plugin is Experimental, you will see warnings every time you build your app. To exclude these warnings, add this @OptIn annotation before declaring the powerAssert {} block:\nimport org.jetbrains.kotlin.gradle.ExperimentalKotlinGradlePluginApi\n\n@OptIn(ExperimentalKotlinGradlePluginApi::class)\npowerAssert {\n    ...\n}\n","pageTitle":"Configure the plugin","metaDescription":"","type":"Documentation","breadcrumbs":"Compiler and plugins///Kotlin compiler plugins","root":0,"depth":2}