{"objectID":"_properties.html#declaring_properties","parent":"_properties.html#declaring_properties","pageViews":0,"url":"https://kotlinlang.org/docs/properties.html#declaring-properties","mainTitle":"Properties","product":"","headings":"Properties,Declaring properties","content":"Properties in Kotlin classes can be declared either as mutable, using the var keyword, or as read-only, using the val keyword.\nclass Address {\n    var name: String \u003d \"Holmes, Sherlock\"\n    var street: String \u003d \"Baker\"\n    var city: String \u003d \"London\"\n    var state: String? \u003d null\n    var zip: String \u003d \"123456\"\n}\nTo use a property, simply refer to it by its name:\nfun copyAddress(address: Address): Address {\n    val result \u003d Address() // there\u0027s no \u0027new\u0027 keyword in Kotlin\n    result.name \u003d address.name // accessors are called\n    result.street \u003d address.street\n    // ...\n    return result\n}\n","pageTitle":"Declaring properties","metaDescription":"","type":"Documentation","breadcrumbs":"Concepts///Classes and objects","root":0,"depth":2}