{"objectID":"_properties.html#backing_fields","parent":"_properties.html#declaring_properties","pageViews":0,"url":"https://kotlinlang.org/docs/properties.html#backing-fields","mainTitle":"Properties","product":"","headings":"Properties,Backing fields","content":"In Kotlin, a field is only used as a part of a property to hold its value in memory. Fields cannot be declared directly. However, when a property needs a backing field, Kotlin provides it automatically. This backing field can be referenced in the accessors using the field identifier:\nvar counter \u003d 0 // the initializer assigns the backing field directly\n    set(value) {\n        if (value \u0026gt;\u003d 0)\n            field \u003d value\n            // counter \u003d value // ERROR StackOverflow: Using actual name \u0027counter\u0027 would make setter recursive\n    }\nThe field identifier can only be used in the accessors of the property.\nA backing field will be generated for a property if it uses the default implementation of at least one of the accessors, or if a custom accessor references it through the field identifier.\nFor example, there would be no backing field in the following case:\nval isEmpty: Boolean\n    get() \u003d this.size \u003d\u003d 0\n","pageTitle":"Backing fields","metaDescription":"","type":"Documentation","breadcrumbs":"Concepts///Classes and objects","root":0,"depth":2}