{"objectID":"_properties.html#backing_properties","parent":"_properties.html#declaring_properties","pageViews":0,"url":"https://kotlinlang.org/docs/properties.html#backing-properties","mainTitle":"Properties","product":"","headings":"Properties,Backing properties","content":"If you want to do something that does not fit into this implicit backing field scheme, you can always fall back to having a backing property:\nprivate var _table: Map\u0026lt;String, Int\u0026gt;? \u003d null\npublic val table: Map\u0026lt;String, Int\u0026gt;\n    get() {\n        if (_table \u003d\u003d null) {\n            _table \u003d HashMap() // Type parameters are inferred\n        }\n        return _table ?: throw AssertionError(\"Set to null by another thread\")\n    }\nOn the JVM: Access to private properties with default getters and setters is optimized to avoid function call overhead.\n","pageTitle":"Backing properties","metaDescription":"","type":"Documentation","breadcrumbs":"Concepts///Classes and objects","root":0,"depth":2}