{"objectID":"_ranges.html#","parent":"_ranges.html#range","pageViews":0,"url":"https://kotlinlang.org/docs/ranges.html","mainTitle":"Ranges and progressions","product":"","headings":"Ranges and progressions","content":"Ranges and progressions define sequences of values in Kotlin, supporting range operators, iteration, custom step values, and arithmetic progressions.\n","pageTitle":"Ranges and progressions","metaDescription":"","type":"Documentation","breadcrumbs":"Standard library///Collections","root":0,"depth":2}