{"objectID":"_ranges.html#progression","parent":"_ranges.html#range","pageViews":0,"url":"https://kotlinlang.org/docs/ranges.html#progression","mainTitle":"Ranges and progressions","product":"","headings":"Ranges and progressions,Progression","content":"The ranges of integral types, such as Int, Long, and Char, can be treated as arithmetic progressions. In Kotlin, these progressions are defined by special types: IntProgression, LongProgression, and CharProgression.\nProgressions have three essential properties: the first element, the last element, and a non-zero step. The first element is first, subsequent elements are the previous element plus a step. Iteration over a progression with a positive step is equivalent to an indexed for loop in Java/JavaScript.\nfor (int i \u003d first; i \u0026lt;\u003d last; i +\u003d step) {\n  // ...\n}\nWhen you create a progression implicitly by iterating a range, this progression\u0027s first and last elements are the range\u0027s endpoints, and the step is 1.\nfun main() {\n//sampleStart\n    for (i in 1..10) print(i)\n    // 12345678910\n//sampleEnd\n}\nTo define a custom progression step, use the step function on a range.\n\nfun main() {\n//sampleStart\n    for (i in 1..8 step 2) print(i)\n    // 1357\n//sampleEnd\n}\nThe last element of the progression is calculated this way:\n- For a positive step: the maximum value not greater than the end value such that (last - first) % step \u003d\u003d 0.\n- For a negative step: the minimum value not less than the end value such that (last - first) % step \u003d\u003d 0.\nThus, the last element is not always the same as the specified end value.\n\nfun main() {\n//sampleStart\n    for (i in 1..9 step 3) print(i) // the last element is 7\n    // 147\n//sampleEnd\n}\nProgressions implement Iterable\u0026lt;N\u0026gt;, where N is Int, Long, or Char respectively, so you can use them in various collection functions like map, filter, and other.\n\nfun main() {\n//sampleStart\n    println((1..10).filter { it % 2 \u003d\u003d 0 })\n    // [2, 4, 6, 8, 10]\n//sampleEnd\n}\n","pageTitle":"Progression","metaDescription":"","type":"Documentation","breadcrumbs":"Standard library///Collections","root":0,"depth":2}