{"objectID":"_reflection.html#callable_references","parent":"_reflection.html#jvm_dependency","pageViews":0,"url":"https://kotlinlang.org/docs/reflection.html#callable-references","mainTitle":"Reflection","product":"","headings":"Reflection,Callable references","content":"References to functions, properties, and constructors can also be called or used as instances of function types.\nThe common supertype for all callable references is KCallable\u0026lt;out R\u0026gt;, where R is the return value type. It is the property type for properties, and the constructed type for constructors.\n","pageTitle":"Callable references","metaDescription":"","type":"Documentation","breadcrumbs":"Concepts","root":0,"depth":1}