{"objectID":"_reflection.html#constructor_references","parent":"_reflection.html#jvm_dependency","pageViews":0,"url":"https://kotlinlang.org/docs/reflection.html#constructor-references","mainTitle":"Reflection","product":"","headings":"Reflection,Constructor references","content":"Constructors can be referenced just like methods and properties. You can use them wherever the program expects a function type object that takes the same parameters as the constructor and returns an object of the appropriate type. Constructors are referenced by using the :: operator and adding the class name. Consider the following function that expects a function parameter with no parameters and return type Foo:\nclass Foo\n\nfun function(factory: () -\u0026gt; Foo) {\n    val x: Foo \u003d factory()\n}\nUsing ::Foo, the zero-argument constructor of the class Foo, you can call it like this:\nfunction(::Foo)\nCallable references to constructors are typed as one of the KFunction\u0026lt;out R\u0026gt; subtypes depending on the parameter count.\n","pageTitle":"Constructor references","metaDescription":"","type":"Documentation","breadcrumbs":"Concepts","root":0,"depth":1}