{"objectID":"_reflection.html#property_references","parent":"_reflection.html#jvm_dependency","pageViews":0,"url":"https://kotlinlang.org/docs/reflection.html#property-references","mainTitle":"Reflection","product":"","headings":"Reflection,Property references","content":"To access properties as first-class objects in Kotlin, use the :: operator:\nval x \u003d 1\n\nfun main() {\n    println(::x.get())\n    println(::x.name) \n}\nThe expression ::x evaluates to a KProperty0\u0026lt;Int\u0026gt; type property object. You can read its value using get() or retrieve the property name using the name property. For more information, see the docs on the KProperty class.\nFor a mutable property such as var y \u003d 1, ::y returns a value with the KMutableProperty0\u0026lt;Int\u0026gt; type which has a set() method:\nvar y \u003d 1\n\nfun main() {\n    ::y.set(2)\n    println(y)\n}\nA property reference can be used where a function with a single generic parameter is expected:\nfun main() {\n//sampleStart\n    val strs \u003d listOf(\"a\", \"bc\", \"def\")\n    println(strs.map(String::length))\n//sampleEnd\n}\nTo access a property that is a member of a class, qualify it as follows:\nfun main() {\n//sampleStart\n    class A(val p: Int)\n    val prop \u003d A::p\n    println(prop.get(A(1)))\n//sampleEnd\n}\nFor an extension property:\nval String.lastChar: Char\n    get() \u003d this[length - 1]\n\nfun main() {\n    println(String::lastChar.get(\"abc\"))\n}\n","pageTitle":"Property references","metaDescription":"","type":"Documentation","breadcrumbs":"Concepts","root":0,"depth":1}