{"objectID":"_reflection.html#example_function_composition","parent":"_reflection.html#jvm_dependency","pageViews":0,"url":"https://kotlinlang.org/docs/reflection.html#example-function-composition","mainTitle":"Reflection","product":"","headings":"Reflection,Example: function composition","content":"Consider the following function:\nfun \u0026lt;A, B, C\u0026gt; compose(f: (B) -\u0026gt; C, g: (A) -\u0026gt; B): (A) -\u0026gt; C {\n    return { x -\u0026gt; f(g(x)) }\n}\nIt returns a composition of two functions passed to it: compose(f, g) \u003d f(g(*)). You can apply this function to callable references:\nfun \u0026lt;A, B, C\u0026gt; compose(f: (B) -\u0026gt; C, g: (A) -\u0026gt; B): (A) -\u0026gt; C {\n    return { x -\u0026gt; f(g(x)) }\n}\n\nfun isOdd(x: Int) \u003d x % 2 !\u003d 0\n\nfun main() {\n//sampleStart\n    fun length(s: String) \u003d s.length\n    \n    val oddLength \u003d compose(::isOdd, ::length)\n    val strings \u003d listOf(\"a\", \"ab\", \"abc\")\n    \n    println(strings.filter(oddLength))\n//sampleEnd\n}\n","pageTitle":"Example: function composition","metaDescription":"","type":"Documentation","breadcrumbs":"Concepts","root":0,"depth":1}