{"objectID":"_releases.html#ide_support","parent":"_releases.html#update_to_a_new_kotlin_version","pageViews":0,"url":"https://kotlinlang.org/docs/releases.html#ide-support","mainTitle":"Kotlin releases","product":"","headings":"Kotlin releases,IDE support","content":"Kotlin has full out-of-the-box support in IntelliJ IDEA and Android Studio with an official Kotlin plugin developed by JetBrains.\nK2 mode in IntelliJ IDEA and Android Studio uses the K2 compiler to improve code analysis, code completion, and highlighting.\nStarting with IntelliJ IDEA 2025.1, K2 mode is enabled by default.\nIn Android Studio, you can enable K2 mode starting with 2024.1 by following these steps:\n2. Go to Settings | Languages \u0026amp; Frameworks | Kotlin.\n4. Select the Enable K2 mode option.\nLearn more about K2 mode in our blog.\n","pageTitle":"IDE support","metaDescription":"","type":"Documentation","breadcrumbs":"Kotlin evolution and roadmap","root":0,"depth":1}