{"objectID":"_releases.html#release_details","parent":"_releases.html#update_to_a_new_kotlin_version","pageViews":0,"url":"https://kotlinlang.org/docs/releases.html#release-details","mainTitle":"Kotlin releases","product":"","headings":"Kotlin releases,Release details","content":"- String concatenation via invokedynamic on JVM by default - Improved support for Lombok and support for JSpecify - Kotlin/Native: KDoc export to Objective-C headers and faster Array.copyInto() inside one array - Gradle: caching of annotation processors\u0027 classloaders and support for the --parallel Gradle property - Aligned behavior of stdlib functions across platforms Learn more in:\n- Release blog post - What\u0027s new in Kotlin 1.5.20\n1.5.10 Released: May 24, 2021\nRelease on GitHub\nA bug fix release for Kotlin 1.5.0.\nLearn more about Kotlin 1.5.0.\n1.5.0 Released: May 5, 2021\nRelease on GitHub\nA feature release with new language features, performance improvements, and evolutionary changes such as stabilizing experimental APIs.\nLearn more in:\n- Release blog post - What\u0027s new in Kotlin 1.5.0 - Compatibility guide\n1.4.32 Released: March 22, 2021\nRelease on GitHub\nA bug fix release for Kotlin 1.4.30.\nLearn more about Kotlin 1.4.30.\n1.4.31 Released: February 25, 2021\nRelease on GitHub\nA bug fix release for Kotlin 1.4.30\nLearn more about Kotlin 1.4.30.\n1.4.30 Released: February 3, 2021\nRelease on GitHub\nAn incremental release with various improvements such as:\n- New JVM backend, now in Beta - Preview of new language features - Improved Kotlin/Native performance - Standard library API improvements Learn more in:\n- Release blog post - What\u0027s new in Kotlin 1.4.30\n1.4.21 Released: December 7, 2020\nRelease on GitHub\nA bug fix release for Kotlin 1.4.20\nLearn more about Kotlin 1.4.20.\n1.4.20 Released: November 23, 2020\nRelease on GitHub\nAn incremental release with various improvements such as:\n- Supporting new JVM features, like string concatenation via invokedynamic - Improved performance and exception handling for Kotlin Multiplatform Mobile projects - Extensions for JDK Path: Path(\"dir\") / \"file.txt\" Learn more in:\n- Release blog post - What\u0027s new in Kotlin 1.4.20\n1.4.10 Released: September 7, 2020\nRelease on GitHub\nA bug fix release for Kotlin 1.4.0.\nLearn more about Kotlin 1.4.0.\n1.4.0 Released: August 17, 2020\nRelease on GitHub\nA feature release with many features and improvements that mostly focus on quality and performance.\nLearn more in:\n- Release blog post - What\u0027s new in Kotlin 1.4.0 - Compatibility guide - Migrating to Kotlin 1.4.0\n1.3.72 Released: April 15, 2020\nRelease on GitHub\nA bug fix release for Kotlin 1.3.70.\nLearn more about Kotlin 1.3.70.\n","pageTitle":"Release details","metaDescription":"","type":"Documentation","breadcrumbs":"Kotlin evolution and roadmap","root":0,"depth":1}