{"objectID":"_releases.html#release_details","parent":"_releases.html#update_to_a_new_kotlin_version","pageViews":0,"url":"https://kotlinlang.org/docs/releases.html#release-details","mainTitle":"Kotlin releases","product":"","headings":"Kotlin releases,Release details","content":"The following table lists details of the latest Kotlin releases:\nYou can also try Early Access Preview (EAP) versions of Kotlin.\nBuild info Build highlights\n2.2.0 Released: June 23, 2025\nRelease on GitHub\nA language release including both new and stable language features, tooling updates, performance improvements for different platforms, and important fixes.\nFor more details, please refer to the changelog.\n2.1.21 Released: May 13, 2025\nRelease on GitHub\nA bug fix release for Kotlin 2.1.20.\nFor more details, please refer to the changelog.\n2.1.20 Released: March 20, 2025\nRelease on GitHub\nA tooling release for Kotlin 2.1.0 containing new experimental features, performance improvements, and bug fixes.\nLearn more about Kotlin 2.1.20 in What\u0027s new in Kotlin 2.1.20.\n2.1.10 Released: January 27, 2025\nRelease on GitHub\nA bug fix release for Kotlin 2.1.0\nFor more details, please refer to the changelog.\n2.1.0 Released: November 27, 2024\nRelease on GitHub\nA language release introducing new language features.\nLearn more about Kotlin 2.1.0 in What\u0027s new in Kotlin 2.1.0.\n2.0.21 Released: October 10, 2024\nRelease on GitHub\nA bug fix release for Kotlin 2.0.20\nFor more details, please refer to the changelog.\n2.0.20 Released: August 22, 2024\nRelease on GitHub\nA tooling release for Kotlin 2.0.0 containing performance improvements and bug fixes. Features also include concurrent marking in Kotlin/Native\u0027s garbage collector, UUID support in Kotlin common standard library, Compose compiler updates, and support up to Gradle 8.8.\nLearn more about Kotlin 2.0.20 in What\u0027s new in Kotlin 2.0.20.\n2.0.10 Released: August 6, 2024\nRelease on GitHub\nA bug fix release for Kotlin 2.0.0.\nLearn more about Kotlin 2.0.0 in What\u0027s new in Kotlin 2.0.0.\n2.0.0 Released: May 21, 2024\nRelease on GitHub\nA language release with the Stable Kotlin K2 compiler.\nLearn more about Kotlin 2.0.0 in What\u0027s new in Kotlin 2.0.0.\n1.9.25 Released: July 19, 2024\nRelease on GitHub\nA bug fix release for Kotlin 1.9.20, 1.9.21, 1.9.22, 1.9.23, and 1.9.24.\nLearn more about Kotlin 1.9.20 in What\u0027s new in Kotlin 1.9.20.\n1.9.24 Released: May 7, 2024\nRelease on GitHub\nA bug fix release for Kotlin 1.9.20, 1.9.21, 1.9.22, and 1.9.23.\nLearn more about Kotlin 1.9.20 in What\u0027s new in Kotlin 1.9.20.\n1.9.23 Released: March 7, 2024\nRelease on GitHub\nA bug fix release for Kotlin 1.9.20, 1.9.21, and 1.9.22.\nLearn more about Kotlin 1.9.20 in What\u0027s new in Kotlin 1.9.20.\n1.9.22 Released: December 21, 2023\nRelease on GitHub\nA bug fix release for Kotlin 1.9.20 and 1.9.21.\nLearn more about Kotlin 1.9.20 in What\u0027s new in Kotlin 1.9.20.\n1.9.21 Released: November 23, 2023\nRelease on GitHub\nA bug fix release for Kotlin 1.9.20.\nLearn more about Kotlin 1.9.20 in What\u0027s new in Kotlin 1.9.20.\n1.9.20 Released: November 1, 2023\nRelease on GitHub\nA feature release with Kotlin K2 compiler in Beta and Stable Kotlin Multiplatform.\nLearn more in:\n- What\u0027s new in Kotlin 1.9.20\n1.9.10 Released: August 23, 2023\nRelease on GitHub\nA bug fix release for Kotlin 1.9.0.\nLearn more about Kotlin 1.9.0 in What\u0027s new in Kotlin 1.9.0.\nFor Android Studio Giraffe and Hedgehog, the Kotlin plugin 1.9.10 will be delivered with upcoming Android Studios updates.\n1.9.0 Released: July 6, 2023\nRelease on GitHub\nA feature release with Kotlin K2 compiler updates, new enum class values function, new operator for open-ended ranges, preview of Gradle configuration cache in Kotlin Multiplatform, changes to Android target support in Kotlin Multiplatform, preview of custom memory allocator in Kotlin/Native.\nLearn more in:\n- What\u0027s new in Kotlin 1.9.0 - What\u0027s new in Kotlin YouTube video\n1.8.22 Released: June 8, 2023\nRelease on GitHub\nA bug fix release for Kotlin 1.8.20.\nLearn more about Kotlin 1.8.20 in What\u0027s new in Kotlin 1.8.20.\n1.8.21 Released: April 25, 2023\nRelease on GitHub\nA bug fix release for Kotlin 1.8.20.\nLearn more about Kotlin 1.8.20 in What\u0027s new in Kotlin 1.8.20.\nFor Android Studio Flamingo and Giraffe, the Kotlin plugin 1.8.21 will be delivered with upcoming Android Studios updates.\n1.8.20 Released: April 3, 2023\nRelease on GitHub\nA feature release with Kotlin K2 compiler updates, AutoCloseable interface and Base64 encoding in stdlib, new JVM incremental compilation enabled by default, new Kotlin/Wasm compiler backend.\nLearn more in:\n- What\u0027s new in Kotlin 1.8.20 - What\u0027s new in Kotlin YouTube video\n1.8.10 Released: February 2, 2023\nRelease on GitHub\nA bug fix release for Kotlin 1.8.0.\nLearn more about Kotlin 1.8.0.\nFor Android Studio Electric Eel and Flamingo, the Kotlin plugin 1.8.10 will be delivered with upcoming Android Studios updates.\n1.8.0 Released: December 28, 2022\nRelease on GitHub\nA feature release with improved kotlin-reflect performance, new recursively copy or delete directory content experimental functions for JVM, improved Objective-C/Swift interoperability.\nLearn more in:\n- What\u0027s new in Kotlin 1.8.0 - Compatibility guide for Kotlin 1.8.0\n1.7.21 Released: November 9, 2022\nRelease on GitHub\nA bug fix release for Kotlin 1.7.20.\nLearn more about Kotlin 1.7.20 in What\u0027s new in Kotlin 1.7.20.\nFor Android Studio Dolphin, Electric Eel, and Flamingo, the Kotlin plugin 1.7.21 will be delivered with upcoming Android Studios updates.\n1.7.20 Released: September 29, 2022\nRelease on GitHub\nAn incremental release with new language features, the support for several compiler plugins in the Kotlin K2 compiler, the new Kotlin/Native memory manager enabled by default, and the support for Gradle 7.1.\nLearn more in:\n- What\u0027s new in Kotlin 1.7.20 - What\u0027s new in Kotlin YouTube video - Compatibility guide for Kotlin 1.7.20 Learn more about Kotlin 1.7.20.\n1.7.10 Released: July 7, 2022\nRelease on GitHub\nA bug fix release for Kotlin 1.7.0.\nLearn more about Kotlin 1.7.0.\nFor Android Studio Dolphin (213) and Android Studio Electric Eel (221), the Kotlin plugin 1.7.10 will be delivered with upcoming Android Studios updates.\n1.7.0 Released: June 9, 2022\nRelease on GitHub\nA feature release with Kotlin K2 compiler in Alpha for JVM, stabilized language features, performance improvements, and evolutionary changes such as stabilizing experimental APIs.\nLearn more in:\n- What\u0027s new in Kotlin 1.7.0 - What\u0027s new in Kotlin YouTube video - Compatibility guide for Kotlin 1.7.0\n1.6.21 Released: April 20, 2022\nRelease on GitHub\nA bug fix release for Kotlin 1.6.20.\nLearn more about Kotlin 1.6.20.\n1.6.20 Released: April 4, 2022\nRelease on GitHub\nAn incremental release with various improvements such as:\n- Prototype of context receivers - Callable references to functional interface constructors - Kotlin/Native: performance improvements for the new memory manager - Multiplatform: hierarchical project structure by default - Kotlin/JS: IR compiler improvements - Gradle: compiler execution strategies Learn more about Kotlin 1.6.20.\n1.6.10 Released: December 14, 2021\nRelease on GitHub\nA bug fix release for Kotlin 1.6.0.\nLearn more about Kotlin 1.6.0.\n1.6.0 Released: November 16, 2021\nRelease on GitHub\nA feature release with new language features, performance improvements, and evolutionary changes such as stabilizing experimental APIs.\nLearn more in:\n- Release blog post - What\u0027s new in Kotlin 1.6.0 - Compatibility guide\n1.5.32 Released: November 29, 2021\nRelease on GitHub\nA bug fix release for Kotlin 1.5.31.\nLearn more about Kotlin 1.5.30.\n1.5.31 Released: September 20, 2021\nRelease on GitHub\nA bug fix release for Kotlin 1.5.30.\nLearn more about Kotlin 1.5.30.\n1.5.30 Released: August 23, 2021\nRelease on GitHub\nAn incremental release with various improvements such as:\n- Instantiation of annotation classes on JVM - Improved opt-in requirement mechanism and type inference - Kotlin/JS IR backend in Beta - Support for Apple Silicon targets - Improved CocoaPods support - Gradle: Java toolchain support and improved daemon configuration Learn more in:\n- Release blog post - What\u0027s new in Kotlin 1.5.30\n1.5.21 Released: July 13, 2021\nRelease on GitHub\nA bug fix release for Kotlin 1.5.20.\nLearn more about Kotlin 1.5.20.\n1.5.20 Released: June 24, 2021\nRelease on GitHub\nAn incremental release with various improvements such as:\n","pageTitle":"Release details","metaDescription":"","type":"Documentation","breadcrumbs":"Kotlin evolution and roadmap","root":0,"depth":1}