{"objectID":"_returns.html#break_and_continue_labels","parent":"_returns.html#break_and_continue_labels","pageViews":0,"url":"https://kotlinlang.org/docs/returns.html#break-and-continue-labels","mainTitle":"Returns and jumps","product":"","headings":"Returns and jumps,Break and continue labels","content":"Any expression in Kotlin may be marked with a label. Labels have the form of an identifier followed by the @ sign, such as abc@ or fooBar@. To label an expression, just add a label in front of it.\nloop@ for (i in 1..100) {\n    // ...\n}\nNow, you can qualify a break or a continue with a label:\nloop@ for (i in 1..100) {\n    for (j in 1..100) {\n        if (...) break@loop\n    }\n}\nA break qualified with a label jumps to the execution point right after the loop marked with that label. A continue proceeds to the next iteration of that loop.\nIn some cases, you can apply break and continue non-locally without explicitly defining labels. Such non-local usages are valid in lambda expressions used in enclosing inline functions.\n","pageTitle":"Break and continue labels","metaDescription":"","type":"Documentation","breadcrumbs":"Concepts///Control flow","root":0,"depth":2}