{"objectID":"_roadmap.html#key_priorities","parent":"_roadmap.html#key_priorities","pageViews":0,"url":"https://kotlinlang.org/docs/roadmap.html#key-priorities","mainTitle":"Kotlin roadmap","product":"","headings":"Kotlin roadmap,Key priorities","content":"The goal of this roadmap is to give you the big picture. Here\u0027s a list of our key focus areas – the most important directions we are focused on delivering:\n- Language evolution: more efficient data handling, increased abstraction, enhanced performance with clear code.\n- Kotlin Multiplatform: release direct Kotlin to Swift Export, streamlined build setup, and simplified creation of multiplatform libraries.\n- Experience of third-party ecosystem authors: simplified development and publication process for Kotlin libraries, tools, and frameworks.\n","pageTitle":"Key priorities","metaDescription":"","type":"Documentation","breadcrumbs":"Kotlin evolution and roadmap","root":0,"depth":1}