{"objectID":"_run_code_snippets.html#check_an_expression_s_type","parent":"_run_code_snippets.html#ide_scratches_and_worksheets","pageViews":0,"url":"https://kotlinlang.org/docs/run-code-snippets.html#check-an-expression-s-type","mainTitle":"Run code snippets","product":"","headings":"Run code snippets,Check an expression\u0027s type","content":"For complex expressions or APIs that you don\u0027t know well, the ki shell provides the :type (or :t) command, which shows the type of an expression:\nki shell type ","pageTitle":"Check an expression\u0027s type","metaDescription":"","type":"Documentation","breadcrumbs":"Tools","root":0,"depth":1}