{"objectID":"_run_code_snippets.html#use_modules","parent":"_run_code_snippets.html#ide_scratches_and_worksheets","pageViews":0,"url":"https://kotlinlang.org/docs/run-code-snippets.html#use-modules","mainTitle":"Run code snippets","product":"","headings":"Run code snippets,Use modules","content":"You can use classes or functions from a Kotlin project in your scratches and worksheets.\nWorksheets automatically have access to classes and functions from the module where they reside.\nTo use classes or functions from a project in a scratch, import them into the scratch file with the import statement, as usual. Then write your code and run it with the appropriate module selected in the Use classpath of module list.\nBoth scratches and worksheets use the compiled versions of connected modules. So, if you modify a module\u0027s source files, the changes will propagate to scratches and worksheets when you rebuild the module. To rebuild the module automatically before each run of a scratch or a worksheet, select Make module before Run.\nScratch select module ","pageTitle":"Use modules","metaDescription":"","type":"Documentation","breadcrumbs":"Tools","root":0,"depth":1}