{"objectID":"_run_code_snippets.html#add_external_dependencies","parent":"_run_code_snippets.html#ide_scratches_and_worksheets","pageViews":0,"url":"https://kotlinlang.org/docs/run-code-snippets.html#add-external-dependencies","mainTitle":"Run code snippets","product":"","headings":"Run code snippets,Add external dependencies","content":"Along with the standard library, the ki shell also supports external dependencies. This lets you try out third-party libraries in it without creating a whole project.\nTo add a third-party library in the ki shell, use the :dependsOn command. By default, the ki shell works with Maven Central, but you can use other repositories if you connect them using the :repository command:\nki shell external dependency ","pageTitle":"Add external dependencies","metaDescription":"","type":"Documentation","breadcrumbs":"Tools","root":0,"depth":1}