{"objectID":"_running_kotlin_js.html#","parent":"_running_kotlin_js.html#run_the_node_js_target","pageViews":0,"url":"https://kotlinlang.org/docs/running-kotlin-js.html","mainTitle":"Run Kotlin/JS","product":"","headings":"Run Kotlin/JS","content":"Since Kotlin/JS projects are managed with the Kotlin Multiplatform Gradle plugin, you can run your project using the appropriate tasks. If you\u0027re starting with a blank project, ensure that you have some sample code to execute. Create the file src/jsMain/kotlin/App.kt and fill it with a small \u0026quot;Hello, World\u0026quot;-type code snippet:\nfun main() {\n    console.log(\"Hello, Kotlin/JS!\")\n}\nDepending on the target platform, some platform-specific extra setup might be required to run your code for the first time.\n","pageTitle":"Run Kotlin/JS","metaDescription":"","type":"Documentation","breadcrumbs":"Platforms///JavaScript","root":0,"depth":2}