{"objectID":"_running_kotlin_js.html#run_the_node_js_target","parent":"_running_kotlin_js.html#run_the_node_js_target","pageViews":0,"url":"https://kotlinlang.org/docs/running-kotlin-js.html#run-the-node-js-target","mainTitle":"Run Kotlin/JS","product":"","headings":"Run Kotlin/JS,Run the Node.js target","content":"When targeting Node.js with Kotlin/JS, you can simply execute the jsNodeDevelopmentRun Gradle task. This can be done for example via the command line, using the Gradle wrapper:\n./gradlew jsNodeDevelopmentRun\nIf you\u0027re using IntelliJ IDEA, you can find the jsNodeDevelopmentRun action in the Gradle tool window:\nGradle Run task in IntelliJ IDEA On first start, the kotlin.multiplatform Gradle plugin will download all required dependencies to get you up and running. After the build is completed, the program is executed, and you can see the logging output in the terminal:\nExecuting the JS target in a Kotlin Multiplatform project in IntelliJ IDEA ","pageTitle":"Run the Node.js target","metaDescription":"","type":"Documentation","breadcrumbs":"Platforms///JavaScript","root":0,"depth":2}