{"objectID":"_sam_with_receiver_plugin.html#maven","parent":"_sam_with_receiver_plugin.html#gradle","pageViews":0,"url":"https://kotlinlang.org/docs/sam-with-receiver-plugin.html#maven","mainTitle":"SAM-with-receiver compiler plugin","product":"","headings":"SAM-with-receiver compiler plugin,Maven","content":"\u0026lt;plugin\u0026gt;\n    \u0026lt;artifactId\u0026gt;kotlin-maven-plugin\u0026lt;/artifactId\u0026gt;\n    \u0026lt;groupId\u0026gt;org.jetbrains.kotlin\u0026lt;/groupId\u0026gt;\n    \u0026lt;version\u0026gt;${kotlin.version}\u0026lt;/version\u0026gt;\n\n    \u0026lt;configuration\u0026gt;\n        \u0026lt;compilerPlugins\u0026gt;\n            \u0026lt;plugin\u0026gt;sam-with-receiver\u0026lt;/plugin\u0026gt;\n        \u0026lt;/compilerPlugins\u0026gt;\n\n        \u0026lt;pluginOptions\u0026gt;\n            \u0026lt;option\u0026gt;\n                sam-with-receiver:annotation\u003dcom.my.SamWithReceiver\n            \u0026lt;/option\u0026gt;\n        \u0026lt;/pluginOptions\u0026gt;\n    \u0026lt;/configuration\u0026gt;\n\n    \u0026lt;dependencies\u0026gt;\n        \u0026lt;dependency\u0026gt;\n            \u0026lt;groupId\u0026gt;org.jetbrains.kotlin\u0026lt;/groupId\u0026gt;\n            \u0026lt;artifactId\u0026gt;kotlin-maven-sam-with-receiver\u0026lt;/artifactId\u0026gt;\n            \u0026lt;version\u0026gt;${kotlin.version}\u0026lt;/version\u0026gt;\n        \u0026lt;/dependency\u0026gt;\n    \u0026lt;/dependencies\u0026gt;\n\u0026lt;/plugin\u0026gt;\n","pageTitle":"Maven","metaDescription":"","type":"Documentation","breadcrumbs":"Compiler and plugins///Kotlin compiler plugins","root":0,"depth":2}