{"objectID":"_scope_functions.html#this","parent":"_scope_functions.html#function_selection","pageViews":0,"url":"https://kotlinlang.org/docs/scope-functions.html#this","mainTitle":"Scope functions","product":"","headings":"Scope functions,this","content":"run, with, and apply reference the context object as a lambda receiver - by keyword this. Hence, in their lambdas, the object is available as it would be in ordinary class functions.\nIn most cases, you can omit this when accessing the members of the receiver object, making the code shorter. On the other hand, if this is omitted, it can be hard to distinguish between the receiver members and external objects or functions. So having the context object as a receiver (this) is recommended for lambdas that mainly operate on the object\u0027s members by calling its functions or assigning values to properties.\ndata class Person(var name: String, var age: Int \u003d 0, var city: String \u003d \"\")\n\nfun main() {\n//sampleStart\n    val adam \u003d Person(\"Adam\").apply { \n        age \u003d 20                       // same as this.age \u003d 20\n        city \u003d \"London\"\n    }\n    println(adam)\n//sampleEnd\n}\n","pageTitle":"this","metaDescription":"","type":"Documentation","breadcrumbs":"Standard library","root":0,"depth":1}