{"objectID":"_scope_functions.html#functions","parent":"_scope_functions.html#function_selection","pageViews":0,"url":"https://kotlinlang.org/docs/scope-functions.html#functions","mainTitle":"Scope functions","product":"","headings":"Scope functions,Functions","content":"To help you choose the right scope function for your use case, we describe them in detail and provide recommendations for use. Technically, scope functions are interchangeable in many cases, so the examples show conventions for using them.\n","pageTitle":"Functions","metaDescription":"","type":"Documentation","breadcrumbs":"Standard library","root":0,"depth":1}