{"objectID":"_scope_functions.html#context_object_this_or_it","parent":"_scope_functions.html#function_selection","pageViews":0,"url":"https://kotlinlang.org/docs/scope-functions.html#context-object-this-or-it","mainTitle":"Scope functions","product":"","headings":"Scope functions,Context object: this or it","content":"Inside the lambda passed to a scope function, the context object is available by a short reference instead of its actual name. Each scope function uses one of two ways to reference the context object: as a lambda receiver (this) or as a lambda argument (it). Both provide the same capabilities, so we describe the pros and cons of each for different use cases and provide recommendations for their use.\nfun main() {\n    val str \u003d \"Hello\"\n    // this\n    str.run {\n        println(\"The string\u0027s length: $length\")\n        //println(\"The string\u0027s length: ${this.length}\") // does the same\n    }\n\n    // it\n    str.let {\n        println(\"The string\u0027s length is ${it.length}\")\n    }\n}\n","pageTitle":"Context object: this or it","metaDescription":"","type":"Documentation","breadcrumbs":"Standard library","root":0,"depth":1}