{"objectID":"_scope_functions.html#takeif_and_takeunless","parent":"_scope_functions.html#function_selection","pageViews":0,"url":"https://kotlinlang.org/docs/scope-functions.html#takeif-and-takeunless","mainTitle":"Scope functions","product":"","headings":"Scope functions,takeIf and takeUnless","content":"In addition to scope functions, the standard library contains the functions takeIf and takeUnless. These functions let you embed checks of an object\u0027s state in call chains.\nWhen called on an object along with a predicate, takeIf returns this object if it satisfies the given predicate. Otherwise, it returns null. So, takeIf is a filtering function for a single object.\ntakeUnless has the opposite logic of takeIf. When called on an object along with a predicate, takeUnless returns null if it satisfies the given predicate. Otherwise, it returns the object.\nWhen using takeIf or takeUnless, the object is available as a lambda argument (it).\nimport kotlin.random.*\n\nfun main() {\n//sampleStart\n    val number \u003d Random.nextInt(100)\n\n    val evenOrNull \u003d number.takeIf { it % 2 \u003d\u003d 0 }\n    val oddOrNull \u003d number.takeUnless { it % 2 \u003d\u003d 0 }\n    println(\"even: $evenOrNull, odd: $oddOrNull\")\n//sampleEnd\n}\nWhen chaining other functions after takeIf and takeUnless, don\u0027t forget to perform a null check or use a safe call (?.) because their return value is nullable.\nfun main() {\n//sampleStart\n    val str \u003d \"Hello\"\n    val caps \u003d str.takeIf { it.isNotEmpty() }?.uppercase()\n   //val caps \u003d str.takeIf { it.isNotEmpty() }.uppercase() //compilation error\n    println(caps)\n//sampleEnd\n}\ntakeIf and takeUnless are especially useful in combination with scope functions. For example, you can chain takeIf and takeUnless with let to run a code block on objects that match the given predicate. To do this, call takeIf on the object and then call let with a safe call (?). For objects that don\u0027t match the predicate, takeIf returns null and let isn\u0027t invoked.\nfun main() {\n//sampleStart\n    fun displaySubstringPosition(input: String, sub: String) {\n        input.indexOf(sub).takeIf { it \u0026gt;\u003d 0 }?.let {\n            println(\"The substring $sub is found in $input.\")\n            println(\"Its start position is $it.\")\n        }\n    }\n\n    displaySubstringPosition(\"010000011\", \"11\")\n    displaySubstringPosition(\"010000011\", \"12\")\n//sampleEnd\n}\nFor comparison, below is an example of how the same function can be written without using takeIf or scope functions:\nfun main() {\n//sampleStart\n    fun displaySubstringPosition(input: String, sub: String) {\n        val index \u003d input.indexOf(sub)\n        if (index \u0026gt;\u003d 0) {\n            println(\"The substring $sub is found in $input.\")\n            println(\"Its start position is $index.\")\n        }\n    }\n\n    displaySubstringPosition(\"010000011\", \"11\")\n    displaySubstringPosition(\"010000011\", \"12\")\n//sampleEnd\n}\n","pageTitle":"takeIf and takeUnless","metaDescription":"","type":"Documentation","breadcrumbs":"Standard library","root":0,"depth":1}