{"objectID":"_sealed_classes.html#","parent":"_sealed_classes.html#declare_a_sealed_class_or_interface","pageViews":0,"url":"https://kotlinlang.org/docs/sealed-classes.html","mainTitle":"Sealed classes and interfaces","product":"","headings":"Sealed classes and interfaces","content":"Sealed classes and interfaces provide controlled inheritance of your class hierarchies. All direct subclasses of a sealed class are known at compile time. No other subclasses may appear outside the module and package within which the sealed class is defined. The same logic applies to sealed interfaces and their implementations: once a module with a sealed interface is compiled, no new implementations can be created.\nDirect subclasses are classes that immediately inherit from their superclass.\nIndirect subclasses are classes that inherit from more than one level down from their superclass.\nWhen you combine sealed classes and interfaces with the when expression, you can cover the behavior of all possible subclasses and ensure that no new subclasses are created to affect your code adversely.\nSealed classes are best used for scenarios when:\n- Limited class inheritance is desired: You have a predefined, finite set of subclasses that extend a class, all of which are known at compile time.\n- Type-safe design is required: Safety and pattern matching are crucial in your project. Particularly for state management or handling complex conditional logic. For an example, check out Use sealed classes with when expressions.\n- Working with closed APIs: You want robust and maintainable public APIs for libraries that ensure that third-party clients use the APIs as intended.\nFor more detailed practical applications, see Use case scenarios.\nJava 15 introduced a similar concept, where sealed classes use the sealed keyword along with the permits clause to define restricted hierarchies.\n","pageTitle":"Sealed classes and interfaces","metaDescription":"","type":"Documentation","breadcrumbs":"Concepts///Classes and objects","root":0,"depth":2}