{"objectID":"_sealed_classes.html#use_sealed_classes_with_when_expression","parent":"_sealed_classes.html#declare_a_sealed_class_or_interface","pageViews":0,"url":"https://kotlinlang.org/docs/sealed-classes.html#use-sealed-classes-with-when-expression","mainTitle":"Sealed classes and interfaces","product":"","headings":"Sealed classes and interfaces,Use sealed classes with when expression","content":"The key benefit of using sealed classes comes into play when you use them in a when expression. The when expression, used with a sealed class, allows the Kotlin compiler to check exhaustively that all possible cases are covered. In such cases, you don\u0027t need to add an else clause:\n// Sealed class and its subclasses\nsealed class Error {\n    class FileReadError(val file: String): Error()\n    class DatabaseError(val source: String): Error()\n    object RuntimeError : Error()\n}\n\n//sampleStart\n// Function to log errors\nfun log(e: Error) \u003d when(e) {\n    is Error.FileReadError -\u0026gt; println(\"Error while reading file ${e.file}\")\n    is Error.DatabaseError -\u0026gt; println(\"Error while reading from database ${e.source}\")\n    Error.RuntimeError -\u0026gt; println(\"Runtime error\")\n    // No `else` clause is required because all the cases are covered\n}\n//sampleEnd\n\n// List all errors\nfun main() {\n    val errors \u003d listOf(\n        Error.FileReadError(\"example.txt\"),\n        Error.DatabaseError(\"usersDatabase\"),\n        Error.RuntimeError\n    )\n\n    errors.forEach { log(it) }\n}\nTo reduce repetition in when expressions, try out context-sensitive resolution (currently in preview). This feature allows you to omit the type name when matching sealed class members if the expected type is known.\nFor more information, see Preview of context-sensitive resolution or the related KEEP proposal.\nWhen using sealed classes with when expressions, you can also add guard conditions to include additional checks in a single branch. For more information, see Guard conditions in when expressions.\nIn multiplatform projects, if you have a sealed class with a when expression as an expected declaration in your common code, you still need an else branch. This is because subclasses of actual platform implementations may extend sealed classes that aren\u0027t known in the common code.\n","pageTitle":"Use sealed classes with when expression","metaDescription":"","type":"Documentation","breadcrumbs":"Concepts///Classes and objects","root":0,"depth":2}