{"objectID":"_sealed_classes.html#payment_method_handling","parent":"_sealed_classes.html#declare_a_sealed_class_or_interface","pageViews":0,"url":"https://kotlinlang.org/docs/sealed-classes.html#payment-method-handling","mainTitle":"Sealed classes and interfaces","product":"","headings":"Sealed classes and interfaces,Payment method handling","content":"In practical business applications, handling various payment methods efficiently is a common requirement. You can use sealed classes with when expressions to implement such business logic. By representing different payment methods as subclasses of a sealed class, it establishes a clear and manageable structure for processing transactions:\nsealed class Payment {\n    data class CreditCard(val number: String, val expiryDate: String) : Payment()\n    data class PayPal(val email: String) : Payment()\n    data object Cash : Payment()\n}\n\nfun processPayment(payment: Payment) { \n    when (payment) {\n        is Payment.CreditCard -\u0026gt; processCreditCardPayment(payment.number, payment.expiryDate)\n        is Payment.PayPal -\u0026gt; processPayPalPayment(payment.email)\n        is Payment.Cash -\u0026gt; processCashPayment() \n    }\n}\nPayment is a sealed class that represents different payment methods in an e-commerce system: CreditCard, PayPal, and Cash. Each subclass can have its specific properties, like number and expiryDate for CreditCard, and email for PayPal.\nThe processPayment() function demonstrates how to handle different payment methods. This approach ensures that all possible payment types are considered, and the system remains flexible for new payment methods to be added in the future.\n","pageTitle":"Payment method handling","metaDescription":"","type":"Documentation","breadcrumbs":"Concepts///Classes and objects","root":0,"depth":2}