{"objectID":"_sealed_classes.html#use_case_scenarios","parent":"_sealed_classes.html#declare_a_sealed_class_or_interface","pageViews":0,"url":"https://kotlinlang.org/docs/sealed-classes.html#use-case-scenarios","mainTitle":"Sealed classes and interfaces","product":"","headings":"Sealed classes and interfaces,Use case scenarios","content":"Let\u0027s explore some practical scenarios where sealed classes and interfaces can be particularly useful.\n","pageTitle":"Use case scenarios","metaDescription":"","type":"Documentation","breadcrumbs":"Concepts///Classes and objects","root":0,"depth":2}