{"objectID":"_sealed_classes.html#state_management_in_ui_applications","parent":"_sealed_classes.html#declare_a_sealed_class_or_interface","pageViews":0,"url":"https://kotlinlang.org/docs/sealed-classes.html#state-management-in-ui-applications","mainTitle":"Sealed classes and interfaces","product":"","headings":"Sealed classes and interfaces,State management in UI applications","content":"You can use sealed classes to represent different UI states in an application. This approach allows for structured and safe handling of UI changes. This example demonstrates how to manage various UI states:\nsealed class UIState { \n    data object Loading : UIState()\n    data class Success(val data: String) : UIState()\n    data class Error(val exception: Exception) : UIState()\n}\n\nfun updateUI(state: UIState) { \n    when (state) {\n        is UIState.Loading -\u0026gt; showLoadingIndicator()\n        is UIState.Success -\u0026gt; showData(state.data)\n        is UIState.Error -\u0026gt; showError(state.exception) \n    }\n}\n","pageTitle":"State management in UI applications","metaDescription":"","type":"Documentation","breadcrumbs":"Concepts///Classes and objects","root":0,"depth":2}