{"objectID":"_sequences.html#sequence","parent":"_sequences.html#construct","pageViews":0,"url":"https://kotlinlang.org/docs/sequences.html#sequence","mainTitle":"Sequences","product":"","headings":"Sequences,Sequence","content":"Now let\u0027s write the same with sequences:\n\nfun main() {\n//sampleStart\n    val words \u003d \"The quick brown fox jumps over the lazy dog\".split(\" \")\n    //convert the List to a Sequence\n    val wordsSequence \u003d words.asSequence()\n\n    val lengthsSequence \u003d wordsSequence.filter { println(\"filter: $it\"); it.length \u0026gt; 3 }\n        .map { println(\"length: ${it.length}\"); it.length }\n        .take(4)\n\n    println(\"Lengths of first 4 words longer than 3 chars\")\n    // terminal operation: obtaining the result as a List\n    println(lengthsSequence.toList())\n//sampleEnd\n}\nThe output of this code shows that the filter() and map() functions are called only when building the result list. So, you first see the line of text \u0026quot;Lengths of..\u0026quot; and then the sequence processing starts. Note that for elements left after filtering, the map executes before filtering the next element. When the result size reaches 4, the processing stops because it\u0027s the largest possible size that take(4) can return.\nThe sequence processing goes like this:\nSequences processing In this example, the lazy processing of elements and stopping after finding four items reduces the number of operations compared to using a list approach.\n","pageTitle":"Sequence","metaDescription":"","type":"Documentation","breadcrumbs":"Standard library///Collections","root":0,"depth":2}