{"objectID":"_sequences.html#iterable","parent":"_sequences.html#construct","pageViews":0,"url":"https://kotlinlang.org/docs/sequences.html#iterable","mainTitle":"Sequences","product":"","headings":"Sequences,Iterable","content":"Assume that you have a list of words. The code below filters the words longer than three characters and prints the lengths of first four such words.\n\nfun main() {    \n//sampleStart\n    val words \u003d \"The quick brown fox jumps over the lazy dog\".split(\" \")\n    val lengthsList \u003d words.filter { println(\"filter: $it\"); it.length \u0026gt; 3 }\n        .map { println(\"length: ${it.length}\"); it.length }\n        .take(4)\n\n    println(\"Lengths of first 4 words longer than 3 chars:\")\n    println(lengthsList)\n//sampleEnd\n}\nWhen you run this code, you\u0027ll see that the filter() and map() functions are executed in the same order as they appear in the code. First, you see filter: for all elements, then length: for the elements left after filtering, and then the output of the two last lines.\nThis is how the list processing goes:\nList processing ","pageTitle":"Iterable","metaDescription":"","type":"Documentation","breadcrumbs":"Standard library///Collections","root":0,"depth":2}