{"objectID":"_sequences.html#from_chunks","parent":"_sequences.html#construct","pageViews":0,"url":"https://kotlinlang.org/docs/sequences.html#from-chunks","mainTitle":"Sequences","product":"","headings":"Sequences,From chunks","content":"Finally, there is a function that lets you produce sequence elements one by one or by chunks of arbitrary sizes – the sequence() function. This function takes a lambda expression containing calls of yield() and yieldAll() functions. They return an element to the sequence consumer and suspend the execution of sequence() until the next element is requested by the consumer. yield() takes a single element as an argument; yieldAll() can take an Iterable object, an Iterator, or another Sequence. A Sequence argument of yieldAll() can be infinite. However, such a call must be the last: all subsequent calls will never be executed.\n\nfun main() {\n//sampleStart\n    val oddNumbers \u003d sequence {\n        yield(1)\n        yieldAll(listOf(3, 5))\n        yieldAll(generateSequence(7) { it + 2 })\n    }\n    println(oddNumbers.take(5).toList())\n//sampleEnd\n}\n","pageTitle":"From chunks","metaDescription":"","type":"Documentation","breadcrumbs":"Standard library///Collections","root":0,"depth":2}