{"objectID":"_sequences.html#sequence_processing_example","parent":"_sequences.html#construct","pageViews":0,"url":"https://kotlinlang.org/docs/sequences.html#sequence-processing-example","mainTitle":"Sequences","product":"","headings":"Sequences,Sequence processing example","content":"Let\u0027s take a look at the difference between Iterable and Sequence with an example.\n","pageTitle":"Sequence processing example","metaDescription":"","type":"Documentation","breadcrumbs":"Standard library///Collections","root":0,"depth":2}