{"objectID":"_serialization.html#serialize_and_deserialize_json","parent":"_serialization.html#libraries","pageViews":0,"url":"https://kotlinlang.org/docs/serialization.html#serialize-and-deserialize-json","mainTitle":"Serialization","product":"","headings":"Serialization,Serialize and deserialize JSON","content":"2. Make a class serializable by annotating it with @Serializable.\nimport kotlinx.serialization.Serializable\n\n@Serializable\ndata class Data(val a: Int, val b: String)\n2. Serialize an instance of this class by calling Json.encodeToString().\nimport kotlinx.serialization.Serializable\nimport kotlinx.serialization.json.Json\nimport kotlinx.serialization.encodeToString\n\n@Serializable\ndata class Data(val a: Int, val b: String)\n\nfun main() {\n   val json \u003d Json.encodeToString(Data(42, \"str\"))\n}\nAs a result, you get a string containing the state of this object in the JSON format: {\u0026quot;a\u0026quot;: 42, \u0026quot;b\u0026quot;: \u0026quot;str\u0026quot;}\nYou can also serialize object collections, such as lists, in a single call:\nval dataList \u003d listOf(Data(42, \"str\"), Data(12, \"test\"))\nval jsonList \u003d Json.encodeToString(dataList)\n2. Use the decodeFromString() function to deserialize an object from JSON:\nimport kotlinx.serialization.Serializable\nimport kotlinx.serialization.json.Json\nimport kotlinx.serialization.decodeFromString\n\n@Serializable\ndata class Data(val a: Int, val b: String)\n\nfun main() {\n   val obj \u003d Json.decodeFromString\u0026lt;Data\u0026gt;(\"\"\"{\"a\":42, \"b\": \"str\"}\"\"\")\n}\nThat\u0027s it! You have successfully serialized objects into JSON strings and deserialized them back into objects.\n","pageTitle":"Serialize and deserialize JSON","metaDescription":"","type":"Documentation","breadcrumbs":"Official libraries","root":0,"depth":1}