{"objectID":"_serialization.html#formats","parent":"_serialization.html#libraries","pageViews":0,"url":"https://kotlinlang.org/docs/serialization.html#formats","mainTitle":"Serialization","product":"","headings":"Serialization,Formats","content":"kotlinx.serialization includes libraries for various serialization formats:\n- JSON: kotlinx-serialization-json\n- Protocol buffers: kotlinx-serialization-protobuf\n- CBOR: kotlinx-serialization-cbor\n- Properties: kotlinx-serialization-properties\n- HOCON: kotlinx-serialization-hocon (only on JVM)\nNote that all libraries except JSON serialization (kotlinx-serialization-json) are Experimental, which means their API can be changed without notice.\nThere are also community-maintained libraries that support more serialization formats, such as YAML or Apache Avro. For detailed information about available serialization formats, see the kotlinx.serialization documentation.\n","pageTitle":"Formats","metaDescription":"","type":"Documentation","breadcrumbs":"Official libraries","root":0,"depth":1}