{"objectID":"_serialization.html#","parent":"_serialization.html#libraries","pageViews":0,"url":"https://kotlinlang.org/docs/serialization.html","mainTitle":"Serialization","product":"","headings":"Serialization","content":"Serialization is the process of converting data used by an application to a format that can be transferred over a network or stored in a database or a file. In turn, deserialization is the opposite process of reading data from an external source and converting it into a runtime object. Together, they are essential to most applications that exchange data with third parties.\nSome data serialization formats, such as JSON and protocol buffers are particularly common. Being language-neutral and platform-neutral, they enable data exchange between systems written in any modern language.\nIn Kotlin, data serialization tools are available in a separate component, kotlinx.serialization. It consists of several parts: the org.jetbrains.kotlin.plugin.serialization Gradle plugin, runtime libraries, and compiler plugins.\nCompiler plugins, kotlinx-serialization-compiler-plugin and kotlinx-serialization-compiler-plugin-embeddable, are published directly to Maven Central. The second plugin is designed for working with the kotlin-compiler-embeddable artifact, which is the default option for scripting artifacts. Gradle adds compiler plugins to your projects as compiler arguments.\n","pageTitle":"Serialization","metaDescription":"","type":"Documentation","breadcrumbs":"Official libraries","root":0,"depth":1}