{"objectID":"_server_overview.html#deploying_kotlin_server_side_applications","parent":"_server_overview.html#frameworks_for_server_side_development_with_kotlin","pageViews":0,"url":"https://kotlinlang.org/docs/server-overview.html#deploying-kotlin-server-side-applications","mainTitle":"Kotlin for server side","product":"","headings":"Kotlin for server side,Deploying Kotlin server-side applications","content":"Kotlin applications can be deployed into any host that supports Java Web applications, including Amazon Web Services, Google Cloud Platform, and more.\nTo deploy Kotlin applications on Heroku, you can follow the official Heroku tutorial.\nAWS Labs provides a sample project showing the use of Kotlin for writing AWS Lambda functions.\nGoogle Cloud Platform offers a series of tutorials for deploying Kotlin applications to GCP, both for Ktor and App Engine and Spring and App engine. In addition, there is an interactive code lab for deploying a Kotlin Spring application.\n","pageTitle":"Deploying Kotlin server-side applications","metaDescription":"","type":"Documentation","breadcrumbs":"Kotlin overview","root":0,"depth":1}