{"objectID":"_slack_code_of_conduct.html#moderator_status_acquisition_and_revocation_process","parent":"_slack_code_of_conduct.html#how_to_behave","pageViews":0,"url":"https://kotlinlang.org/docs/slack-code-of-conduct.html#moderator-status-acquisition-and-revocation-process","mainTitle":"Code of conduct and guidelines for Kotlin Slack","product":"","headings":"Code of conduct and guidelines for Kotlin Slack,Moderator status acquisition and revocation process","content":"- Any member is welcome to apply to be a moderator once they have been in the Slack community for longer than 6 months.\n- Moderator status is provided based upon the decision of the administrators.\n- Moderator status can be revoked if (this list is not exhaustive and can be updated on a case-by-case basis):\n- A moderator ignores their responsibilities, which leads to issues in a channel.\n- A moderator violates these guidelines.\n","pageTitle":"Moderator status acquisition and revocation process","metaDescription":"","type":"Documentation","breadcrumbs":"Other resources///Community","root":0,"depth":2}