{"objectID":"_slack_code_of_conduct.html#the_list_of_moderators","parent":"_slack_code_of_conduct.html#how_to_behave","pageViews":0,"url":"https://kotlinlang.org/docs/slack-code-of-conduct.html#the-list-of-moderators","mainTitle":"Code of conduct and guidelines for Kotlin Slack","product":"","headings":"Code of conduct and guidelines for Kotlin Slack,The list of moderators","content":"At the moment we have 17 confirmed moderators, and they will be responsible for observing a total of 64 channels. For all other channels, if any issues arise, members can ping any of the moderators or admins directly, or they can post a message in #meta.\n- Alexander Nozik (@altavir) – #mathematics, #science, #datascience, #education\n- Anderson Lameck (@andylamax) – #coroutines, #kotlin-native, #webassembly, #serialization, #random, #javascript, #react\n- Andrey Mischenko (@gildor) – #coroutines, #android, #gradle, #multiplatform, #getting-started, #kotlin-asia, #singapore\n- Eric Ampire (@Eric Ampire) – #events\n- Holger Steinhauer (@Holger Steinhauer) – #fosdem, #berlin, #vkug, #german-lang, #server\n- Louis CAD (@louiscad) – #coroutines, #android\n- Magda Miu (@Magda Miu) – #android, #100daysofkotlin\n- Maryam Alhuthayfi (@Maryam Alhuthayfi) – #compose, #books, #ksp, #eap, #dagger, and #kontributors.\n- Nicola Corti (@gammax) – #feed, #detekt, #appintro, #chucker, #fosdem, #london, #berlin, #hamburg, #sweden, #ktlint, #kug-leads, #kotlinconf, #koin, #koin-dev, #spek, #vkug\n- Paulien van Alst (@Paulien van Alst) – #detekt, #koin, #mockk\n- Qian Jin (@qian) – #kotlin-native, #android-studio, #french\n- Raul Raja (@raulraja) - #arrow, #arrow-contributors, #arrow-meta\n- Sam Sam (@sam) – #kotest, #kotest-contributors\n- Simon Vergauwen (@simon.vergauwen) – #arrow, #arrow-contributors, #arrow-meta\n- Youssef Shoaib (@Youssef Shoaib) – #getting-started, #feed, #language-evolution, #language-proposals\n- Zach Klippenstein (@Zach Klippenstein) – #coroutines, #compose, #compose-desktop, #compose-web, #squarelibraries, #library-development\n","pageTitle":"The list of moderators","metaDescription":"","type":"Documentation","breadcrumbs":"Other resources///Community","root":0,"depth":2}