{"objectID":"_spring_ai_guide.html#create_a_controller_to_load_and_search_documents","parent":"_spring_ai_guide.html#before_you_start","pageViews":0,"url":"https://kotlinlang.org/docs/spring-ai-guide.html#create-a-controller-to-load-and-search-documents","mainTitle":"Build a Kotlin app that uses Spring AI to answer questions based on documents stored in Qdrant — tutorial","product":"","headings":"Build a Kotlin app that uses Spring AI to answer questions based on documents stored in Qdrant — tutorial,Create a controller to load and search documents","content":"Create a Spring @RestController to search documents and store them in the Qdrant collection:\n2. In the src/main/kotlin/org/example/springaidemo directory, create a new file named KotlinSTDController.kt, and add the following code:\npackage org.example.springaidemo\n\n// Imports the required Spring and utility classes\nimport org.slf4j.LoggerFactory\nimport org.springframework.ai.document.Document\nimport org.springframework.ai.vectorstore.SearchRequest\nimport org.springframework.ai.vectorstore.VectorStore\nimport org.springframework.web.bind.annotation.GetMapping\nimport org.springframework.web.bind.annotation.PostMapping\nimport org.springframework.web.bind.annotation.RequestMapping\nimport org.springframework.web.bind.annotation.RequestParam\nimport org.springframework.web.bind.annotation.RestController\nimport org.springframework.web.client.RestTemplate\nimport kotlin.uuid.ExperimentalUuidApi\nimport kotlin.uuid.Uuid\n\n@RestController\n@RequestMapping(\"/kotlin\")\nclass KotlinSTDController(\nprivate val restTemplate: RestTemplate,\nprivate val vectorStore: VectorStore,\n) {\nprivate val logger \u003d LoggerFactory.getLogger(this::class.java)\n\n    @OptIn(ExperimentalUuidApi::class)\n    @PostMapping(\"/load-docs\")\n    fun load() {\n        // Loads a list of documents from the Kotlin documentation\n        val kotlinStdTopics \u003d listOf(\n            \"collections-overview\", \"constructing-collections\", \"iterators\", \"ranges\", \"sequences\",\n            \"collection-operations\", \"collection-transformations\", \"collection-filtering\", \"collection-plus-minus\",\n            \"collection-grouping\", \"collection-parts\", \"collection-elements\", \"collection-ordering\",\n            \"collection-aggregate\", \"collection-write\", \"list-operations\", \"set-operations\",\n            \"map-operations\", \"read-standard-input\", \"opt-in-requirements\", \"scope-functions\", \"time-measurement\",\n        )\n        // Base URL for the documents\n        val url \u003d \"https://raw.githubusercontent.com/JetBrains/kotlin-web-site/refs/heads/master/docs/topics/\"\n        // Retrieves each document from the URL and adds it to the vector store\n        kotlinStdTopics.forEach { topic -\u0026gt;\n            val data \u003d restTemplate.getForObject(\"$url$topic.md\", String::class.java)\n            data?.let { it -\u0026gt;\n                val doc \u003d Document.builder()\n                    // Builds a document with a random UUID\n                    .id(Uuid.random().toString())\n                    .text(it)\n                    .metadata(\"topic\", topic)\n                    .build()\n                vectorStore.add(listOf(doc))\n                logger.info(\"Document $topic loaded.\")\n            } ?: logger.warn(\"Failed to load document for topic: $topic\")\n        }\n    }\n\n    @GetMapping(\"docs\")\n    fun query(\n        @RequestParam query: String \u003d \"operations, filtering, and transformations\",\n        @RequestParam topK: Int \u003d 2\n    ): List\u0026lt;Document\u0026gt;? {\n        val searchRequest \u003d SearchRequest.builder()\n            .query(query)\n            .topK(topK)\n            .build()\n        val results \u003d vectorStore.similaritySearch(searchRequest)\n        logger.info(\"Found ${results?.size ?: 0} documents for query: \u0027$query\u0027\")\n        return results\n    }\n}\n4. Update the SpringAiDemoApplication.kt file to declare a RestTemplate bean:\npackage org.example.springaidemo\n\nimport org.springframework.boot.autoconfigure.SpringBootApplication\nimport org.springframework.boot.runApplication\nimport org.springframework.context.annotation.Bean\nimport org.springframework.web.client.RestTemplate\n\n@SpringBootApplication\nclass SpringAiDemoApplication {\n\n    @Bean\n    fun restTemplate(): RestTemplate \u003d RestTemplate()\n}\n\nfun main(args: Array\u0026lt;String\u0026gt;) {\n    runApplication\u0026lt;SpringAiDemoApplication\u0026gt;(*args)\n}\n6. Run the application.\n8. In the terminal, send a POST request to the /kotlin/load-docs endpoint to load the documents:\ncurl -X POST http://localhost:8080/kotlin/load-docs\n10. Once the documents are loaded, you can search for them with a GET request:\ncurl -X GET http://localhost:8080/kotlin/docs\nGET request results You can also view the results on the Qdrant collections page.\n","pageTitle":"Create a controller to load and search documents","metaDescription":"","type":"Documentation","breadcrumbs":"Platforms///JVM///Spring","root":0,"depth":3}