{"objectID":"_strings.html#","parent":"_strings.html#string_literals","pageViews":0,"url":"https://kotlinlang.org/docs/strings.html","mainTitle":"Strings","product":"","headings":"Strings","content":"Strings in Kotlin are represented by the type String.\nOn the JVM, an object of String type in UTF-16 encoding uses approximately 2 bytes per character.\nGenerally, a string value is a sequence of characters in double quotes (\u0026quot;):\nval str \u003d \"abcd 123\"\nElements of a string are characters that you can access via the indexing operation: s[i]. You can iterate over these characters with a for loop:\nfun main() {\n    val str \u003d \"abcd\" \n//sampleStart\n    for (c in str) {\n        println(c)\n    }\n//sampleEnd\n}\nStrings are immutable. Once you initialize a string, you can\u0027t change its value or assign a new value to it. All operations that transform strings return their results in a new String object, leaving the original string unchanged:\nfun main() {\n//sampleStart\n    val str \u003d \"abcd\"\n   \n    // Creates and prints a new String object\n    println(str.uppercase())\n    // ABCD\n   \n    // The original string remains the same\n    println(str) \n    // abcd\n//sampleEnd\n}\nTo concatenate strings, use the + operator. This also works for concatenating strings with values of other types, as long as the first element in the expression is a string:\nfun main() {\n//sampleStart\n    val s \u003d \"abc\" + 1\n    println(s + \"def\")\n    // abc1def    \n//sampleEnd\n}\nIn most cases using string templates or multiline strings is preferable to string concatenation.\n","pageTitle":"Strings","metaDescription":"","type":"Documentation","breadcrumbs":"Concepts///Types///Basic types","root":0,"depth":3}