{"objectID":"_strings.html#string_templates","parent":"_strings.html#string_literals","pageViews":0,"url":"https://kotlinlang.org/docs/strings.html#string-templates","mainTitle":"Strings","product":"","headings":"Strings,String templates","content":"String literals may contain template expressions – pieces of code that are evaluated and whose results are concatenated into a string. When a template expression is processed, Kotlin automatically calls the .toString() function on the expression\u0027s result to convert it into a string. A template expression starts with a dollar sign ($) and consists of either a variable name:\nfun main() {\n//sampleStart\n    val i \u003d 10\n    println(\"i \u003d $i\") \n    // i \u003d 10\n    \n    val letters \u003d listOf(\"a\",\"b\",\"c\",\"d\",\"e\")\n    println(\"Letters: $letters\") \n    // Letters: [a, b, c, d, e]\n\n//sampleEnd\n}\nor an expression in curly braces:\nfun main() {\n//sampleStart\n    val s \u003d \"abc\"\n    println(\"$s.length is ${s.length}\") \n    // abc.length is 3\n//sampleEnd\n}\nYou can use templates both in multiline and escaped strings. However, multiline strings don\u0027t support backslash escaping. To insert the dollar sign $ in a multiline string before any symbol allowed at the beginning of an identifier, use the following syntax:\nval price \u003d \"\"\"\n${\u0027$\u0027}_9.99\n\"\"\"\nTo avoid ${\u0027$\u0027} sequences in strings, you can use the Experimental multi-dollar string interpolation feature.\n","pageTitle":"String templates","metaDescription":"","type":"Documentation","breadcrumbs":"Concepts///Types///Basic types","root":0,"depth":3}