{"objectID":"_this_expressions.html#implicit_this","parent":"_this_expressions.html#qualified_this","pageViews":0,"url":"https://kotlinlang.org/docs/this-expressions.html#implicit-this","mainTitle":"This expressions","product":"","headings":"This expressions,Implicit this","content":"When you call a member function on this, you can skip the this. part. If you have a non-member function with the same name, use this with caution because in some cases it can be called instead:\nfun main() {\n    fun printLine() { println(\"Local function\") }\n    \n    class A {\n        fun printLine() { println(\"Member function\") }\n\n        fun invokePrintLine(omitThis: Boolean \u003d false) {\n            if (omitThis) printLine()\n            else this.printLine()\n        }\n    }\n    \n    A().invokePrintLine() // Member function\n    A().invokePrintLine(omitThis \u003d true) // Local function\n}\n","pageTitle":"Implicit this","metaDescription":"","type":"Documentation","breadcrumbs":"Concepts","root":0,"depth":1}