{"objectID":"_time_measurement.html#compare_duration","parent":"_time_measurement.html#calculate_duration","pageViews":0,"url":"https://kotlinlang.org/docs/time-measurement.html#compare-duration","mainTitle":"Time measurement","product":"","headings":"Time measurement,Compare duration","content":"To check if Duration objects are equal, use the equality operator (\u003d\u003d):\nimport kotlin.time.Duration\nimport kotlin.time.Duration.Companion.hours\nimport kotlin.time.Duration.Companion.minutes\n\nfun main() {\n//sampleStart\n    val thirtyMinutes: Duration \u003d 30.minutes\n    val halfHour: Duration \u003d 0.5.hours\n    println(thirtyMinutes \u003d\u003d halfHour)\n    // true\n//sampleEnd\n}\nTo compare Duration objects, use the comparison operators (\u0026lt;, \u0026gt;):\nimport kotlin.time.Duration.Companion.microseconds\nimport kotlin.time.Duration.Companion.nanoseconds\n\nfun main() {\n//sampleStart\n    println(3000.microseconds \u0026lt; 25000.nanoseconds)\n    // false\n//sampleEnd\n}\n","pageTitle":"Compare duration","metaDescription":"","type":"Documentation","breadcrumbs":"Standard library","root":0,"depth":1}