{"objectID":"_time_measurement.html#convert_duration","parent":"_time_measurement.html#calculate_duration","pageViews":0,"url":"https://kotlinlang.org/docs/time-measurement.html#convert-duration","mainTitle":"Time measurement","product":"","headings":"Time measurement,Convert duration","content":"To convert your Duration into a different DurationUnit, use the following properties:\n- inWholeNanoseconds\n- inWholeMicroseconds\n- inWholeSeconds\n- inWholeMinutes\n- inWholeHours\n- inWholeDays\nFor example:\nimport kotlin.time.Duration\nimport kotlin.time.Duration.Companion.minutes\n\nfun main() {\n//sampleStart\n    val thirtyMinutes: Duration \u003d 30.minutes\n    println(thirtyMinutes.inWholeSeconds)\n    // 1800\n//sampleEnd\n}\nAlternatively, you can use your desired DurationUnit as a function parameter in the following extension functions:\n- .toInt()\n- .toDouble()\n- .toLong()\nFor example:\nimport kotlin.time.Duration.Companion.seconds\nimport kotlin.time.DurationUnit\n\nfun main() {\n//sampleStart\n    println(270.seconds.toDouble(DurationUnit.MINUTES))\n    // 4.5\n//sampleEnd\n}\n","pageTitle":"Convert duration","metaDescription":"","type":"Documentation","breadcrumbs":"Standard library","root":0,"depth":1}