{"objectID":"_time_measurement.html#create_duration","parent":"_time_measurement.html#calculate_duration","pageViews":0,"url":"https://kotlinlang.org/docs/time-measurement.html#create-duration","mainTitle":"Time measurement","product":"","headings":"Time measurement,Create duration","content":"To create a Duration, use the extension properties available for Int, Long, and Double types: nanoseconds, microseconds, milliseconds, seconds, minutes, hours, and days.\nDays refer to periods of 24 hours. They are not calendar days.\nFor example:\nimport kotlin.time.*\nimport kotlin.time.Duration.Companion.nanoseconds\nimport kotlin.time.Duration.Companion.milliseconds\nimport kotlin.time.Duration.Companion.seconds\nimport kotlin.time.Duration.Companion.minutes\nimport kotlin.time.Duration.Companion.days\n\nfun main() {\n//sampleStart\n    val fiveHundredMilliseconds: Duration \u003d 500.milliseconds\n    val zeroSeconds: Duration \u003d 0.seconds\n    val tenMinutes: Duration \u003d 10.minutes\n    val negativeNanosecond: Duration \u003d (-1).nanoseconds\n    val infiniteDays: Duration \u003d Double.POSITIVE_INFINITY.days\n    val negativeInfiniteDays: Duration \u003d Double.NEGATIVE_INFINITY.days\n\n    println(fiveHundredMilliseconds) // 500ms\n    println(zeroSeconds)             // 0s\n    println(tenMinutes)              // 10m\n    println(negativeNanosecond)      // -1ns\n    println(infiniteDays)            // Infinity\n    println(negativeInfiniteDays)    // -Infinity\n//sampleEnd\n}\nYou can also perform basic arithmetic with Duration objects:\nimport kotlin.time.*\nimport kotlin.time.Duration.Companion.seconds\n\nfun main() {\n//sampleStart\n    val fiveSeconds: Duration \u003d 5.seconds\n    val thirtySeconds: Duration \u003d 30.seconds\n\n    println(fiveSeconds + thirtySeconds)\n    // 35s\n    println(thirtySeconds - fiveSeconds)\n    // 25s\n    println(fiveSeconds * 2)\n    // 10s\n    println(thirtySeconds / 2)\n    // 15s\n    println(thirtySeconds / fiveSeconds)\n    // 6.0\n    println(-thirtySeconds)\n    // -30s\n    println((-thirtySeconds).absoluteValue)\n    // 30s\n//sampleEnd\n}\n","pageTitle":"Create duration","metaDescription":"","type":"Documentation","breadcrumbs":"Standard library","root":0,"depth":1}