{"objectID":"_time_measurement.html#get_string_representation","parent":"_time_measurement.html#calculate_duration","pageViews":0,"url":"https://kotlinlang.org/docs/time-measurement.html#get-string-representation","mainTitle":"Time measurement","product":"","headings":"Time measurement,Get string representation","content":"It can be useful to have a string representation of a Duration so that you can print, serialize, transfer, or store it.\nTo get a string representation, use the .toString() function. By default, the time is reported using each unit that is present. For example: 1h 0m 45.677s or -(6d 5h 5m 28.284s)\nTo configure the output, use the .toString() function with your desired DurationUnit and number of decimal places as function parameters:\nimport kotlin.time.Duration\nimport kotlin.time.Duration.Companion.milliseconds\nimport kotlin.time.DurationUnit\n\nfun main() {\n//sampleStart\n    // Print in seconds with 2 decimal places\n    println(5887.milliseconds.toString(DurationUnit.SECONDS, 2))\n    // 5.89s\n//sampleEnd\n}\nTo get an ISO-8601-compatible string, use the toIsoString() function:\nimport kotlin.time.Duration.Companion.seconds\n\nfun main() {\n//sampleStart\n    println(86420.seconds.toIsoString()) // PT24H0M20S\n//sampleEnd\n}\n","pageTitle":"Get string representation","metaDescription":"","type":"Documentation","breadcrumbs":"Standard library","root":0,"depth":1}