{"objectID":"_time_measurement.html#","parent":"_time_measurement.html#calculate_duration","pageViews":0,"url":"https://kotlinlang.org/docs/time-measurement.html","mainTitle":"Time measurement","product":"","headings":"Time measurement","content":"The Kotlin standard library gives you the tools to calculate and measure time in different units. Accurate time measurement is important for activities like:\n- Managing threads or processes\n- Collecting statistics\n- Detecting timeouts\n- Debugging\nBy default, time is measured using a monotonic time source, but other time sources can be configured. For more information, see Create time source.\n","pageTitle":"Time measurement","metaDescription":"","type":"Documentation","breadcrumbs":"Standard library","root":0,"depth":1}