{"objectID":"_time_measurement.html#measure_differences_in_time","parent":"_time_measurement.html#calculate_duration","pageViews":0,"url":"https://kotlinlang.org/docs/time-measurement.html#measure-differences-in-time","mainTitle":"Time measurement","product":"","headings":"Time measurement,Measure differences in time","content":"To measure differences between TimeMark objects from the same time source, use the subtraction operator (-).\nTo compare TimeMark objects from the same time source, use the comparison operators (\u0026lt;, \u0026gt;).\nFor example:\nimport kotlin.time.*\n\nfun main() {\n//sampleStart\n   val timeSource \u003d TimeSource.Monotonic\n   val mark1 \u003d timeSource.markNow()\n   Thread.sleep(500) // Sleep 0.5 seconds.\n   val mark2 \u003d timeSource.markNow()\n\n   repeat(4) { n -\u0026gt;\n       val mark3 \u003d timeSource.markNow()\n       val elapsed1 \u003d mark3 - mark1\n       val elapsed2 \u003d mark3 - mark2\n\n       println(\"Measurement 1.${n + 1}: elapsed1\u003d$elapsed1, elapsed2\u003d$elapsed2, diff\u003d${elapsed1 - elapsed2}\")\n   }\n   \n   println(mark2 \u0026gt; mark1) // This is true, as mark2 was captured later than mark1.\n   // true\n//sampleEnd\n}\nTo check if a deadline has passed or a timeout has been reached, use the hasPassedNow() and hasNotPassedNow() extension functions:\nimport kotlin.time.*\nimport kotlin.time.Duration.Companion.seconds\n\nfun main() {\n//sampleStart\n   val timeSource \u003d TimeSource.Monotonic\n   val mark1 \u003d timeSource.markNow()\n   val fiveSeconds: Duration \u003d 5.seconds\n   val mark2 \u003d mark1 + fiveSeconds\n\n   // It hasn\u0027t been 5 seconds yet\n   println(mark2.hasPassedNow())\n   // false\n  \n   // Wait six seconds\n   Thread.sleep(6000)\n   println(mark2.hasPassedNow())\n   // true\n\n//sampleEnd\n}\n","pageTitle":"Measure differences in time","metaDescription":"","type":"Documentation","breadcrumbs":"Standard library","root":0,"depth":1}