{"objectID":"_type_safe_builders.html#full_definition_of_the_com_example_html_package","parent":"_type_safe_builders.html#how_it_works","pageViews":0,"url":"https://kotlinlang.org/docs/type-safe-builders.html#full-definition-of-the-com-example-html-package","mainTitle":"Type-safe builders","product":"","headings":"Type-safe builders,Full definition of the com.example.html package","content":"This is how the package com.example.html is defined (only the elements used in the example above). It builds an HTML tree. It makes heavy use of extension functions and lambdas with receiver.\npackage com.example.html\n\ninterface Element {\n    fun render(builder: StringBuilder, indent: String)\n}\n\nclass TextElement(val text: String) : Element {\n    override fun render(builder: StringBuilder, indent: String) {\n        builder.append(\"$indent$text\\n\")\n    }\n}\n\n@DslMarker\nannotation class HtmlTagMarker\n\n@HtmlTagMarker\nabstract class Tag(val name: String) : Element {\n    val children \u003d arrayListOf\u0026lt;Element\u0026gt;()\n    val attributes \u003d hashMapOf\u0026lt;String, String\u0026gt;()\n\n    protected fun \u0026lt;T : Element\u0026gt; initTag(tag: T, init: T.() -\u0026gt; Unit): T {\n        tag.init()\n        children.add(tag)\n        return tag\n    }\n\n    override fun render(builder: StringBuilder, indent: String) {\n        builder.append(\"$indent\u0026lt;$name${renderAttributes()}\u0026gt;\\n\")\n        for (c in children) {\n            c.render(builder, indent + \"  \")\n        }\n        builder.append(\"$indent\u0026lt;/$name\u0026gt;\\n\")\n    }\n\n    private fun renderAttributes(): String {\n        val builder \u003d StringBuilder()\n        for ((attr, value) in attributes) {\n            builder.append(\" $attr\u003d\\\"$value\\\"\")\n        }\n        return builder.toString()\n    }\n\n    override fun toString(): String {\n        val builder \u003d StringBuilder()\n        render(builder, \"\")\n        return builder.toString()\n    }\n}\n\nabstract class TagWithText(name: String) : Tag(name) {\n    operator fun String.unaryPlus() {\n        children.add(TextElement(this))\n    }\n}\n\nclass HTML : TagWithText(\"html\") {\n    fun head(init: Head.() -\u0026gt; Unit) \u003d initTag(Head(), init)\n\n    fun body(init: Body.() -\u0026gt; Unit) \u003d initTag(Body(), init)\n}\n\nclass Head : TagWithText(\"head\") {\n    fun title(init: Title.() -\u0026gt; Unit) \u003d initTag(Title(), init)\n}\n\nclass Title : TagWithText(\"title\")\n\nabstract class BodyTag(name: String) : TagWithText(name) {\n    fun b(init: B.() -\u0026gt; Unit) \u003d initTag(B(), init)\n    fun p(init: P.() -\u0026gt; Unit) \u003d initTag(P(), init)\n    fun h1(init: H1.() -\u0026gt; Unit) \u003d initTag(H1(), init)\n    fun a(href: String, init: A.() -\u0026gt; Unit) {\n        val a \u003d initTag(A(), init)\n        a.href \u003d href\n    }\n}\n\nclass Body : BodyTag(\"body\")\nclass B : BodyTag(\"b\")\nclass P : BodyTag(\"p\")\nclass H1 : BodyTag(\"h1\")\n\nclass A : BodyTag(\"a\") {\n    var href: String\n        get() \u003d attributes[\"href\"]!!\n        set(value) {\n            attributes[\"href\"] \u003d value\n        }\n}\n\nfun html(init: HTML.() -\u0026gt; Unit): HTML {\n    val html \u003d HTML()\n    html.init()\n    return html\n}\n","pageTitle":"Full definition of the com.example.html package","metaDescription":"","type":"Documentation","breadcrumbs":"Concepts///Functions///Builders","root":0,"depth":3}