{"objectID":"_typecasts.html#logical_operators","parent":"_typecasts.html#is_and_is_operators","pageViews":0,"url":"https://kotlinlang.org/docs/typecasts.html#logical-operators","mainTitle":"Type checks and casts","product":"","headings":"Type checks and casts,Logical operators","content":"The compiler can perform smart casts on the right-hand side of \u0026amp;\u0026amp; or || operators if there is a type check (regular or negative) on the left-hand side:\n// x is automatically cast to String on the right-hand side of `||`\nif (x !is String || x.length \u003d\u003d 0) return\n\n// x is automatically cast to String on the right-hand side of `\u0026\u0026`\nif (x is String \u0026\u0026 x.length \u0026gt; 0) {\n    print(x.length) // x is automatically cast to String\n}\nIf you combine type checks for objects with an or operator (||), a smart cast is made to their closest common supertype:\ninterface Status {\n    fun signal() {}\n}\n\ninterface Ok : Status\ninterface Postponed : Status\ninterface Declined : Status\n\nfun signalCheck(signalStatus: Any) {\n    if (signalStatus is Postponed || signalStatus is Declined) {\n        // signalStatus is smart-cast to a common supertype Status\n        signalStatus.signal()\n    }\n}\nThe common supertype is an approximation of a union type. Union types are not currently supported in Kotlin.\n","pageTitle":"Logical operators","metaDescription":"","type":"Documentation","breadcrumbs":"Concepts///Types","root":0,"depth":2}