{"objectID":"_type_safe_builders.html#","parent":"_type_safe_builders.html#how_it_works","pageViews":0,"url":"https://kotlinlang.org/docs/type-safe-builders.html","mainTitle":"Type-safe builders","product":"","headings":"Type-safe builders","content":"By using well-named functions as builders in combination with function literals with receiver it is possible to create type-safe, statically-typed builders in Kotlin.\nType-safe builders allow creating Kotlin-based domain-specific languages (DSLs) suitable for building complex hierarchical data structures in a semi-declarative way. Sample use cases for the builders are:\n- Generating markup with Kotlin code, such as HTML or XML\n- Configuring routes for a web server: Ktor\nConsider the following code:\nimport com.example.html.* // see declarations below\n\nfun result() \u003d\n    html {\n        head {\n            title {+\"XML encoding with Kotlin\"}\n        }\n        body {\n            h1 {+\"XML encoding with Kotlin\"}\n            p  {+\"this format can be used as an alternative markup to XML\"}\n\n            // an element with attributes and text content\n            a(href \u003d \"https://kotlinlang.org\") {+\"Kotlin\"}\n\n            // mixed content\n            p {\n                +\"This is some\"\n                b {+\"mixed\"}\n                +\"text. For more see the\"\n                a(href \u003d \"https://kotlinlang.org\") {+\"Kotlin\"}\n                +\"project\"\n            }\n            p {+\"some text\"}\n\n            // content generated by\n            p {\n                for (arg in args)\n                    +arg\n            }\n        }\n    }\nThis is completely legitimate Kotlin code. You can play with this code online (modify it and run in the browser) here.\n","pageTitle":"Type-safe builders","metaDescription":"","type":"Documentation","breadcrumbs":"Concepts///Functions///Builders","root":0,"depth":3}