{"objectID":"_typecasts.html#smart_cast_prerequisites","parent":"_typecasts.html#is_and_is_operators","pageViews":0,"url":"https://kotlinlang.org/docs/typecasts.html#smart-cast-prerequisites","mainTitle":"Type checks and casts","product":"","headings":"Type checks and casts,Smart cast prerequisites","content":"Note that smart casts work only when the compiler can guarantee that the variable won\u0027t change between the check and its usage.\nSmart casts can be used in the following conditions:\nval local variables Always, except local delegated properties.\nval properties If the property is private, internal, or if the check is performed in the same module where the property is declared. Smart casts can\u0027t be used on open properties or properties that have custom getters.\nvar local variables If the variable is not modified between the check and its usage, is not captured in a lambda that modifies it, and is not a local delegated property.\nvar properties Never, because the variable can be modified at any time by other code.\n","pageTitle":"Smart cast prerequisites","metaDescription":"","type":"Documentation","breadcrumbs":"Concepts///Types","root":0,"depth":2}