{"objectID":"_typecasts.html#","parent":"_typecasts.html#is_and_is_operators","pageViews":0,"url":"https://kotlinlang.org/docs/typecasts.html","mainTitle":"Type checks and casts","product":"","headings":"Type checks and casts","content":"In Kotlin, you can perform type checks to check the type of an object at runtime. Type casts enable you to convert objects to a different type.\nTo learn specifically about generics type checks and casts, for example List\u0026lt;T\u0026gt;, Map\u0026lt;K,V\u0026gt;, see Generics type checks and casts.\n","pageTitle":"Type checks and casts","metaDescription":"","type":"Documentation","breadcrumbs":"Concepts///Types","root":0,"depth":2}