{"objectID":"_type_aliases.html#how_to_enable_nested_type_aliases","parent":"_type_aliases.html#nested_type_aliases","pageViews":0,"url":"https://kotlinlang.org/docs/type-aliases.html#how-to-enable-nested-type-aliases","mainTitle":"Type aliases","product":"","headings":"Type aliases,How to enable nested type aliases","content":"To enable nested type aliases in your project, use the following compiler option in the command line:\n-Xnested-type-aliases\nOr add it to the compilerOptions {} block of your Gradle build file:\n// build.gradle.kts\nkotlin {\n    compilerOptions {\n        freeCompilerArgs.add(\"-Xnested-type-aliases\")\n    }\n}\n","pageTitle":"How to enable nested type aliases","metaDescription":"","type":"Documentation","breadcrumbs":"Concepts///Classes and objects","root":0,"depth":2}