{"objectID":"_typecasts.html#smart_casts","parent":"_typecasts.html#is_and_is_operators","pageViews":0,"url":"https://kotlinlang.org/docs/typecasts.html#smart-casts","mainTitle":"Type checks and casts","product":"","headings":"Type checks and casts,Smart casts","content":"In most cases, you don\u0027t need to use explicit cast operators because the compiler automatically casts objects for you. This is called smart-casting. The compiler tracks the type checks and explicit casts for immutable values and inserts implicit (safe) casts automatically when necessary:\nfun demo(x: Any) {\n    if (x is String) {\n        print(x.length) // x is automatically cast to String\n    }\n}\nThe compiler is even smart enough to know that a cast is safe if a negative check leads to a return:\nif (x !is String) return\n\nprint(x.length) // x is automatically cast to String\n","pageTitle":"Smart casts","metaDescription":"","type":"Documentation","breadcrumbs":"Concepts///Types","root":0,"depth":2}