{"objectID":"_typecasts.html#unsafe_cast_operator","parent":"_typecasts.html#is_and_is_operators","pageViews":0,"url":"https://kotlinlang.org/docs/typecasts.html#unsafe-cast-operator","mainTitle":"Type checks and casts","product":"","headings":"Type checks and casts,\"Unsafe\" cast operator","content":"To explicitly cast an object to a non-nullable type, use the unsafe cast operator as:\nval x: String \u003d y as String\nIf the cast isn\u0027t possible, the compiler throws an exception. This is why it\u0027s called unsafe.\nIn the previous example, if y is null, the code above also throws an exception. This is because null can\u0027t be cast to String, as String isn\u0027t nullable. To make the example work for possible null values, use a nullable type on the right-hand side of the cast:\nval x: String? \u003d y as String?\n","pageTitle":"\"Unsafe\" cast operator","metaDescription":"","type":"Documentation","breadcrumbs":"Concepts///Types","root":0,"depth":2}