{"objectID":"_type_safe_builders.html#scope_control_dslmarker","parent":"_type_safe_builders.html#how_it_works","pageViews":0,"url":"https://kotlinlang.org/docs/type-safe-builders.html#scope-control-dslmarker","mainTitle":"Type-safe builders","product":"","headings":"Type-safe builders,Scope control: @DslMarker","content":"When using DSLs, one might have come across the problem that too many functions can be called in the context. You can call methods of every available implicit receiver inside a lambda and therefore get an inconsistent result, like the tag head inside another head:\nhtml {\n    head {\n        head {} // should be forbidden\n    }\n    // ...\n}\nIn this example only members of the nearest implicit receiver this@head must be available; head() is a member of the outer receiver this@html, so it must be illegal to call it.\nTo address this problem, there is a special mechanism to control receiver scope.\nTo make the compiler start controlling scopes you only have to annotate the types of all receivers used in the DSL with the same marker annotation. For instance, for HTML Builders you declare an annotation @HTMLTagMarker:\n@DslMarker\nannotation class HtmlTagMarker\nAn annotation class is called a DSL marker if it is annotated with the @DslMarker annotation.\nIn our DSL all the tag classes extend the same superclass Tag. It\u0027s enough to annotate only the superclass with @HtmlTagMarker and after that the Kotlin compiler will treat all the inherited classes as annotated:\n@HtmlTagMarker\nabstract class Tag(val name: String) { ... }\nYou don\u0027t have to annotate the HTML or Head classes with @HtmlTagMarker because their superclass is already annotated:\nclass HTML() : Tag(\"html\") { ... }\n\nclass Head() : Tag(\"head\") { ... }\nAfter you\u0027ve added this annotation, the Kotlin compiler knows which implicit receivers are part of the same DSL and allows to call members of the nearest receivers only:\nhtml {\n    head {\n        head { } // error: a member of outer receiver\n    }\n    // ...\n}\nNote that it\u0027s still possible to call the members of the outer receiver, but to do that you have to specify this receiver explicitly:\nhtml {\n    head {\n        this@html.head { } // possible\n    }\n    // ...\n}\nYou can also apply the @DslMarker annotation directly to function types. Simply annotate the @DslMarker annotation with @Target(AnnotationTarget.TYPE):\n@Target(AnnotationTarget.TYPE)\n@DslMarker\nannotation class HtmlTagMarker\nAs a result, the @DslMarker annotation can be applied to function types, most commonly to lambdas with receivers. For example:\nfun html(init: @HtmlTagMarker HTML.() -\u0026gt; Unit): HTML { ... }\n\nfun HTML.head(init: @HtmlTagMarker Head.() -\u0026gt; Unit): Head { ... }\n\nfun Head.title(init: @HtmlTagMarker Title.() -\u0026gt; Unit): Title { ... }\nWhen you call these functions, the @DslMarker annotation restricts access to outer receivers in the body of a lambda marked with it unless you specify them explicitly:\nhtml {\n    head {\n        title {\n            // Access to title, head or other functions of outer receivers is restricted here.\n        }\n    }\n}\nOnly the nearest receiver\u0027s members and extensions are accessible within a lambda, preventing unintended interactions between nested scopes.\n","pageTitle":"Scope control: @DslMarker","metaDescription":"","type":"Documentation","breadcrumbs":"Concepts///Functions///Builders","root":0,"depth":3}