{"objectID":"_typecasts.html#inline_functions","parent":"_typecasts.html#is_and_is_operators","pageViews":0,"url":"https://kotlinlang.org/docs/typecasts.html#inline-functions","mainTitle":"Type checks and casts","product":"","headings":"Type checks and casts,Inline functions","content":"The compiler can smart-cast variables captured within lambda functions that are passed to inline functions.\nInline functions are treated as having an implicit callsInPlace contract. This means that any lambda functions passed to an inline function are called in place. Since lambda functions are called in place, the compiler knows that a lambda function can\u0027t leak references to any variables contained within its function body.\nThe compiler uses this knowledge, along with other analyses to decide whether it\u0027s safe to smart-cast any of the captured variables. For example:\ninterface Processor {\n    fun process()\n}\n\ninline fun inlineAction(f: () -\u0026gt; Unit) \u003d f()\n\nfun nextProcessor(): Processor? \u003d null\n\nfun runProcessor(): Processor? {\n    var processor: Processor? \u003d null\n    inlineAction {\n        // The compiler knows that processor is a local variable and inlineAction()\n        // is an inline function, so references to processor can\u0027t be leaked.\n        // Therefore, it\u0027s safe to smart-cast processor.\n      \n        // If processor isn\u0027t null, processor is smart-cast\n        if (processor !\u003d null) {\n            // The compiler knows that processor isn\u0027t null, so no safe call \n            // is needed\n            processor.process()\n        }\n\n        processor \u003d nextProcessor()\n    }\n\n    return processor\n}\n","pageTitle":"Inline functions","metaDescription":"","type":"Documentation","breadcrumbs":"Concepts///Types","root":0,"depth":2}