{"objectID":"_unsigned_integer_types.html#unsigned_integers_literals","parent":"_unsigned_integer_types.html#unsigned_arrays_and_ranges","pageViews":0,"url":"https://kotlinlang.org/docs/unsigned-integer-types.html#unsigned-integers-literals","mainTitle":"Unsigned integer types","product":"","headings":"Unsigned integer types,Unsigned integers literals","content":"To make unsigned integers easier to use, you can append a suffix to an integer literalindicating a specific unsigned type (similarly to F for Float or L for Long):\n- u and U letters signify unsigned literals without specifying the exact type. If no expected type is provided, the compiler uses UInt or ULong depending on the size of the literal:\nval b: UByte \u003d 1u  // UByte, expected type provided\nval s: UShort \u003d 1u // UShort, expected type provided\nval l: ULong \u003d 1u  // ULong, expected type provided\n\nval a1 \u003d 42u // UInt: no expected type provided, constant fits in UInt\nval a2 \u003d 0xFFFF_FFFF_FFFFu // ULong: no expected type provided, constant doesn\u0027t fit in UInt\n- uL and UL explicitly specify that literal should be an unsigned long:\nval a \u003d 1UL // ULong, even though no expected type provided and the constant fits into UInt\n","pageTitle":"Unsigned integers literals","metaDescription":"","type":"Documentation","breadcrumbs":"Concepts///Types///Basic types","root":0,"depth":3}