{"objectID":"_unsigned_integer_types.html#","parent":"_unsigned_integer_types.html#unsigned_arrays_and_ranges","pageViews":0,"url":"https://kotlinlang.org/docs/unsigned-integer-types.html","mainTitle":"Unsigned integer types","product":"","headings":"Unsigned integer types","content":"In addition to integer types, Kotlin provides the following types for unsigned integer numbers:\nType Size (bits) Min value Max value\nUByte 8 0 255\nUShort 16 0 65,535\nUInt 32 0 4,294,967,295 (232 - 1)\nULong 64 0 18,446,744,073,709,551,615 (264 - 1)\nUnsigned types support most of the operations of their signed counterparts.\nUnsigned numbers are implemented as inline classes with a single storage property that contains the corresponding signed counterpart type of the same width. If you want to convert between unsigned and signed integer types, make sure you update your code so that any function calls and operations support the new type.\n","pageTitle":"Unsigned integer types","metaDescription":"","type":"Documentation","breadcrumbs":"Concepts///Types///Basic types","root":0,"depth":3}