{"objectID":"_unsigned_integer_types.html#unsigned_arrays_and_ranges","parent":"_unsigned_integer_types.html#unsigned_arrays_and_ranges","pageViews":0,"url":"https://kotlinlang.org/docs/unsigned-integer-types.html#unsigned-arrays-and-ranges","mainTitle":"Unsigned integer types","product":"","headings":"Unsigned integer types,Unsigned arrays and ranges","content":"Unsigned arrays and operations on them are in Beta. They can be changed incompatibly at any time. Opt-in is required (see the details below).\nSame as for primitives, each unsigned type has a corresponding type that represents arrays of that type:\n- UByteArray: an array of unsigned bytes.\n- UShortArray: an array of unsigned shorts.\n- UIntArray: an array of unsigned ints.\n- ULongArray: an array of unsigned longs.\nSame as for signed integer arrays, they provide a similar API to the Array class without boxing overhead.\nWhen you use unsigned arrays, you receive a warning that indicates that this feature is not stable yet. To remove the warning, opt-in with the @ExperimentalUnsignedTypes annotation. It\u0027s up to you to decide if your clients have to explicitly opt-in into usage of your API, but keep in mind that unsigned arrays are not a stable feature, so an API that uses them can be broken by changes in the language. Learn more about opt-in requirements.\nRanges and progressions are supported for UInt and ULong by classes UIntRange,UIntProgression, ULongRange, and ULongProgression. Together with the unsigned integer types, these classes are stable.\n","pageTitle":"Unsigned arrays and ranges","metaDescription":"","type":"Documentation","breadcrumbs":"Concepts///Types///Basic types","root":0,"depth":3}