{"objectID":"_unsigned_integer_types.html#use_cases","parent":"_unsigned_integer_types.html#unsigned_arrays_and_ranges","pageViews":0,"url":"https://kotlinlang.org/docs/unsigned-integer-types.html#use-cases","mainTitle":"Unsigned integer types","product":"","headings":"Unsigned integer types,Use cases","content":"The main use case of unsigned numbers is utilizing the full bit range of an integer to represent positive values.For example, to represent hexadecimal constants that do not fit in signed types such as color in 32-bit AARRGGBB format:\ndata class Color(val representation: UInt)\n\nval yellow \u003d Color(0xFFCC00CCu)\nYou can use unsigned numbers to initialize byte arrays without explicit toByte() literal casts:\nval byteOrderMarkUtf8 \u003d ubyteArrayOf(0xEFu, 0xBBu, 0xBFu)\nAnother use case is interoperability with native APIs. Kotlin allows representing native declarations that contain unsigned types in the signature. The mapping won\u0027t substitute unsigned integers with signed ones keeping the semantics unaltered.\n","pageTitle":"Use cases","metaDescription":"","type":"Documentation","breadcrumbs":"Concepts///Types///Basic types","root":0,"depth":3}