{"objectID":"_using_builders_with_builder_inference.html#supported_features","parent":"_using_builders_with_builder_inference.html#writing_your_own_builders","pageViews":0,"url":"https://kotlinlang.org/docs/using-builders-with-builder-inference.html#supported-features","mainTitle":"Using builders with builder type inference","product":"","headings":"Using builders with builder type inference,Supported features","content":"Builder inference supports:\n- Inferring several type arguments\nfun \u0026lt;K, V\u0026gt; myBuilder(builder: MutableMap\u0026lt;K, V\u0026gt;.() -\u0026gt; Unit): Map\u0026lt;K, V\u0026gt; { ... }\n- Inferring type arguments of several builder lambdas within one call including interdependent ones\nfun \u0026lt;K, V\u0026gt; myBuilder(\n    listBuilder: MutableList\u0026lt;V\u0026gt;.() -\u0026gt; Unit,\n    mapBuilder: MutableMap\u0026lt;K, V\u0026gt;.() -\u0026gt; Unit\n): Pair\u0026lt;List\u0026lt;V\u0026gt;, Map\u0026lt;K, V\u0026gt;\u0026gt; \u003d\n    mutableListOf\u0026lt;V\u0026gt;().apply(listBuilder) to mutableMapOf\u0026lt;K, V\u0026gt;().apply(mapBuilder)\n\nfun main() {\n    val result \u003d myBuilder(\n        { add(1) },\n        { put(\"key\", 2) }\n    )\n    // result has Pair\u0026lt;List\u0026lt;Int\u0026gt;, Map\u0026lt;String, Int\u0026gt;\u0026gt; type\n}\n- Inferring type arguments whose type parameters are lambda\u0027s parameter or return types\nfun \u0026lt;K, V\u0026gt; myBuilder1(\n    mapBuilder: MutableMap\u0026lt;K, V\u0026gt;.() -\u0026gt; K\n): Map\u0026lt;K, V\u0026gt; \u003d mutableMapOf\u0026lt;K, V\u0026gt;().apply { mapBuilder() }\n\nfun \u0026lt;K, V\u0026gt; myBuilder2(\n    mapBuilder: MutableMap\u0026lt;K, V\u0026gt;.(K) -\u0026gt; Unit\n): Map\u0026lt;K, V\u0026gt; \u003d mutableMapOf\u0026lt;K, V\u0026gt;().apply { mapBuilder(2 as K) }\n\nfun main() {\n    // result1 has the Map\u0026lt;Long, String\u0026gt; type inferred\n    val result1 \u003d myBuilder1 {\n        put(1L, \"value\")\n        2\n    }\n    val result2 \u003d myBuilder2 {\n        put(1, \"value 1\")\n        // You can use `it` as \"postponed type variable\" type\n        // See the details in the section below\n        put(it, \"value 2\")\n    }\n}\n","pageTitle":"Supported features","metaDescription":"","type":"Documentation","breadcrumbs":"Concepts///Functions///Builders","root":0,"depth":3}