{"objectID":"_using_builders_with_builder_inference.html#writing_your_own_builders","parent":"_using_builders_with_builder_inference.html#writing_your_own_builders","pageViews":0,"url":"https://kotlinlang.org/docs/using-builders-with-builder-inference.html#writing-your-own-builders","mainTitle":"Using builders with builder type inference","product":"","headings":"Using builders with builder type inference,Writing your own builders","content":"","pageTitle":"Writing your own builders","metaDescription":"","type":"Documentation","breadcrumbs":"Concepts///Functions///Builders","root":0,"depth":3}