{"objectID":"_using_builders_with_builder_inference.html#postponed_type_variables","parent":"_using_builders_with_builder_inference.html#writing_your_own_builders","pageViews":0,"url":"https://kotlinlang.org/docs/using-builders-with-builder-inference.html#postponed-type-variables","mainTitle":"Using builders with builder type inference","product":"","headings":"Using builders with builder type inference,Postponed type variables","content":"Builder inference works in terms of postponed type variables, which appear inside the builder lambda during builder inference analysis. A postponed type variable is a type argument\u0027s type, which is in the process of inferring. The compiler uses it to collect type information about the type argument.\nConsider the example with buildList():\nval result \u003d buildList {\n    val x \u003d get(0)\n}\nHere x has a type of postponed type variable: the get() call returns a value of type E, but E itself is not yet fixed. At this moment, a concrete type for E is unknown.\nWhen a value of a postponed type variable gets associated with a concrete type, builder inference collects this information to infer the resulting type of the corresponding type argument at the end of the builder inference analysis. For example:\nval result \u003d buildList {\n    val x \u003d get(0)\n    val y: String \u003d x\n} // result has the List\u0026lt;String\u0026gt; type inferred\nAfter the postponed type variable gets assigned to a variable of the String type, builder inference gets the information that x is a subtype of String. This assignment is the last statement in the builder lambda, so the builder inference analysis ends with the result of inferring the type argument E into String.\nNote that you can always call equals(), hashCode(), and toString() functions with a postponed type variable as a receiver.\n","pageTitle":"Postponed type variables","metaDescription":"","type":"Documentation","breadcrumbs":"Concepts///Functions///Builders","root":0,"depth":3}