{"objectID":"_using_builders_with_builder_inference.html#","parent":"_using_builders_with_builder_inference.html#writing_your_own_builders","pageViews":0,"url":"https://kotlinlang.org/docs/using-builders-with-builder-inference.html","mainTitle":"Using builders with builder type inference","product":"","headings":"Using builders with builder type inference","content":"Kotlin supports builder type inference (or builder inference), which can come in useful when you are working with generic builders. It helps the compiler infer the type arguments of a builder call based on the type information about other calls inside its lambda argument.\nConsider this example of buildMap() usage:\nfun addEntryToMap(baseMap: Map\u0026lt;String, Number\u0026gt;, additionalEntry: Pair\u0026lt;String, Int\u0026gt;?) {\n   val myMap \u003d buildMap {\n       putAll(baseMap)\n       if (additionalEntry !\u003d null) {\n           put(additionalEntry.first, additionalEntry.second)\n       }\n   }\n}\nThere is not enough type information here to infer type arguments in a regular way, but builder inference can analyze the calls inside the lambda argument. Based on the type information about putAll() and put() calls, the compiler can automatically infer type arguments of the buildMap() call into String and Number. Builder inference allows to omit type arguments while using generic builders.\n","pageTitle":"Using builders with builder type inference","metaDescription":"","type":"Documentation","breadcrumbs":"Concepts///Functions///Builders","root":0,"depth":3}