{"objectID":"_visibility_modifiers.html#packages","parent":"_visibility_modifiers.html#packages","pageViews":0,"url":"https://kotlinlang.org/docs/visibility-modifiers.html#packages","mainTitle":"Visibility modifiers","product":"","headings":"Visibility modifiers,Packages","content":"Functions, properties, classes, objects, and interfaces can be declared at the \u0026quot;top-level\u0026quot; directly inside a package:\n// file name: example.kt\npackage foo\n\nfun baz() { ... }\nclass Bar { ... }\n- If you don\u0027t use a visibility modifier, public is used by default, which means that your declarations will be visible everywhere.\n- If you mark a declaration as private, it will only be visible inside the file that contains the declaration.\n- If you mark it as internal, it will be visible everywhere in the same module.\n- The protected modifier is not available for top-level declarations.\nTo use a visible top-level declaration from another package, you should import it.\nExamples:\n// file name: example.kt\npackage foo\n\nprivate fun foo() { ... } // visible inside example.kt\n\npublic var bar: Int \u003d 5 // property is visible everywhere\n    private set         // setter is visible only in example.kt\n    \ninternal val baz \u003d 6    // visible inside the same module\n","pageTitle":"Packages","metaDescription":"","type":"Documentation","breadcrumbs":"Concepts///Classes and objects","root":0,"depth":2}