{"objectID":"_visibility_modifiers.html#class_members","parent":"_visibility_modifiers.html#packages","pageViews":0,"url":"https://kotlinlang.org/docs/visibility-modifiers.html#class-members","mainTitle":"Visibility modifiers","product":"","headings":"Visibility modifiers,Class members","content":"For members declared inside a class:\n- private means that the member is visible inside this class only (including all its members).\n- protected means that the member has the same visibility as one marked as private, but that it is also visible in subclasses.\n- internal means that any client inside this module who sees the declaring class sees its internal members.\n- public means that any client who sees the declaring class sees its public members.\nIn Kotlin, an outer class does not see private members of its inner classes.\nIf you override a protected or an internal member and do not specify the visibility explicitly, the overriding member will also have the same visibility as the original.\nExamples:\nopen class Outer {\n    private val a \u003d 1\n    protected open val b \u003d 2\n    internal open val c \u003d 3\n    val d \u003d 4  // public by default\n    \n    protected class Nested {\n        public val e: Int \u003d 5\n    }\n}\n\nclass Subclass : Outer() {\n    // a is not visible\n    // b, c and d are visible\n    // Nested and e are visible\n\n    override val b \u003d 5   // \u0027b\u0027 is protected\n    override val c \u003d 7   // \u0027c\u0027 is internal\n}\n\nclass Unrelated(o: Outer) {\n    // o.a, o.b are not visible\n    // o.c and o.d are visible (same module)\n    // Outer.Nested is not visible, and Nested::e is not visible either \n}\n","pageTitle":"Class members","metaDescription":"","type":"Documentation","breadcrumbs":"Concepts///Classes and objects","root":0,"depth":2}