{"objectID":"_wasm_js_interop.html#functions_with_the_jsexport_annotation","parent":"_wasm_js_interop.html#use_javascript_code_in_kotlin","pageViews":0,"url":"https://kotlinlang.org/docs/wasm-js-interop.html#functions-with-the-jsexport-annotation","mainTitle":"Interoperability with JavaScript","product":"","headings":"Interoperability with JavaScript,Functions with the @JsExport annotation","content":"To make a Kotlin/Wasm function available to JavaScript code, use the @JsExport annotation:\n// Kotlin/Wasm\n\n@JsExport\nfun addOne(x: Int): Int \u003d x + 1\nKotlin/Wasm functions marked with the @JsExport annotation are visible as properties on a default export of the generated .mjs module. You can then use this function in JavaScript:\n// JavaScript\n\nimport exports from \"./module.mjs\"\n\nexports.addOne(10)\nThe Kotlin/Wasm compiler is capable of generating TypeScript definitions from any @JsExport declarations in your Kotlin code. These definitions can be used by IDEs and JavaScript tools to provide code autocompletion, help with type-checks, and make it easier to consume Kotlin code from JavaScript and TypeScript.\nThe Kotlin/Wasm compiler collects any top-level functions marked with the @JsExport annotation and automatically generates TypeScript definitions in a .d.ts file.\nTo generate TypeScript definitions, in your build.gradle.kts file in the wasmJs{} block, add the generateTypeScriptDefinitions() function:\nkotlin {\n    wasmJs {\n        binaries.executable()\n        browser {\n        }\n        generateTypeScriptDefinitions()\n    }\n}\nGenerating TypeScript declaration files in Kotlin/Wasm is Experimental. It may be dropped or changed at any time.\n","pageTitle":"Functions with the @JsExport annotation","metaDescription":"","type":"Documentation","breadcrumbs":"Platforms///WebAssembly (Wasm)","root":0,"depth":2}