{"objectID":"_wasm_troubleshooting.html#garbage_collection_proposal","parent":"_wasm_troubleshooting.html#browser_versions","pageViews":0,"url":"https://kotlinlang.org/docs/wasm-troubleshooting.html#garbage-collection-proposal","mainTitle":"Troubleshooting","product":"","headings":"Troubleshooting,Garbage collection proposal","content":"Since Kotlin 1.9.20, the Kotlin toolchain uses the latest version of the Wasm garbage collection (WasmGC) proposal.\nFor this reason, we strongly recommend that you update your Wasm projects to the latest version of Kotlin. We also recommend you use the latest versions of browsers with the Wasm environment.\n","pageTitle":"Garbage collection proposal","metaDescription":"","type":"Documentation","breadcrumbs":"Platforms///WebAssembly (Wasm)","root":0,"depth":2}