{"objectID":"_wasm_overview.html#kotlin_wasm_and_wasi","parent":"_wasm_overview.html#kotlin_wasm_and_compose_multiplatform","pageViews":0,"url":"https://kotlinlang.org/docs/wasm-overview.html#kotlin-wasm-and-wasi","mainTitle":"Kotlin/Wasm","product":"","headings":"Kotlin/Wasm,Kotlin/Wasm and WASI","content":"Kotlin/Wasm uses the WebAssembly System Interface (WASI) for server-side applications. Applications built with Kotlin/Wasm and WASI use a Wasm-WASI target, allowing you to call the WASI API and run applications outside the browser environment.\nKotlin/Wasm leverages WASI to abstract away platform-specific details, allowing the same Kotlin code to run across diverse platforms. This expands the reach of Kotlin/Wasm beyond web applications without requiring custom handling for each runtime.\nWASI provides a secure standard interface for running Kotlin applications compiled to WebAssembly across different environments.\nTo see Kotlin/Wasm and WASI in action, check the Get started with Kotlin/Wasm and WASI tutorial.\n","pageTitle":"Kotlin/Wasm and WASI","metaDescription":"","type":"Documentation","breadcrumbs":"Kotlin overview","root":0,"depth":1}