{"objectID":"_wasm_wasi.html#run_the_application","parent":"_wasm_wasi.html#before_you_start","pageViews":0,"url":"https://kotlinlang.org/docs/wasm-wasi.html#run-the-application","mainTitle":"Get started with Kotlin/Wasm and WASI","product":"","headings":"Get started with Kotlin/Wasm and WASI,Run the application","content":"2. Open the Gradle tool window by selecting View | Tool Windows | Gradle.\nIn the Gradle tool window, you can find the Gradle tasks under kotlin-wasm-wasi-example once the project loads.\nYou need at least Java 11 as your Gradle JVM for the tasks to load successfully.\n4. From kotlin-wasm-wasi-example | Tasks | kotlin node, select and run one of the following Gradle tasks:\n- wasmWasiNodeRun to run the application in Node.js.\n- wasmWasiDenoRun to run the application in Deno.\n- wasmWasiWasmEdgeRun to run the application in WasmEdge.\nWhen using Deno on a Windows platform, ensure deno.exe is installed. For more information, see Deno\u0027s installation documentation.\nKotlin/Wasm and WASI tasks Alternatively, run one of the following commands in the terminal from the kotlin-wasm-wasi-template root directory:\n- To run the application in Node.js:\n./gradlew wasmWasiNodeRun\n- To run the application in Deno:\n./gradlew wasmWasiDenoRun\n- To run the application in WasmEdge:\n./gradlew wasmWasiWasmEdgeRun\nThe terminal displays a message when your application is built successfully:\nKotlin/Wasm and WASI app ","pageTitle":"Run the application","metaDescription":"","type":"Documentation","breadcrumbs":"Platforms///WebAssembly (Wasm)","root":0,"depth":2}