{"objectID":"_wasm_js_interop.html#javascript_functions","parent":"_wasm_js_interop.html#use_javascript_code_in_kotlin","pageViews":0,"url":"https://kotlinlang.org/docs/wasm-js-interop.html#javascript-functions","mainTitle":"Interoperability with JavaScript","product":"","headings":"Interoperability with JavaScript,JavaScript functions","content":"Consider this JavaScript function:\nfunction greet (name) {\n    console.log(\"Hello, \" + name + \"!\");\n}\nYou can declare it in Kotlin as an external function:\nexternal fun greet(name: String)\nExternal functions don\u0027t have bodies, and you can call it as a regular Kotlin function:\nfun main() {\n    greet(\"Alice\")\n}\n","pageTitle":"JavaScript functions","metaDescription":"","type":"Documentation","breadcrumbs":"Platforms///WebAssembly (Wasm)","root":0,"depth":2}