{"objectID":"_wasm_overview.html#compose_multiplatform_feedback","parent":"_wasm_overview.html#kotlin_wasm_and_compose_multiplatform","pageViews":0,"url":"https://kotlinlang.org/docs/wasm-overview.html#compose-multiplatform-feedback","mainTitle":"Kotlin/Wasm","product":"","headings":"Kotlin/Wasm,Compose Multiplatform feedback","content":"- Slack Slack: provide your feedback in the #compose-web public channel.\n- Report any issues in GitHub.\n","pageTitle":"Compose Multiplatform feedback","metaDescription":"","type":"Documentation","breadcrumbs":"Kotlin overview","root":0,"depth":1}