{"objectID":"_wasm_js_interop.html#external_type_hierarchy","parent":"_wasm_js_interop.html#use_javascript_code_in_kotlin","pageViews":0,"url":"https://kotlinlang.org/docs/wasm-js-interop.html#external-type-hierarchy","mainTitle":"Interoperability with JavaScript","product":"","headings":"Interoperability with JavaScript,External type hierarchy","content":"Similar to regular classes and interfaces, you can declare external declarations to extend other external classes and implement external interfaces. However, you can\u0027t mix external and non-external declarations in the same type hierarchy.\n","pageTitle":"External type hierarchy","metaDescription":"","type":"Documentation","breadcrumbs":"Platforms///WebAssembly (Wasm)","root":0,"depth":2}