{"objectID":"_wasm_overview.html#kotlin_wasm_and_compose_multiplatform","parent":"_wasm_overview.html#kotlin_wasm_and_compose_multiplatform","pageViews":0,"url":"https://kotlinlang.org/docs/wasm-overview.html#kotlin-wasm-and-compose-multiplatform","mainTitle":"Kotlin/Wasm","product":"","headings":"Kotlin/Wasm,Kotlin/Wasm and Compose Multiplatform","content":"With Kotlin, you have the power to build applications and reuse mobile and desktop user interfaces (UIs) in your web projects through Compose Multiplatform and Kotlin/Wasm.\nCompose Multiplatform is a declarative framework based on Kotlin and Jetpack Compose that allows you to implement the UI once and share it across all the platforms you target.\nFor web platforms, Compose Multiplatform uses Kotlin/Wasm as its compilation target. Applications built with Kotlin/Wasm and Compose Multiplatform use a wasm-js target and run in browsers.\nExplore our online demo of an application built with Compose Multiplatform and Kotlin/Wasm\nKotlin/Wasm demo To run applications built with Kotlin/Wasm in a browser, you need a browser version that supports the new garbage collection and legacy exception handling proposals. To check the browser support status, see the WebAssembly roadmap.\nAdditionally, you can use the most popular Kotlin libraries in Kotlin/Wasm out of the box. Like in other Kotlin and Multiplatform projects, you can include dependency declarations in the build script. For more information, see Adding dependencies on multiplatform libraries.\nWould you like to try it yourself?\nGet started with Kotlin/Wasm\n","pageTitle":"Kotlin/Wasm and Compose Multiplatform","metaDescription":"","type":"Documentation","breadcrumbs":"Kotlin overview","root":0,"depth":1}