{"objectID":"_wasm_troubleshooting.html#slow_kotlin_wasm_compilation","parent":"_wasm_troubleshooting.html#browser_versions","pageViews":0,"url":"https://kotlinlang.org/docs/wasm-troubleshooting.html#slow-kotlin-wasm-compilation","mainTitle":"Troubleshooting","product":"","headings":"Troubleshooting,Slow Kotlin/Wasm compilation","content":"When working on Kotlin/Wasm projects, you may experience slow compilation times. This happens because the Kotlin/Wasm toolchain recompiles the entire codebase every time you make a change.\nTo mitigate this issue, Kotlin/Wasm targets support incremental compilation, which enables the compiler to recompile only those files relevant to changes from the last compilation.\nUsing incremental compilation reduces the compilation time. It doubles the development speed for now, with plans to improve it further in future releases.\nIn the current setup, incremental compilation for the Wasm targets is disabled by default. To enable it, add the following line to your project\u0027s local.properties or gradle.properties file:\nkotlin.incremental.wasm\u003dtrue\nTry out the Kotlin/Wasm incremental compilation and share your feedback. Your insights help make the feature stable and enabled by default sooner.\n","pageTitle":"Slow Kotlin/Wasm compilation","metaDescription":"","type":"Documentation","breadcrumbs":"Platforms///WebAssembly (Wasm)","root":0,"depth":2}