{"objectID":"_wasm_debugging.html#debug_in_your_browser","parent":"_wasm_debugging.html#before_you_start","pageViews":0,"url":"https://kotlinlang.org/docs/wasm-debugging.html#debug-in-your-browser","mainTitle":"Debug Kotlin/Wasm code","product":"","headings":"Debug Kotlin/Wasm code,Debug in your browser","content":"Currently, debugging is only available in your browser. In the future, you will be able to debug your code in IntelliJ IDEA.\nYou can debug this Compose Multiplatform application in your browser out of the box, without additional configurations.\nHowever, for other projects, you may need to configure additional settings in your Gradle build file. For more information about how to configure your browser for debugging, expand the next section.\n","pageTitle":"Debug in your browser","metaDescription":"","type":"Documentation","breadcrumbs":"Platforms///WebAssembly (Wasm)","root":0,"depth":2}