{"objectID":"_wasm_debugging.html#run_the_application","parent":"_wasm_debugging.html#before_you_start","pageViews":0,"url":"https://kotlinlang.org/docs/wasm-debugging.html#run-the-application","mainTitle":"Debug Kotlin/Wasm code","product":"","headings":"Debug Kotlin/Wasm code,Run the application","content":"2. In IntelliJ IDEA, open the Gradle tool window by selecting View | Tool Windows | Gradle.\nYou need at least Java 11 as your Gradle JVM for the tasks to load successfully.\n4. In composeApp | Tasks | kotlin browser, select and run the wasmJsBrowserDevelopmentRun task.\nRun the Gradle taskAlternatively, you can run the following command in the terminal from the WasmDemo root directory:\n./gradlew wasmJsBrowserDevelopmentRun\n6. Once the application starts, open the following URL in your browser:\nhttp://localhost:8080/\nThe port number can vary because the 8080 port may be unavailable. You can find the actual port number printed in the Gradle build console.\nYou see a \u0026quot;Click me!\u0026quot; button. Click it:\nClick meNow you see the Compose Multiplatform logo:\nCompose app in browser ","pageTitle":"Run the application","metaDescription":"","type":"Documentation","breadcrumbs":"Platforms///WebAssembly (Wasm)","root":0,"depth":2}