{"objectID":"_wasm_overview.html#kotlin_wasm_feedback","parent":"_wasm_overview.html#kotlin_wasm_and_compose_multiplatform","pageViews":0,"url":"https://kotlinlang.org/docs/wasm-overview.html#kotlin-wasm-feedback","mainTitle":"Kotlin/Wasm","product":"","headings":"Kotlin/Wasm,Kotlin/Wasm feedback","content":"- Slack Slack: Get a Slack invite and provide your feedback directly to developers in our #webassembly channel.\n- Report any issues in YouTrack.\n","pageTitle":"Kotlin/Wasm feedback","metaDescription":"","type":"Documentation","breadcrumbs":"Kotlin overview","root":0,"depth":1}