{"objectID":"_wasm_debugging.html#configure_your_browser_for_debugging","parent":"_wasm_debugging.html#before_you_start","pageViews":0,"url":"https://kotlinlang.org/docs/wasm-debugging.html#configure-your-browser-for-debugging","mainTitle":"Debug Kotlin/Wasm code","product":"","headings":"Debug Kotlin/Wasm code,Configure your browser for debugging","content":"","pageTitle":"Configure your browser for debugging","metaDescription":"","type":"Documentation","breadcrumbs":"Platforms///WebAssembly (Wasm)","root":0,"depth":2}