{"objectID":"_wasm_wasi.html#before_you_start","parent":"_wasm_wasi.html#before_you_start","pageViews":0,"url":"https://kotlinlang.org/docs/wasm-wasi.html#before-you-start","mainTitle":"Get started with Kotlin/Wasm and WASI","product":"","headings":"Get started with Kotlin/Wasm and WASI,Before you start","content":"2. Download and install the latest version of IntelliJ IDEA.\n4. Clone the Kotlin/Wasm WASI template repository by selecting File | New | Project from Version Control in IntelliJ IDEA.\nYou can also clone it from the command line:\ngit clone git@github.com:Kotlin/kotlin-wasm-wasi-template.git\n","pageTitle":"Before you start","metaDescription":"","type":"Documentation","breadcrumbs":"Platforms///WebAssembly (Wasm)","root":0,"depth":2}