{"objectID":"_wasm_get_started.html#what_s_next","parent":"_wasm_get_started.html#before_you_start","pageViews":0,"url":"https://kotlinlang.org/docs/wasm-get-started.html#what-s-next","mainTitle":"Get started with Kotlin/Wasm and Compose Multiplatform","product":"","headings":"Get started with Kotlin/Wasm and Compose Multiplatform,What\u0027s next?","content":"Join the Kotlin/Wasm community in Kotlin Slack:\nJoin the Kotlin/Wasm community\nTry more Kotlin/Wasm examples:\n- Compose image viewer\n- Jetsnack application\n- Node.js example\n- WASI example\n- Compose example\n","pageTitle":"What\u0027s next?","metaDescription":"","type":"Documentation","breadcrumbs":"Platforms///WebAssembly (Wasm)","root":0,"depth":2}