{"objectID":"_wasm_troubleshooting.html#exception_handling_proposal","parent":"_wasm_troubleshooting.html#browser_versions","pageViews":0,"url":"https://kotlinlang.org/docs/wasm-troubleshooting.html#exception-handling-proposal","mainTitle":"Troubleshooting","product":"","headings":"Troubleshooting,Exception handling proposal","content":"The Kotlin toolchain uses the legacy exception handling proposal by default which allows running produced Wasm binaries in wider range of environments.\nSince Kotlin 2.0.0, we have introduced support for the new version of Wasm exception handling proposal within Kotlin/Wasm.\nThis update ensures the new exception handling proposal aligns with Kotlin requirements, enabling the use of Kotlin/Wasm on virtual machines that only support the latest version of the proposal.\nThe new exception handling proposal is activated using the -Xwasm-use-new-exception-proposal compiler option. It is turned off by default.\n\u0026nbsp;\nLearn more about setting up projects, using dependencies, and other tasks with our Kotlin/Wasm examples.\n","pageTitle":"Exception handling proposal","metaDescription":"","type":"Documentation","breadcrumbs":"Platforms///WebAssembly (Wasm)","root":0,"depth":2}