{"objectID":"_wasm_overview.html#browser_api_support","parent":"_wasm_overview.html#kotlin_wasm_and_compose_multiplatform","pageViews":0,"url":"https://kotlinlang.org/docs/wasm-overview.html#browser-api-support","mainTitle":"Kotlin/Wasm","product":"","headings":"Kotlin/Wasm,Browser API support","content":"The Kotlin/Wasm standard library provides declarations for browser APIs, including the DOM API. With these declarations, you can directly use the Kotlin API to access and utilize various browser functionalities. For example, in your Kotlin/Wasm applications, you can use manipulation with DOM elements or fetch the API without defining these declarations from scratch. To learn more, see our Kotlin/Wasm browser example.\nThe declarations for browser API support are defined using JavaScript interoperability capabilities. You can use the same capabilities to define your own declarations. In addition, Kotlin/Wasm–JavaScript interoperability allows you to use Kotlin code from JavaScript. For more information, see Use Kotlin code in JavaScript.\n","pageTitle":"Browser API support","metaDescription":"","type":"Documentation","breadcrumbs":"Kotlin overview","root":0,"depth":1}