{"objectID":"_wasm_overview.html#","parent":"_wasm_overview.html#kotlin_wasm_and_compose_multiplatform","pageViews":0,"url":"https://kotlinlang.org/docs/wasm-overview.html","mainTitle":"Kotlin/Wasm","product":"","headings":"Kotlin/Wasm","content":"Kotlin/Wasm is in Alpha. It may be changed at any time. You can use it in scenarios before production. We would appreciate your feedback in YouTrack.\nJoin the Kotlin/Wasm community.\nKotlin/Wasm has the power to compile your Kotlin code into WebAssembly (Wasm) format. With Kotlin/Wasm, you can create applications that run on different environments and devices, which support Wasm and meet Kotlin\u0027s requirements.\nWasm is a binary instruction format for a stack-based virtual machine. This format is platform-independent because it runs on its own virtual machine. Wasm provides Kotlin and other languages with a compilation target.\nYou can use Kotlin/Wasm in different target environments, such as browsers, for developing web applications built with Compose Multiplatform, or outside the browser in standalone Wasm virtual machines. In the outside-of-browser case, WebAssembly System Interface (WASI) provides access to platform APIs, which you can also utilize.\n","pageTitle":"Kotlin/Wasm","metaDescription":"","type":"Documentation","breadcrumbs":"Kotlin overview","root":0,"depth":1}