{"objectID":"_wasm_debugging.html#before_you_start","parent":"_wasm_debugging.html#before_you_start","pageViews":0,"url":"https://kotlinlang.org/docs/wasm-debugging.html#before-you-start","mainTitle":"Debug Kotlin/Wasm code","product":"","headings":"Debug Kotlin/Wasm code,Before you start","content":"Create a project using the Kotlin Multiplatform wizard:\n2. Open the Kotlin Multiplatform wizard.\n4. On the New Project tab, change the project name and ID to your preference. In this tutorial, we set the name to \u0026quot;WasmDemo\u0026quot; and the ID to \u0026quot;wasm.project.demo\u0026quot;.\nThese are the name and ID of the project directory. You can also leave them as they are.\n6. Select the Web option. Make sure that no other options are selected.\n8. Click the Download button and unpack the resulting archive.\nKotlin Multiplatform wizard ","pageTitle":"Before you start","metaDescription":"","type":"Documentation","breadcrumbs":"Platforms///WebAssembly (Wasm)","root":0,"depth":2}