{"objectID":"_whatsnew21.html#kotlin_native","parent":"_whatsnew21.html#ide_support","pageViews":0,"url":"https://kotlinlang.org/docs/whatsnew21.html#kotlin-native","mainTitle":"What\u0027s new in Kotlin 2.1.0","product":"","headings":"What\u0027s new in Kotlin 2.1.0,Kotlin/Native","content":"Kotlin 2.1.0 includes an upgrade for the iosArm64 target support, improved cinterop caching process, and other updates.\n","pageTitle":"Kotlin/Native","metaDescription":"","type":"Documentation","breadcrumbs":"What\u0027s new in Kotlin","root":0,"depth":1}