{"objectID":"_whatsnew11.html#map_tomap_and_map_tomutablemap","parent":"_whatsnew11.html#table_of_contents","pageViews":0,"url":"https://kotlinlang.org/docs/whatsnew11.html#map-tomap-and-map-tomutablemap","mainTitle":"What\u0027s new in Kotlin 1.1","product":"","headings":"What\u0027s new in Kotlin 1.1,Map.toMap() and Map.toMutableMap()","content":"These functions can be used for easy copying of maps:\nclass ImmutablePropertyBag(map: Map\u0026lt;String, Any\u0026gt;) {\n    private val mapCopy \u003d map.toMap()\n}\n","pageTitle":"Map.toMap() and Map.toMutableMap()","metaDescription":"","type":"Documentation","breadcrumbs":"What\u0027s new in Kotlin///Earlier versions","root":0,"depth":2}