{"objectID":"_whatsnew1920.html#new_project_wizard","parent":"_whatsnew1920.html#ide_support","pageViews":0,"url":"https://kotlinlang.org/docs/whatsnew1920.html#new-project-wizard","mainTitle":"What\u0027s new in Kotlin 1.9.20","product":"","headings":"What\u0027s new in Kotlin 1.9.20,New project wizard","content":"The JetBrains team is introducing a new way of creating cross–platform projects – the Kotlin Multiplatform web wizard.\nThis first implementation of the new Kotlin Multiplatform wizard covers the most popular Kotlin Multiplatform use cases. It incorporates all the feedback about previous project templates and makes the architecture as robust and reliable as possible.\nThe new wizard has a distributed architecture that allows us to have a unified backend and different frontends, with the web version being the first step. We\u0027re considering both implementing an IDE version and creating a command-line tool in the future. On the web, you always get the latest version of the wizard, while in IDEs you\u0027ll need to wait for the next release.\nWith the new wizard, project setup is easier than ever. You can tailor your projects to your needs by choosing the target platforms for mobile, server, and desktop development. We also plan to add web development in future releases.\nMultiplatform web wizard The new project wizard is now the preferred way to create cross–platform projects with Kotlin. Since 1.9.20, the Kotlin plugin no longer provides a Kotlin Multiplatform project wizard in IntelliJ IDEA.\nThe new wizard will guide you easily through the initial setup, making the onboarding process much smoother. If you encounter any issues, please report them to YouTrack to help us improve your experience with the wizard.\nCreate a project\n","pageTitle":"New project wizard","metaDescription":"","type":"Documentation","breadcrumbs":"What\u0027s new in Kotlin///Earlier versions","root":0,"depth":2}