{"objectID":"_whatsnew1920.html#support_for_kotlin_wasm","parent":"_whatsnew1920.html#ide_support","pageViews":0,"url":"https://kotlinlang.org/docs/whatsnew1920.html#support-for-kotlin-wasm","mainTitle":"What\u0027s new in Kotlin 1.9.20","product":"","headings":"What\u0027s new in Kotlin 1.9.20,Support for Kotlin/Wasm","content":"Since this release, the Kotlin/Wasm supports the new K2 compiler. Learn how to enable it in your project.\n","pageTitle":"Support for Kotlin/Wasm","metaDescription":"","type":"Documentation","breadcrumbs":"What\u0027s new in Kotlin///Earlier versions","root":0,"depth":2}