{"objectID":"_whatsnew17.html#removal_of_the_useexperimentalannotation_method","parent":"_whatsnew17.html#new_kotlin_k2_compiler_for_the_jvm_in_alpha","pageViews":0,"url":"https://kotlinlang.org/docs/whatsnew17.html#removal-of-the-useexperimentalannotation-method","mainTitle":"What\u0027s new in Kotlin 1.7.0","product":"","headings":"What\u0027s new in Kotlin 1.7.0,Removal of the useExperimentalAnnotation method","content":"In Kotlin 1.7.0, we completed the deprecation cycle for the useExperimentalAnnotation Gradle method. Use optIn() instead to opt in to using an API in a module.\nFor example, if your Gradle module is multiplatform:\nsourceSets {\n    all {\n        languageSettings.optIn(\"org.mylibrary.OptInAnnotation\")\n    }\n}\nLearn more about opt-in requirements in Kotlin.\n","pageTitle":"Removal of the useExperimentalAnnotation method","metaDescription":"","type":"Documentation","breadcrumbs":"What\u0027s new in Kotlin///Earlier versions","root":0,"depth":2}