{"objectID":"_whatsnew15.html#kotlin_jvm","parent":"_whatsnew15.html#language_features","pageViews":0,"url":"https://kotlinlang.org/docs/whatsnew15.html#kotlin-jvm","mainTitle":"What\u0027s new in Kotlin 1.5.0","product":"","headings":"What\u0027s new in Kotlin 1.5.0,Kotlin/JVM","content":"Kotlin/JVM has received a number of improvements, both internal and user-facing. Here are the most notable among them:\n- Stable JVM IR backend\n- New default JVM target: 1.8\n- SAM adapters via invokedynamic\n- Lambdas via invokedynamic\n- Deprecation of @JvmDefault and old Xjvm-default modes\n- Improvements to handling nullability annotations\n","pageTitle":"Kotlin/JVM","metaDescription":"","type":"Documentation","breadcrumbs":"What\u0027s new in Kotlin///Earlier versions","root":0,"depth":2}