{"objectID":"_whatsnew14.html#bit_operations","parent":"_whatsnew14.html#language_features_and_improvements","pageViews":0,"url":"https://kotlinlang.org/docs/whatsnew14.html#bit-operations","mainTitle":"What\u0027s new in Kotlin 1.4.0","product":"","headings":"What\u0027s new in Kotlin 1.4.0,Bit operations","content":"New functions for bit manipulations:\n- countOneBits()\n- countLeadingZeroBits()\n- countTrailingZeroBits()\n- takeHighestOneBit()\n- takeLowestOneBit()\n- rotateLeft() and rotateRight() (experimental)\nfun main() {\n//sampleStart\n    val number \u003d \"1010000\".toInt(radix \u003d 2)\n    println(number.countOneBits())\n    println(number.countTrailingZeroBits())\n    println(number.takeHighestOneBit().toString(2))\n//sampleEnd\n}\n","pageTitle":"Bit operations","metaDescription":"","type":"Documentation","breadcrumbs":"What\u0027s new in Kotlin///Earlier versions","root":0,"depth":2}