{"objectID":"_whatsnew21.html#deprecation_of_the_mimalloc_memory_allocator","parent":"_whatsnew21.html#ide_support","pageViews":0,"url":"https://kotlinlang.org/docs/whatsnew21.html#deprecation-of-the-mimalloc-memory-allocator","mainTitle":"What\u0027s new in Kotlin 2.1.0","product":"","headings":"What\u0027s new in Kotlin 2.1.0,Deprecation of the mimalloc memory allocator","content":"Back in Kotlin 1.9.0, we introduced the new memory allocator, and then we enabled it by default in Kotlin 1.9.20. The new allocator has been designed to make garbage collection more efficient and improve the Kotlin/Native memory manager\u0027s runtime performance.\nThe new memory allocator replaced the previous default allocator, mimalloc. Now, it\u0027s time to deprecate mimalloc in the Kotlin/Native compiler.\nYou can now remove the -Xallocator\u003dmimalloc compiler option from your build scripts. If you encounter any issues, please report them to our issue tracker.\nFor more information on the memory allocator and garbage collection in Kotlin, see Kotlin/Native memory management.\n","pageTitle":"Deprecation of the mimalloc memory allocator","metaDescription":"","type":"Documentation","breadcrumbs":"What\u0027s new in Kotlin","root":0,"depth":1}