{"objectID":"_whatsnew21.html#subproject_specific_node_js_settings","parent":"_whatsnew21.html#ide_support","pageViews":0,"url":"https://kotlinlang.org/docs/whatsnew21.html#subproject-specific-node-js-settings","mainTitle":"What\u0027s new in Kotlin 2.1.0","product":"","headings":"What\u0027s new in Kotlin 2.1.0,Subproject-specific Node.js settings","content":"You can configure Node.js settings for your project by defining properties of the NodeJsRootPlugin class for rootProject. In 2.1.0, you can configure these settings for each subproject using a new class, NodeJsPlugin. Here\u0027s an example demonstrating how to set a specific Node.js version for a subproject:\n// build.gradle.kts\nproject.plugins.withType\u0026lt;org.jetbrains.kotlin.gradle.targets.js.nodejs.NodeJsPlugin\u0026gt; {\n    project.the\u0026lt;org.jetbrains.kotlin.gradle.targets.js.nodejs.NodeJsEnvSpec\u0026gt;().version \u003d \"22.0.0\"\n}\nTo use the new class for the entire project, add the same code in the allprojects {} block:\n// build.gradle.kts\nallprojects {\n    project.plugins.withType\u0026lt;org.jetbrains.kotlin.gradle.targets.js.nodejs.NodeJsPlugin\u0026gt; {\n        project.the\u0026lt;org.jetbrains.kotlin.gradle.targets.js.nodejs.NodeJsEnvSpec\u0026gt;().version \u003d \"your Node.js version\"\n    }\n}\nYou can also use Gradle convention plugins to apply the settings to a particular set of subprojects.\n","pageTitle":"Subproject-specific Node.js settings","metaDescription":"","type":"Documentation","breadcrumbs":"What\u0027s new in Kotlin///Earlier versions","root":0,"depth":2}