{"objectID":"_whatsnew2020.html#deprecated_compatibility_with_kotlin_multiplatform_gradle_plugin_and_gradle_java_plugins","parent":"_whatsnew2020.html#ide_support","pageViews":0,"url":"https://kotlinlang.org/docs/whatsnew2020.html#deprecated-compatibility-with-kotlin-multiplatform-gradle-plugin-and-gradle-java-plugins","mainTitle":"What\u0027s new in Kotlin 2.0.20","product":"","headings":"What\u0027s new in Kotlin 2.0.20,Deprecated compatibility with Kotlin Multiplatform Gradle plugin and Gradle Java plugins","content":"In Kotlin 2.0.20, we introduce a deprecation warning when you apply the Kotlin Multiplatform Gradle plugin and any of the following Gradle Java plugins to the same project: Java, Java Library, and Application. The warning also appears when another Gradle plugin in your multiplatform project applies a Gradle Java plugin. For example, the Spring Boot Gradle Plugin automatically applies the Application plugin.\nWe\u0027ve added this deprecation warning due to fundamental compatibility issues between Kotlin Multiplatform\u0027s project model and Gradle\u0027s Java ecosystem plugins. Gradle\u0027s Java ecosystem plugins currently don\u0027t take into account that other plugins may:\n- Also publish or compile for the JVM target in a different way than the Java ecosystem plugins.\n- Have two different JVM targets in the same project, such as JVM and Android.\n- Have a complex multiplatform project structure with potentially multiple non-JVM targets.\nUnfortunately, Gradle doesn\u0027t currently provide any API to address these issues.\nWe previously used some workarounds in Kotlin Multiplatform to help with the integration of Java ecosystem plugins. However, these workarounds never truly solved the compatibility issues, and since the release of Gradle 8.8, these workarounds are no longer possible. For more information, see our YouTrack issue.\nWhile we don\u0027t yet know exactly how to resolve this compatibility problem, we are committed to continuing support for some form of Java source compilation in your Kotlin Multiplatform projects. At a minimum, we will support the compilation of Java sources and using Gradle\u0027s java-base plugin within your multiplatform projects.\nIn the meantime, if you see this deprecation warning in your multiplatform project, we recommend that you:\n2. Determine whether you actually need the Gradle Java plugin in your project. If not, consider removing it.\n4. Check if the Gradle Java plugin is only used for a single task. If so, you might be able to remove the plugin without much effort. For example, if the task uses a Gradle Java plugin to create a Javadoc JAR file, you can define the Javadoc task manually instead.\nOtherwise, if you want to use both the Kotlin Multiplatform Gradle plugin and these Gradle plugins for Java in your multiplatform project, we recommend that you:\n2. Create a separate subproject in your multiplatform project.\n4. In the separate subproject, apply the Gradle plugin for Java.\n6. In the separate subproject, add a dependency on your parent multiplatform project.\nThe separate subproject must not be a multiplatform project, and you must only use it to set up a dependency on your multiplatform project.\nFor example, you have a multiplatform project called my-main-project and you want to use the Application Gradle plugin to run a JVM application.\nOnce you\u0027ve created a subproject, let\u0027s call it subproject-A, your parent project structure should look like this:\n.\n├── build.gradle.kts\n├── settings.gradle\n├── subproject-A\n    └── build.gradle.kts\n    └── src\n        └── Main.java\nIn your subproject\u0027s build.gradle.kts file, apply the Application plugin in the plugins {} block:\n\u003cb\u003eKotlin\u003c/b\u003e plugins {\n    id(\"application\")\n}\n\u003cb\u003eGroovy\u003c/b\u003e plugins {\n    id(\u0027application\u0027)\n}\nIn your subproject\u0027s build.gradle.kts file, add a dependency on your parent multiplatform project:\n\u003cb\u003eKotlin\u003c/b\u003e dependencies {\n    implementation(project(\":my-main-project\")) // The name of your parent multiplatform project\n}\n\u003cb\u003eGroovy\u003c/b\u003e dependencies {\n    implementation project(\u0027:my-main-project\u0027) // The name of your parent multiplatform project\n}\nYour parent project is now set up to work with both plugins.\n","pageTitle":"Deprecated compatibility with Kotlin Multiplatform Gradle plugin and Gradle Java plugins","metaDescription":"","type":"Documentation","breadcrumbs":"What\u0027s new in Kotlin///Earlier versions","root":0,"depth":2}