{"objectID":"_whatsnew21.html#improved_javascript_array_interoperability_in_kotlin_wasm","parent":"_whatsnew21.html#ide_support","pageViews":0,"url":"https://kotlinlang.org/docs/whatsnew21.html#improved-javascript-array-interoperability-in-kotlin-wasm","mainTitle":"What\u0027s new in Kotlin 2.1.0","product":"","headings":"What\u0027s new in Kotlin 2.1.0,Improved JavaScript array interoperability in Kotlin/Wasm","content":"While Kotlin/Wasm\u0027s standard library provides the JsArray\u0026lt;T\u0026gt; type for JavaScript arrays, there was no direct method to transform JsArray\u0026lt;T\u0026gt; into Kotlin\u0027s native Array or List types.\nThis gap required creating custom functions for array transformations, complicating interoperability between Kotlin and JavaScript code.\nThis release introduces an adapter function that automatically converts JsArray\u0026lt;T\u0026gt; to Array\u0026lt;T\u0026gt; and vice versa, simplifying array operations.\nHere\u0027s an example of conversion between generic types: Kotlin List\u0026lt;T\u0026gt; and Array\u0026lt;T\u0026gt; to JavaScript JsArray\u0026lt;T\u0026gt;.\nval list: List\u0026lt;JsString\u0026gt; \u003d\n    listOf(\"Kotlin\", \"Wasm\").map { it.toJsString() }\n\n// Uses .toJsArray() to convert List or Array to JsArray\nval jsArray: JsArray\u0026lt;JsString\u0026gt; \u003d list.toJsArray()\n\n// Uses .toArray() and .toList() to convert it back to Kotlin types \nval kotlinArray: Array\u0026lt;JsString\u0026gt; \u003d jsArray.toArray()\nval kotlinList: List\u0026lt;JsString\u0026gt; \u003d jsArray.toList()\nSimilar methods are available for converting typed arrays to their Kotlin equivalents (for example, IntArray and Int32Array). For detailed information and implementation, see the kotlinx-browser repository.\nHere\u0027s an example of conversion between typed arrays: Kotlin IntArray to JavaScript Int32Array.\nimport org.khronos.webgl.*\n\n    // ...\n\n    val intArray: IntArray \u003d intArrayOf(1, 2, 3)\n    \n    // Uses .toInt32Array() to convert Kotlin IntArray to JavaScript Int32Array\n    val jsInt32Array: Int32Array \u003d intArray.toInt32Array()\n    \n    // Uses toIntArray() to convert JavaScript Int32Array back to Kotlin IntArray\n    val kotlinIntArray: IntArray \u003d jsInt32Array.toIntArray()\n","pageTitle":"Improved JavaScript array interoperability in Kotlin/Wasm","metaDescription":"","type":"Documentation","breadcrumbs":"What\u0027s new in Kotlin","root":0,"depth":1}