{"objectID":"_whatsnew1820.html#new_approach_to_source_set_hierarchy","parent":"_whatsnew1820.html#ide_support","pageViews":0,"url":"https://kotlinlang.org/docs/whatsnew1820.html#new-approach-to-source-set-hierarchy","mainTitle":"What\u0027s new in Kotlin 1.8.20","product":"","headings":"What\u0027s new in Kotlin 1.8.20,New approach to source set hierarchy","content":"The new approach to source set hierarchy is Experimental. It may be changed in future Kotlin releases without prior notice. Opt-in is required (see the details below). We would appreciate your feedback in YouTrack.\nKotlin 1.8.20 offers a new way of setting up source set hierarchy in your multiplatform projects − the default target hierarchy. The new approach is intended to replace target shortcuts like ios, which have their design flaws.\nThe idea behind the default target hierarchy is simple: You explicitly declare all the targets to which your project compiles, and the Kotlin Gradle plugin automatically creates shared source sets based on the specified targets.\n","pageTitle":"New approach to source set hierarchy","metaDescription":"","type":"Documentation","breadcrumbs":"What\u0027s new in Kotlin///Earlier versions","root":0,"depth":2}