{"objectID":"_whatsnew1420.html#opt_in_wrapping_of_objective_c_exceptions","parent":"_whatsnew1420.html#kotlin_jvm","pageViews":0,"url":"https://kotlinlang.org/docs/whatsnew1420.html#opt-in-wrapping-of-objective-c-exceptions","mainTitle":"What\u0027s new in Kotlin 1.4.20","product":"","headings":"What\u0027s new in Kotlin 1.4.20,Opt-in wrapping of Objective-C exceptions","content":"The Objective-C exception wrapping mechanism is Experimental. It may be dropped or changed at any time. Opt-in is required (see details below). Use it only for evaluation purposes. We appreciate your feedback on it in YouTrack.\nKotlin/Native now can handle exceptions thrown from Objective-C code in runtime to avoid program crashes.\nYou can opt in to wrap NSException\u0027s into Kotlin exceptions of type ForeignException. They hold the references to the original NSException\u0027s. This lets you get the information about the root cause and handle it properly.\nTo enable wrapping of Objective-C exceptions, specify the -Xforeign-exception-mode objc-wrap option in the cinterop call or add foreignExceptionMode \u003d objc-wrap property to .def file. If you use CocoaPods integration, specify the option in the pod {} build script block of a dependency like this:\npod(\"foo\") {\n    extraOpts \u003d listOf(\"-Xforeign-exception-mode\", \"objc-wrap\")\n}\nThe default behavior remains unchanged: the program terminates when an exception is thrown from the Objective-C code.\n","pageTitle":"Opt-in wrapping of Objective-C exceptions","metaDescription":"","type":"Documentation","breadcrumbs":"What\u0027s new in Kotlin///Earlier versions","root":0,"depth":2}