{"objectID":"_whatsnew16.html#detailed_error_messages_for_klib_linkage_failures","parent":"_whatsnew16.html#language","pageViews":0,"url":"https://kotlinlang.org/docs/whatsnew16.html#detailed-error-messages-for-klib-linkage-failures","mainTitle":"What\u0027s new in Kotlin 1.6.0","product":"","headings":"What\u0027s new in Kotlin 1.6.0,Detailed error messages for klib linkage failures","content":"The Kotlin/Native compiler now provides detailed error messages for klib linkage errors. The messages now have clear error descriptions, and they also include information about possible causes and ways to fix them.\nFor example:\n- 1.5.30:\ne: java.lang.IllegalStateException: IrTypeAliasSymbol expected: Unbound public symbol for public kotlinx.coroutines/CancellationException|null[0]\n\u0026lt;stack trace\u0026gt;\n- 1.6.0:\ne: The symbol of unexpected type encountered during IR deserialization: IrClassPublicSymbolImpl, kotlinx.coroutines/CancellationException|null[0].\nIrTypeAliasSymbol is expected.\n\nThis could happen if there are two libraries, where one library was compiled against the different version of the other library than the one currently used in the project.\nPlease check that the project configuration is correct and has consistent versions of dependencies.\n\nThe list of libraries that depend on \"org.jetbrains.kotlinx:kotlinx-coroutines-core (org.jetbrains.kotlinx:kotlinx-coroutines-core-macosx64)\" and may lead to conflicts:\n\u0026lt;list of libraries and potential version mismatches\u0026gt;\n\nProject dependencies:\n\u0026lt;dependencies tree\u0026gt;\n","pageTitle":"Detailed error messages for klib linkage failures","metaDescription":"","type":"Documentation","breadcrumbs":"What\u0027s new in Kotlin///Earlier versions","root":0,"depth":2}