{"objectID":"_whatsnew21.html#guard_conditions_in_when_with_a_subject","parent":"_whatsnew21.html#ide_support","pageViews":0,"url":"https://kotlinlang.org/docs/whatsnew21.html#guard-conditions-in-when-with-a-subject","mainTitle":"What\u0027s new in Kotlin 2.1.0","product":"","headings":"What\u0027s new in Kotlin 2.1.0,Guard conditions in when with a subject","content":"This feature is In preview, and opt-in is required (see details below).\nWe would appreciate your feedback in YouTrack.\nStarting from 2.1.0, you can use guard conditions in when expressions or statements with subjects.\nGuard conditions allow you to include more than one condition for the branches of a when expression, making complex control flows more explicit and concise as well as flattening the code structure.\nTo include a guard condition in a branch, place it after the primary condition, separated by if:\nsealed interface Animal {\n    data class Cat(val mouseHunter: Boolean) : Animal {\n        fun feedCat() {}\n    }\n\n    data class Dog(val breed: String) : Animal {\n        fun feedDog() {}\n    }\n}\n\nfun feedAnimal(animal: Animal) {\n    when (animal) {\n        // Branch with only the primary condition. Calls `feedDog()` when `animal` is `Dog`\n        is Animal.Dog -\u0026gt; animal.feedDog()\n        // Branch with both primary and guard conditions. Calls `feedCat()` when `animal` is `Cat` and is not `mouseHunter`\n        is Animal.Cat if !animal.mouseHunter -\u0026gt; animal.feedCat()\n        // Prints \"Unknown animal\" if none of the above conditions match\n        else -\u0026gt; println(\"Unknown animal\")\n    }\n}\nIn a single when expression, you can combine branches with and without guard conditions. The code in a branch with a guard condition runs only if both the primary condition and the guard condition are true. If the primary condition does not match, the guard condition is not evaluated. Additionally, guard conditions support else if.\nTo enable guard conditions in your project, use the following compiler option in the command line:\nkotlinc -Xwhen-guards main.kt\nOr add it to the compilerOptions {} block of your Gradle build file:\n// build.gradle.kts\nkotlin {\n    compilerOptions {\n        freeCompilerArgs.add(\"-Xwhen-guards\")\n    }\n}\n","pageTitle":"Guard conditions in when with a subject","metaDescription":"","type":"Documentation","breadcrumbs":"What\u0027s new in Kotlin///Earlier versions","root":0,"depth":2}