{"objectID":"_whatsnew1720.html#generic_inline_classes","parent":"_whatsnew1720.html#support_for_kotlin_k2_compiler_plugins","pageViews":0,"url":"https://kotlinlang.org/docs/whatsnew1720.html#generic-inline-classes","mainTitle":"What\u0027s new in Kotlin 1.7.20","product":"","headings":"What\u0027s new in Kotlin 1.7.20,Generic inline classes","content":"Generic inline classes is an Experimental feature. It may be dropped or changed at any time. Opt-in is required (see details below), and you should use it only for evaluation purposes. We would appreciate your feedback on it in YouTrack.\nKotlin 1.7.20 allows the underlying type of JVM inline classes to be a type parameter. The compiler maps it to Any? or, generally, to the upper bound of the type parameter.\nConsider the following example:\n@JvmInline\nvalue class UserId\u0026lt;T\u0026gt;(val value: T)\n\nfun compute(s: UserId\u0026lt;String\u0026gt;) {} // Compiler generates fun compute-\u0026lt;hashcode\u0026gt;(s: Any?)\nThe function accepts the inline class as a parameter. The parameter is mapped to the upper bound, not the type argument.\nTo enable this feature, use the -language-version 1.8 compiler option.\nWe would appreciate your feedback on this feature in YouTrack.\n","pageTitle":"Generic inline classes","metaDescription":"","type":"Documentation","breadcrumbs":"What\u0027s new in Kotlin///Earlier versions","root":0,"depth":2}