{"objectID":"_whatsnew1420.html#improved_string_replace_function_performance","parent":"_whatsnew1420.html#kotlin_jvm","pageViews":0,"url":"https://kotlinlang.org/docs/whatsnew1420.html#improved-string-replace-function-performance","mainTitle":"What\u0027s new in Kotlin 1.4.20","product":"","headings":"What\u0027s new in Kotlin 1.4.20,Improved String.replace function performance","content":"The new implementation of String.replace() speeds up the function execution. The case-sensitive variant uses a manual replacement loop based on indexOf, while the case-insensitive one uses regular expression matching.\n","pageTitle":"Improved String.replace function performance","metaDescription":"","type":"Documentation","breadcrumbs":"What\u0027s new in Kotlin///Earlier versions","root":0,"depth":2}