{"objectID":"_whatsnew20.html#inline_functions","parent":"_whatsnew20.html#ide_support","pageViews":0,"url":"https://kotlinlang.org/docs/whatsnew20.html#inline-functions","mainTitle":"What\u0027s new in Kotlin 2.0.0","product":"","headings":"What\u0027s new in Kotlin 2.0.0,Inline functions","content":"In Kotlin 2.0.0, the K2 compiler treats inline functions differently, allowing it to determine in combination with other compiler analyses whether it\u0027s safe to smart-cast.\nSpecifically, inline functions are now treated as having an implicit callsInPlace contract. This means that any lambda functions passed to an inline function are called in place. Since lambda functions are called in place, the compiler knows that a lambda function can\u0027t leak references to any variables contained within its function body.\nThe compiler uses this knowledge along with other compiler analyses to decide whether it\u0027s safe to smart-cast any of the captured variables. For example:\ninterface Processor {\n    fun process()\n}\n\ninline fun inlineAction(f: () -\u0026gt; Unit) \u003d f()\n\nfun nextProcessor(): Processor? \u003d null\n\nfun runProcessor(): Processor? {\n    var processor: Processor? \u003d null\n    inlineAction {\n        // In Kotlin 2.0.0, the compiler knows that processor \n        // is a local variable, and inlineAction() is an inline function, so \n        // references to processor can\u0027t be leaked. Therefore, it\u0027s safe \n        // to smart-cast processor.\n\n        // If processor isn\u0027t null, processor is smart-cast\n        if (processor !\u003d null) {\n            // The compiler knows that processor isn\u0027t null, so no safe call \n            // is needed\n            processor.process()\n\n            // In Kotlin 1.9.20, you have to perform a safe call:\n            // processor?.process()\n        }\n\n        processor \u003d nextProcessor()\n    }\n\n    return processor\n}\n","pageTitle":"Inline functions","metaDescription":"","type":"Documentation","breadcrumbs":"What\u0027s new in Kotlin///Earlier versions","root":0,"depth":2}