{"objectID":"_whatsnew1920.html#template_for_configuring_multiplatform_projects","parent":"_whatsnew1920.html#ide_support","pageViews":0,"url":"https://kotlinlang.org/docs/whatsnew1920.html#template-for-configuring-multiplatform-projects","mainTitle":"What\u0027s new in Kotlin 1.9.20","product":"","headings":"What\u0027s new in Kotlin 1.9.20,Template for configuring multiplatform projects","content":"Starting with Kotlin 1.9.20, the Kotlin Gradle plugin automatically creates shared source sets for popular multiplatform scenarios. If your project setup is one of them, you don\u0027t need to configure the source set hierarchy manually. Just explicitly specify the targets necessary for your project.\nSetup is now easier thanks to the default hierarchy template, a new feature of the Kotlin Gradle plugin. It\u0027s a predefined template of a source set hierarchy built into the plugin. It includes intermediate source sets that Kotlin automatically creates for the targets you declared. See the full template.\n","pageTitle":"Template for configuring multiplatform projects","metaDescription":"","type":"Documentation","breadcrumbs":"What\u0027s new in Kotlin///Earlier versions","root":0,"depth":2}