{"objectID":"_whatsnew1620.html#improvements_to_export_and_typescript_declaration_generation","parent":"_whatsnew1620.html#language","pageViews":0,"url":"https://kotlinlang.org/docs/whatsnew1620.html#improvements-to-export-and-typescript-declaration-generation","mainTitle":"What\u0027s new in Kotlin 1.6.20","product":"","headings":"What\u0027s new in Kotlin 1.6.20,Improvements to export and TypeScript declaration generation","content":"Kotlin 1.6.20 is bringing multiple fixes and improvements to the export mechanism (the @JsExport annotation), including the generation of TypeScript declarations (.d.ts). We\u0027ve added the ability to export interfaces and enums, and we\u0027ve fixed the export behavior in some corner cases that were reported to us previously. For more details, see the list of export improvements in YouTrack.\nLearn more about using Kotlin code from JavaScript.\n","pageTitle":"Improvements to export and TypeScript declaration generation","metaDescription":"","type":"Documentation","breadcrumbs":"What\u0027s new in Kotlin///Earlier versions","root":0,"depth":2}