{"objectID":"_whatsnew19.html#updates_in_javascript_interop","parent":"_whatsnew19.html#ide_support","pageViews":0,"url":"https://kotlinlang.org/docs/whatsnew19.html#updates-in-javascript-interop","mainTitle":"What\u0027s new in Kotlin 1.9.0","product":"","headings":"What\u0027s new in Kotlin 1.9.0,Updates in JavaScript interop","content":"This Kotlin update introduces changes to the interoperability between Kotlin and JavaScript for Kotlin/Wasm. As Kotlin/Wasm is an Experimental feature, certain limitations apply to its interoperability.\n","pageTitle":"Updates in JavaScript interop","metaDescription":"","type":"Documentation","breadcrumbs":"What\u0027s new in Kotlin///Earlier versions","root":0,"depth":2}