{"objectID":"_whatsnew_eap.html#how_to_declare_context_parameters","parent":"_whatsnew_eap.html#ide_support","pageViews":0,"url":"https://kotlinlang.org/docs/whatsnew-eap.html#how-to-declare-context-parameters","mainTitle":"What\u0027s new in Kotlin 2.2.0-RC3","product":"","headings":"What\u0027s new in Kotlin 2.2.0-RC3,How to declare context parameters","content":"You can declare context parameters for properties and functions using the context keyword followed by a list of parameters, each of the form name: Type. Here is an example with a dependency on the UserService interface:\n// `UserService` defines the dependency required in context \ninterface UserService {\n    fun log(message: String)\n    fun findUserById(id: Int): String\n}\n\n// Declares a function with a context parameter\ncontext(users: UserService)\nfun outputMessage(message: String) {\n    // Uses `log` from the context\n    users.log(\"Log: $message\")\n}\n\n// Declares a property with a context parameter\ncontext(users: UserService)\nval firstUser: String\n    // Uses `findUserById` from the context    \n    get() \u003d users.findUserById(1)\nYou can use _ as a context parameter name. In this case, the parameter\u0027s value is available for resolution but is not accessible by name inside the block:\n// Uses `_` as context parameter name\ncontext(_: UserService)\nfun logWelcome() {\n    // Resolution still finds the appropriate `log` function from UserService\n    outputMessage(\"Welcome!\")\n}\n","pageTitle":"How to declare context parameters","metaDescription":"","type":"Documentation","breadcrumbs":"What\u0027s new in Kotlin","root":0,"depth":1}