{"objectID":"_whatsnew18.html#cbrt","parent":"_whatsnew18.html#ide_support","pageViews":0,"url":"https://kotlinlang.org/docs/whatsnew18.html#cbrt","mainTitle":"What\u0027s new in Kotlin 1.8.0","product":"","headings":"What\u0027s new in Kotlin 1.8.0,cbrt()","content":"The cbrt() function, which allows you to compute the real cube root of a double or float, is now Stable.\nimport kotlin.math.*\n\nfun main() {\n    val num \u003d 27\n    val negNum \u003d -num\n\n    println(\"The cube root of ${num.toDouble()} is: \" +\n            cbrt(num.toDouble()))\n    println(\"The cube root of ${negNum.toDouble()} is: \" +\n            cbrt(negNum.toDouble()))\n}\n","pageTitle":"cbrt()","metaDescription":"","type":"Documentation","breadcrumbs":"What\u0027s new in Kotlin///Earlier versions","root":0,"depth":2}