{"objectID":"_whatsnew20.html#discontinuing_legacy_kotlin_js_jar_artifacts","parent":"_whatsnew20.html#ide_support","pageViews":0,"url":"https://kotlinlang.org/docs/whatsnew20.html#discontinuing-legacy-kotlin-js-jar-artifacts","mainTitle":"What\u0027s new in Kotlin 2.0.0","product":"","headings":"What\u0027s new in Kotlin 2.0.0,Discontinuing legacy Kotlin/JS JAR artifacts","content":"Starting with Kotlin 2.0.0, the Kotlin distribution no longer contains legacy Kotlin/JS artifacts with the .jar extension. Legacy artifacts were used in the unsupported old Kotlin/JS compiler and unnecessary for the IR compiler, which uses the klib format.\n","pageTitle":"Discontinuing legacy Kotlin/JS JAR artifacts","metaDescription":"","type":"Documentation","breadcrumbs":"What\u0027s new in Kotlin///Earlier versions","root":0,"depth":2}