{"objectID":"_whatsnew22.html#use_cases","parent":"_whatsnew22.html#ide_support","pageViews":0,"url":"https://kotlinlang.org/docs/whatsnew22.html#use-cases","mainTitle":"What\u0027s new in Kotlin 2.2.0","product":"","headings":"What\u0027s new in Kotlin 2.2.0,Use cases","content":"With the new solution, you can better fine-tune warning reporting in your project by combining general rules with specific ones. Choose your use case:\n","pageTitle":"Use cases","metaDescription":"","type":"Documentation","breadcrumbs":"What\u0027s new in Kotlin","root":0,"depth":1}