{"objectID":"_whatsnew1530.html#better_debugging_experience_for_applications_with_the_kotlin_js_ir_backend","parent":"_whatsnew1530.html#language_features","pageViews":0,"url":"https://kotlinlang.org/docs/whatsnew1530.html#better-debugging-experience-for-applications-with-the-kotlin-js-ir-backend","mainTitle":"What\u0027s new in Kotlin 1.5.30","product":"","headings":"What\u0027s new in Kotlin 1.5.30,Better debugging experience for applications with the Kotlin/JS IR backend","content":"Kotlin 1.5.30 brings JavaScript source map generation for the Kotlin/JS IR backend. This will improve the Kotlin/JS debugging experience when the IR backend is enabled, with full debugging support that includes breakpoints, stepping, and readable stack traces with proper source references.\nLearn how to debug Kotlin/JS in the browser or IntelliJ IDEA Ultimate.\n","pageTitle":"Better debugging experience for applications with the Kotlin/JS IR backend","metaDescription":"","type":"Documentation","breadcrumbs":"What\u0027s new in Kotlin///Earlier versions","root":0,"depth":2}