{"objectID":"_whatsnew16.html#kover_a_code_coverage_tool_for_kotlin","parent":"_whatsnew16.html#language","pageViews":0,"url":"https://kotlinlang.org/docs/whatsnew16.html#kover-a-code-coverage-tool-for-kotlin","mainTitle":"What\u0027s new in Kotlin 1.6.0","product":"","headings":"What\u0027s new in Kotlin 1.6.0,Kover – a code coverage tool for Kotlin","content":"The Kover Gradle plugin is Experimental. We would appreciate your feedback on it in GitHub.\nWith Kotlin 1.6.0, we\u0027re introducing Kover – a Gradle plugin for the IntelliJ and JaCoCo Kotlin code coverage agents. It works with all language constructs, including inline functions.\nLearn more about Kover on its GitHub repository or in this video:\n","pageTitle":"Kover – a code coverage tool for Kotlin","metaDescription":"","type":"Documentation","breadcrumbs":"What\u0027s new in Kotlin///Earlier versions","root":0,"depth":2}