{"objectID":"_whatsnew22.html#all_meta_target_for_properties","parent":"_whatsnew22.html#ide_support","pageViews":0,"url":"https://kotlinlang.org/docs/whatsnew22.html#all-meta-target-for-properties","mainTitle":"What\u0027s new in Kotlin 2.2.0","product":"","headings":"What\u0027s new in Kotlin 2.2.0,meta-target for properties","content":"Kotlin allows you to attach annotations to specific parts of a declaration, known as use-site targets. However, annotating each target individually was complex and error-prone:\ndata class User(\n    val username: String,\n\n    @param:Email      // Constructor parameter\n    @field:Email      // Backing field\n    @get:Email        // Getter method\n    @property:Email   // Kotlin property reference\n    val email: String,\n) {\n    @field:Email\n    @get:Email\n    @property:Email\n    val secondaryEmail: String? \u003d null\n}\nTo simplify this, Kotlin introduces the new @all meta-target for properties. This feature tells the compiler to apply the annotation to all relevant parts of the property. When you use it, @all attempts to apply the annotation to:\n- param: the constructor parameter, if declared in the primary constructor.\n- property: the Kotlin property itself.\n- field: the backing field, if it exists.\n- get: the getter method.\n- set_param: the parameter of the setter method, if the property is defined as var.\n- RECORD_COMPONENT: if the class is a @JvmRecord, the annotation applies to the Java record component. This behavior mimics the way Java handles annotations on record components.\nThe compiler only applies the annotation to the targets for the given property.\nIn the example below, the @Email annotation is applied to all relevant targets of each property:\ndata class User(\n    val username: String,\n\n    // Applies @Email to param, property, field,\n    // get, and set_param (if var)\n    @all:Email val email: String,\n) {\n    // Applies @Email to property, field, and getter \n    // (no param since it\u0027s not in the constructor)\n    @all:Email val secondaryEmail: String? \u003d null\n}\nYou can use the @all meta-target with any property, both inside and outside the primary constructor. However, you can\u0027t use the @all meta-target with multiple annotations.\nThis new feature simplifies the syntax, ensures consistency, and improves interoperability with Java records.\nTo enable the @all meta-target in your project, use the following compiler option in the command line:\n-Xannotation-target-all\nOr add it to the compilerOptions {} block of your Gradle build file:\n// build.gradle.kts\nkotlin {\n    compilerOptions {\n        freeCompilerArgs.add(\"-Xannotation-target-all\")\n    }\n}\nThis feature is in preview. Please report any problems to our issue tracker, YouTrack. For more information about the @all meta-target, read this KEEP proposal.\n","pageTitle":"meta-target for properties","metaDescription":"","type":"Documentation","breadcrumbs":"What\u0027s new in Kotlin","root":0,"depth":1}