{"objectID":"_whatsnew13.html#sealed_classes_in_reflection","parent":"_whatsnew13.html#coroutines_release","pageViews":0,"url":"https://kotlinlang.org/docs/whatsnew13.html#sealed-classes-in-reflection","mainTitle":"What\u0027s new in Kotlin 1.3","product":"","headings":"What\u0027s new in Kotlin 1.3,Sealed classes in reflection","content":"We\u0027ve added a new API to kotlin-reflect that can be used to enumerate all the direct subtypes of a sealed class, namely KClass.sealedSubclasses.\n","pageTitle":"Sealed classes in reflection","metaDescription":"","type":"Documentation","breadcrumbs":"What\u0027s new in Kotlin///Earlier versions","root":0,"depth":2}