{"objectID":"_whatsnew1920.html#create_your_project_easier","parent":"_whatsnew1920.html#ide_support","pageViews":0,"url":"https://kotlinlang.org/docs/whatsnew1920.html#create-your-project-easier","mainTitle":"What\u0027s new in Kotlin 1.9.20","product":"","headings":"What\u0027s new in Kotlin 1.9.20,Create your project easier","content":"Consider a multiplatform project that targets both Android and iPhone devices and is developed on an Apple silicon MacBook. Compare how this project is set up between different versions of Kotlin:\nKotlin 1.9.0 and earlier (a standard setup) Kotlin 1.9.20\nkotlin {\n    androidTarget()\n    iosArm64()\n    iosSimulatorArm64()\n\n    sourceSets {\n        val commonMain by getting\n\n        val iosMain by creating {\n            dependsOn(commonMain)\n        }\n\n        val iosArm64Main by getting {\n            dependsOn(iosMain)\n        }\n\n        val iosSimulatorArm64Main by getting {\n            dependsOn(iosMain)\n        }\n    }\n}\nkotlin {\n    androidTarget()\n    iosArm64()\n    iosSimulatorArm64()\n\n    // The iosMain source set is created automatically\n}\nNotice how the use of the default hierarchy template considerably reduces the amount of boilerplate code needed to set up your project.\nWhen you declare the androidTarget, iosArm64, and iosSimulatorArm64 targets in your code, the Kotlin Gradle plugin finds suitable shared source sets from the template and creates them for you. The resulting hierarchy looks like this:\nAn example of the default target hierarchy in use Green source sets are actually created and included in the project, while gray ones from the default template are ignored.\n","pageTitle":"Create your project easier","metaDescription":"","type":"Documentation","breadcrumbs":"What\u0027s new in Kotlin///Earlier versions","root":0,"depth":2}