{"objectID":"_whatsnew1530.html#matching_with_regex_at_a_particular_position","parent":"_whatsnew1530.html#language_features","pageViews":0,"url":"https://kotlinlang.org/docs/whatsnew1530.html#matching-with-regex-at-a-particular-position","mainTitle":"What\u0027s new in Kotlin 1.5.30","product":"","headings":"What\u0027s new in Kotlin 1.5.30,Matching with Regex at a particular position","content":"Regex.matchAt() and Regex.matchesAt() functions are Experimental. They may be dropped or changed at any time. Use them only for evaluation purposes. We would appreciate hearing your feedback on them in YouTrack.\nThe new Regex.matchAt() and Regex.matchesAt() functions provide a way to check whether a regex has an exact match at a particular position in a String or CharSequence.\nmatchesAt() returns a boolean result:\nfun main(){\n//sampleStart\n    val releaseText \u003d \"Kotlin 1.5.30 is released!\"\n    // regular expression: one digit, dot, one digit, dot, one or more digits\n    val versionRegex \u003d \"\\\\d[.]\\\\d[.]\\\\d+\".toRegex()\n    println(versionRegex.matchesAt(releaseText, 0)) // \"false\"\n    println(versionRegex.matchesAt(releaseText, 7)) // \"true\"\n//sampleEnd\n}\nmatchAt() returns the match if one is found or null if one isn\u0027t:\nfun main(){\n//sampleStart\n    val releaseText \u003d \"Kotlin 1.5.30 is released!\"\n    val versionRegex \u003d \"\\\\d[.]\\\\d[.]\\\\d+\".toRegex()\n    println(versionRegex.matchAt(releaseText, 0)) // \"null\"\n    println(versionRegex.matchAt(releaseText, 7)?.value) // \"1.5.30\"\n//sampleEnd\n}\n","pageTitle":"Matching with Regex at a particular position","metaDescription":"","type":"Documentation","breadcrumbs":"What\u0027s new in Kotlin///Earlier versions","root":0,"depth":2}