{"objectID":"_whatsnew1920.html#gradle","parent":"_whatsnew1920.html#ide_support","pageViews":0,"url":"https://kotlinlang.org/docs/whatsnew1920.html#gradle","mainTitle":"What\u0027s new in Kotlin 1.9.20","product":"","headings":"What\u0027s new in Kotlin 1.9.20,Gradle","content":"Kotlin 1.9.20 is fully compatible with Gradle 6.8.3 through 8.1. You can also use Gradle versions up to the latest Gradle release, but if you do, keep in mind that you might encounter deprecation warnings or some new Gradle features might not work.\nThis version brings the following changes:\n- Support for test fixtures to access internal declarations\n- New property to configure paths to Konan directories\n- New build report metrics for Kotlin/Native tasks\n","pageTitle":"Gradle","metaDescription":"","type":"Documentation","breadcrumbs":"What\u0027s new in Kotlin///Earlier versions","root":0,"depth":2}