{"objectID":"_whatsnew20.html#bumped_minimum_supported_agp_version","parent":"_whatsnew20.html#ide_support","pageViews":0,"url":"https://kotlinlang.org/docs/whatsnew20.html#bumped-minimum-supported-agp-version","mainTitle":"What\u0027s new in Kotlin 2.0.0","product":"","headings":"What\u0027s new in Kotlin 2.0.0,Bumped minimum supported AGP version","content":"Starting with Kotlin 2.0.0, the minimum supported Android Gradle plugin version is 7.1.3.\n","pageTitle":"Bumped minimum supported AGP version","metaDescription":"","type":"Documentation","breadcrumbs":"What\u0027s new in Kotlin///Earlier versions","root":0,"depth":2}