{"objectID":"_whatsnew22.html#support_for_nested_type_aliases","parent":"_whatsnew22.html#ide_support","pageViews":0,"url":"https://kotlinlang.org/docs/whatsnew22.html#support-for-nested-type-aliases","mainTitle":"What\u0027s new in Kotlin 2.2.0","product":"","headings":"What\u0027s new in Kotlin 2.2.0,Support for nested type aliases","content":"Previously, you could only declare type aliases at the top level of a Kotlin file. This meant that even internal or domain-specific type aliases had to live outside the class where they were used.\nStarting from 2.2.0, you can define type aliases inside other declarations, as long as they don\u0027t capture type parameters from their outer class:\nclass Dijkstra {\n    typealias VisitedNodes \u003d Set\u0026lt;Node\u0026gt;\n\n    private fun step(visited: VisitedNodes, ...) \u003d ...\n}\nNested type aliases have a few additional constraints, like not being able to mention type parameters. Check the documentation for the entire set of rules.\nNested type aliases allow for cleaner, more maintainable code by improving encapsulation, reducing package-level clutter, and simplifying internal implementations.\n","pageTitle":"Support for nested type aliases","metaDescription":"","type":"Documentation","breadcrumbs":"What\u0027s new in Kotlin","root":0,"depth":1}