{"objectID":"_whatsnew16.html#kotlin_js","parent":"_whatsnew16.html#language","pageViews":0,"url":"https://kotlinlang.org/docs/whatsnew16.html#kotlin-js","mainTitle":"What\u0027s new in Kotlin 1.6.0","product":"","headings":"What\u0027s new in Kotlin 1.6.0,Kotlin/JS","content":"We\u0027re continuing to work on stabilizing the IR backend for the Kotlin/JS compiler. Kotlin/JS now has an option to disable downloading of Node.js and Yarn.\n","pageTitle":"Kotlin/JS","metaDescription":"","type":"Documentation","breadcrumbs":"What\u0027s new in Kotlin///Earlier versions","root":0,"depth":2}