{"objectID":"_whatsnew_eap.html#usage_of_bigint_type_to_represent_kotlin_s_long_type","parent":"_whatsnew_eap.html#ide_support","pageViews":0,"url":"https://kotlinlang.org/docs/whatsnew-eap.html#usage-of-bigint-type-to-represent-kotlin-s-long-type","mainTitle":"What\u0027s new in Kotlin 2.2.20-Beta2","product":"","headings":"What\u0027s new in Kotlin 2.2.20-Beta2,Usage of BigInt type to represent Kotlin\u0027s Long type","content":"Before the ES2020 standard, JavaScript (JS) did not support a primitive type for precise integers larger than 53 bits.\nFor this reason, Kotlin/JS used to represent Long values (which are 64-bit wide) as JavaScript objects containing two number properties. This custom implementation made interoperability between Kotlin and JavaScript more complex.\nStarting with Kotlin 2.2.20-Beta2, Kotlin/JS now uses JavaScript\u0027s built-in BigInt type to represent Kotlin\u0027s Long values when compiling to modern JavaScript (ES2020).\nThis change enables exporting the Long type to JavaScript, a feature also introduced in 2.2.20-Beta2. As a result, this change simplifies the interoperability between Kotlin and JavaScript.\nTo enable it, add the following compiler option to your build.gradle(.kts) file:\n// build.gradle.kts\nkotlin {\n    js {\n        ...\n        compilerOptions {\n            freeCompilerArgs.add(\"-Xes-long-as-bigint\")\n        }\n    }\n}\nThis feature is still Experimental. Please report any problems in our issue tracker, YouTrack.\n","pageTitle":"Usage of BigInt type to represent Kotlin\u0027s Long type","metaDescription":"","type":"Documentation","breadcrumbs":"What\u0027s new in Kotlin","root":0,"depth":1}