{"objectID":"_whatsnew22.html#how_to_update_to_kotlin_2_2_0","parent":"_whatsnew22.html#ide_support","pageViews":0,"url":"https://kotlinlang.org/docs/whatsnew22.html#how-to-update-to-kotlin-2-2-0","mainTitle":"What\u0027s new in Kotlin 2.2.0","product":"","headings":"What\u0027s new in Kotlin 2.2.0,How to update to Kotlin 2.2.0","content":"The Kotlin plugin is distributed as a bundled plugin in IntelliJ IDEA and Android Studio.\nTo update to the new Kotlin version, change the Kotlin version to 2.2.0 in your build scripts.\n","pageTitle":"How to update to Kotlin 2.2.0","metaDescription":"","type":"Documentation","breadcrumbs":"What\u0027s new in Kotlin","root":0,"depth":1}