{"objectID":"_whatsnew1920.html#kotlin_wasm_api_improvements","parent":"_whatsnew1920.html#ide_support","pageViews":0,"url":"https://kotlinlang.org/docs/whatsnew1920.html#kotlin-wasm-api-improvements","mainTitle":"What\u0027s new in Kotlin 1.9.20","product":"","headings":"What\u0027s new in Kotlin 1.9.20,Kotlin/Wasm API improvements","content":"This release delivers several quality-of-life improvements to the Kotlin/Wasm API. For example, you\u0027re no longer required to return a value for DOM event listeners:\nBefore 1.9.20 In 1.9.20\nfun main() {\n    window.onload \u003d {\n        document.body?.sayHello()\n        null\n    }\n}\nfun main() {\n    window.onload \u003d { document.body?.sayHello() }\n}\n","pageTitle":"Kotlin/Wasm API improvements","metaDescription":"","type":"Documentation","breadcrumbs":"What\u0027s new in Kotlin///Earlier versions","root":0,"depth":2}