{"objectID":"_whatsnew1820.html#lazy_kotlin_jvm_tasks_creation_for_all_gradle_versions","parent":"_whatsnew1820.html#ide_support","pageViews":0,"url":"https://kotlinlang.org/docs/whatsnew1820.html#lazy-kotlin-jvm-tasks-creation-for-all-gradle-versions","mainTitle":"What\u0027s new in Kotlin 1.8.20","product":"","headings":"What\u0027s new in Kotlin 1.8.20,Lazy Kotlin/JVM tasks creation for all Gradle versions","content":"For projects with the org.jetbrains.kotlin.gradle.jvm plugin on Gradle 7.3+, the Kotlin Gradle plugin no longer creates and configures the task compileKotlin eagerly. On lower Gradle versions, it simply registers all the tasks and doesn\u0027t configure them on a dry run. The same behavior is now in place when using Gradle 7.3+.\n","pageTitle":"Lazy Kotlin/JVM tasks creation for all Gradle versions","metaDescription":"","type":"Documentation","breadcrumbs":"What\u0027s new in Kotlin///Earlier versions","root":0,"depth":2}