{"objectID":"_whatsnew17.html#stable_builder_inference","parent":"_whatsnew17.html#new_kotlin_k2_compiler_for_the_jvm_in_alpha","pageViews":0,"url":"https://kotlinlang.org/docs/whatsnew17.html#stable-builder-inference","mainTitle":"What\u0027s new in Kotlin 1.7.0","product":"","headings":"What\u0027s new in Kotlin 1.7.0,Stable builder inference","content":"Builder inference is a special kind of type inference that is useful when calling generic builder functions. It helps the compiler infer the type arguments of a call using the type information about other calls inside its lambda argument.\nStarting with 1.7.0, builder inference is automatically activated if a regular type inference cannot get enough information about a type without specifying the -Xenable-builder-inference compiler option, which was introduced in 1.6.0.\nLearn how to write custom generic builders.\n","pageTitle":"Stable builder inference","metaDescription":"","type":"Documentation","breadcrumbs":"What\u0027s new in Kotlin///Earlier versions","root":0,"depth":2}