{"objectID":"_whatsnew14.html#delegated_properties_improvements","parent":"_whatsnew14.html#language_features_and_improvements","pageViews":0,"url":"https://kotlinlang.org/docs/whatsnew14.html#delegated-properties-improvements","mainTitle":"What\u0027s new in Kotlin 1.4.0","product":"","headings":"What\u0027s new in Kotlin 1.4.0,Delegated properties improvements","content":"In 1.4.0, we have added new features to improve your experience with delegated properties in Kotlin:\n- Now a property can be delegated to another property.\n- A new interface PropertyDelegateProvider helps create delegate providers in a single declaration.\n- ReadWriteProperty now extends ReadOnlyProperty so you can use both of them for read-only properties.\nAside from the new API, we\u0027ve made some optimizations that reduce the resulting bytecode size. These optimizations are described in this blog post.\nLearn more about delegated properties.\n","pageTitle":"Delegated properties improvements","metaDescription":"","type":"Documentation","breadcrumbs":"What\u0027s new in Kotlin///Earlier versions","root":0,"depth":2}