{"objectID":"_whatsnew1920.html#managing_library_linkage_issues","parent":"_whatsnew1920.html#ide_support","pageViews":0,"url":"https://kotlinlang.org/docs/whatsnew1920.html#managing-library-linkage-issues","mainTitle":"What\u0027s new in Kotlin 1.9.20","product":"","headings":"What\u0027s new in Kotlin 1.9.20,Managing library linkage issues","content":"This release improves the way the Kotlin/Native compiler handles linkage issues in Kotlin libraries. Error messages now include more readable declarations as they use signature names instead of hashes, helping you find and fix the issue more easily. Here\u0027s an example:\nNo function found for symbol \u0027org.samples/MyClass.removedFunction|removedFunction(kotlin.Int;kotlin.String){}[0]\u0027\nThe Kotlin/Native compiler detects linkage issues between third-party Kotlin libraries and reports errors at runtime. You might face such issues if the author of one third-party Kotlin library makes an incompatible change in experimental APIs that another third-party Kotlin library consumes.\nStarting with Kotlin 1.9.20, the compiler detects linkage issues in silent mode by default. You can adjust this setting in your projects:\n- If you want to record these issues in your compilation logs, enable warnings with the -Xpartial-linkage-loglevel\u003dWARNING compiler option.\n- It\u0027s also possible to raise the severity of reported warnings to compilation errors with -Xpartial-linkage-loglevel\u003dERROR. In this case, the compilation fails, and you get all the errors in the compilation log. Use this option to examine the linkage issues more closely.\n// An example of passing compiler options in a Gradle build file:\nkotlin {\n    macosX64(\"native\") {\n        binaries.executable()\n\n        compilations.configureEach {\n            compilerOptions.configure {\n                // To report linkage issues as warnings:\n                freeCompilerArgs.add(\"-Xpartial-linkage-loglevel\u003dWARNING\")\n\n                // To raise linkage warnings to errors:\n                freeCompilerArgs.add(\"-Xpartial-linkage-loglevel\u003dERROR\")\n            }\n        }\n    }\n}\nIf you face unexpected problems with this feature, you can always opt out with the -Xpartial-linkage\u003ddisable compiler option. Don\u0027t hesitate to report such cases to our issue tracker.\n","pageTitle":"Managing library linkage issues","metaDescription":"","type":"Documentation","breadcrumbs":"What\u0027s new in Kotlin///Earlier versions","root":0,"depth":2}