{"objectID":"_whatsnew20.html#increment_and_decrement_operators","parent":"_whatsnew20.html#ide_support","pageViews":0,"url":"https://kotlinlang.org/docs/whatsnew20.html#increment-and-decrement-operators","mainTitle":"What\u0027s new in Kotlin 2.0.0","product":"","headings":"What\u0027s new in Kotlin 2.0.0,Increment and decrement operators","content":"Prior to Kotlin 2.0.0, the compiler didn\u0027t understand that the type of an object can change after using an increment or decrement operator. As the compiler couldn\u0027t accurately track the object type, your code could lead to unresolved reference errors. In Kotlin 2.0.0, this has been fixed:\ninterface Rho {\n    operator fun inc(): Sigma \u003d TODO()\n}\n\ninterface Sigma : Rho {\n    fun sigma() \u003d Unit\n}\n\ninterface Tau {\n    fun tau() \u003d Unit\n}\n\nfun main(input: Rho) {\n    var unknownObject: Rho \u003d input\n\n    // Check if unknownObject inherits from the Tau interface\n    // Note, it\u0027s possible that unknownObject inherits from both\n    // Rho and Tau interfaces.\n    if (unknownObject is Tau) {\n\n        // Use the overloaded inc() operator from interface Rho.\n        // In Kotlin 2.0.0, the type of unknownObject is smart-cast to\n        // Sigma.\n        ++unknownObject\n\n        // In Kotlin 2.0.0, the compiler knows unknownObject has type\n        // Sigma, so the sigma() function can be called successfully.\n        unknownObject.sigma()\n\n        // In Kotlin 1.9.20, the compiler doesn\u0027t perform a smart cast\n        // when inc() is called so the compiler still thinks that \n        // unknownObject has type Tau. Calling the sigma() function \n        // throws a compile-time error.\n        \n        // In Kotlin 2.0.0, the compiler knows unknownObject has type\n        // Sigma, so calling the tau() function throws a compile-time \n        // error.\n        unknownObject.tau()\n        // Unresolved reference \u0027tau\u0027\n\n        // In Kotlin 1.9.20, since the compiler mistakenly thinks that \n        // unknownObject has type Tau, the tau() function can be called,\n        // but it throws a ClassCastException.\n    }\n}\n","pageTitle":"Increment and decrement operators","metaDescription":"","type":"Documentation","breadcrumbs":"What\u0027s new in Kotlin///Earlier versions","root":0,"depth":2}