{"objectID":"_whatsnew22.html#improved_tracking_of_memory_consumption_on_apple_platforms","parent":"_whatsnew22.html#ide_support","pageViews":0,"url":"https://kotlinlang.org/docs/whatsnew22.html#improved-tracking-of-memory-consumption-on-apple-platforms","mainTitle":"What\u0027s new in Kotlin 2.2.0","product":"","headings":"What\u0027s new in Kotlin 2.2.0,Improved tracking of memory consumption on Apple platforms","content":"Starting with Kotlin 2.2.0, memory allocated by Kotlin code is now tagged. This can help you debug memory issues on Apple platforms.\nWhen inspecting your application\u0027s high memory usage, you can now identify how much memory is reserved by Kotlin code. Kotlin\u0027s share is tagged with an identifier and can be tracked through tools like VM Tracker in Xcode Instruments.\nThis feature is enabled by default but is available only in the Kotlin/Native default memory allocator when all the following conditions are met:\n- Tagging enabled. The memory should be tagged with a valid identifier. Apple recommends numbers between 240 and 255; the default value is 246.\nIf you set up the kotlin.native.binary.mmapTag\u003d0 Gradle property, tagging is disabled.\n- Allocation with mmap. The allocator should use the mmap system call to map files into memory.\nIf you set up the kotlin.native.binary.disableMmap\u003dtrue Gradle property, the default allocator uses malloc instead of mmap.\n- Paging enabled. Paging of allocations (buffering) should be enabled.\nIf you set up the kotlin.native.binary.pagedAllocator\u003dfalse Gradle property, the memory is reserved on a per-object basis instead.\nFor more information on memory consumption in Kotlin, see the documentation.\n","pageTitle":"Improved tracking of memory consumption on Apple platforms","metaDescription":"","type":"Documentation","breadcrumbs":"What\u0027s new in Kotlin","root":0,"depth":1}