{"objectID":"_whatsnew_eap.html#support_for_return_statements_in_expression_bodies_with_explicit_return_types","parent":"_whatsnew_eap.html#ide_support","pageViews":0,"url":"https://kotlinlang.org/docs/whatsnew-eap.html#support-for-return-statements-in-expression-bodies-with-explicit-return-types","mainTitle":"What\u0027s new in Kotlin 2.2.20-Beta2","product":"","headings":"What\u0027s new in Kotlin 2.2.20-Beta2,Support for return statements in expression bodies with explicit return types","content":"Previously, using return in an expression body caused a compiler error because it could cause the function\u0027s return type to be inferred as Nothing.\nfun example() \u003d return 42\n// Error: Returns are prohibited for functions with an expression body\nWith this change, you can now use return in expression bodies as long as the return type is written explicitly:\n// Specifies the return type explicitly\nfun getDisplayNameOrDefault(userId: String?): String \u003d getDisplayName(userId ?: return \"default\")\n\n// Fails because it doesn\u0027t specify the return type explicitly\nfun getDisplayNameOrDefault(userId: String?) \u003d getDisplayName(userId ?: return \"default\")\nSimilarly, return statements inside lambdas and nested expressions in functions with expression bodies used to compile unintentionally. Kotlin now supports these cases as long as the return type is specified explicitly. Cases without an explicit return type will be deprecated in Kotlin 2.3.0:\n// Return type isn\u0027t explicitly specified, and the return statement is inside a lambda\n// which will be deprecated\nfun returnInsideLambda() \u003d run { return 42 }\n\n// Return type isn\u0027t explicitly specified, and the return statement is inside the initializer\n// of a local variable, which will be deprecated\nfun returnInsideIf() \u003d when {\n    else -\u0026gt; {\n        val result \u003d if (someCondition()) return \"\" else \"value\"\n        result\n    }\n}\nThis behavior will be enabled by default in Kotlin 2.3.0. To test it now, set your language version to 2.3 using the following compiler option:\n-language-version 2.3\nOr configure it in your build.gradle(.kts) file:\nkotlin {\n    compilerOptions {\n        languageVersion.set(org.jetbrains.kotlin.gradle.dsl.KotlinVersion.KOTLIN_2_3)\n    }\n}\nWe would appreciate your feedback in our issue tracker, YouTrack.\n","pageTitle":"Support for return statements in expression bodies with explicit return types","metaDescription":"","type":"Documentation","breadcrumbs":"What\u0027s new in Kotlin","root":0,"depth":1}