{"objectID":"_whatsnew19.html#preview_of_custom_memory_allocator","parent":"_whatsnew19.html#ide_support","pageViews":0,"url":"https://kotlinlang.org/docs/whatsnew19.html#preview-of-custom-memory-allocator","mainTitle":"What\u0027s new in Kotlin 1.9.0","product":"","headings":"What\u0027s new in Kotlin 1.9.0,Preview of custom memory allocator","content":"Kotlin 1.9.0 introduces the preview of a custom memory allocator. Its allocation system improves the runtime performance of the Kotlin/Native memory manager.\nThe current object allocation system in Kotlin/Native uses a general-purpose allocator that doesn\u0027t have the functionality for efficient garbage collection. To compensate, it maintains thread-local linked lists of all allocated objects before the garbage collector (GC) merges them into a single list, which can be iterated during sweeping. This approach comes with several performance downsides:\n- The sweeping order lacks memory locality and often results in scattered memory access patterns, leading to potential performance issues.\n- Linked lists require additional memory for each object, increasing memory usage, particularly when dealing with many small objects.\n- The single list of allocated objects makes it challenging to parallelize sweeping, which can cause memory usage problems when mutator threads allocate objects faster than the GC thread can collect them.\nTo address these issues, Kotlin 1.9.0 introduces a preview of the custom allocator. It divides system memory into pages, allowing independent sweeping in consecutive order. Each allocation becomes a memory block within a page, and the page keeps track of block sizes. Different page types are optimized for various allocation sizes. The consecutive arrangement of memory blocks ensures efficient iteration through all allocated blocks.\nWhen a thread allocates memory, it searches for a suitable page based on the allocation size. Threads maintain a set of pages for different size categories. Typically, the current page for a given size can accommodate the allocation. If not, the thread requests a different page from the shared allocation space. This page may already be available, require sweeping, or should be created first.\nThe new allocator allows having multiple independent allocation spaces simultaneously, which will allow the Kotlin team to experiment with different page layouts to improve performance even further.\nFor more information on the design of the new allocator, see this README.\n","pageTitle":"Preview of custom memory allocator","metaDescription":"","type":"Documentation","breadcrumbs":"What\u0027s new in Kotlin///Earlier versions","root":0,"depth":2}