{"objectID":"_whatsnew1720.html#compatibility_guide_for_kotlin_1_7_20","parent":"_whatsnew1720.html#support_for_kotlin_k2_compiler_plugins","pageViews":0,"url":"https://kotlinlang.org/docs/whatsnew1720.html#compatibility-guide-for-kotlin-1-7-20","mainTitle":"What\u0027s new in Kotlin 1.7.20","product":"","headings":"What\u0027s new in Kotlin 1.7.20,Compatibility guide for Kotlin 1.7.20","content":"Although Kotlin 1.7.20 is an incremental release, there are still incompatible changes we had to make to limit spread of the issues introduced in Kotlin 1.7.0.\nFind the detailed list of such changes in the Compatibility guide for Kotlin 1.7.20.\n","pageTitle":"Compatibility guide for Kotlin 1.7.20","metaDescription":"","type":"Documentation","breadcrumbs":"What\u0027s new in Kotlin///Earlier versions","root":0,"depth":2}