{"objectID":"_whatsnew2120.html#source_information_included_by_default","parent":"_whatsnew2120.html#ide_support","pageViews":0,"url":"https://kotlinlang.org/docs/whatsnew2120.html#source-information-included-by-default","mainTitle":"What\u0027s new in Kotlin 2.1.20","product":"","headings":"What\u0027s new in Kotlin 2.1.20,Source information included by default","content":"The Compose compiler Gradle plugin already has the including source information feature enabled by default on Android. Starting with Kotlin 2.1.20, this feature will be enabled by default on all platforms.\nRemember to check if you set this option using freeCompilerArgs. This method can cause the build to fail when used alongside the plugin, due to an option being effectively set twice.\n","pageTitle":"Source information included by default","metaDescription":"","type":"Documentation","breadcrumbs":"What\u0027s new in Kotlin///Earlier versions","root":0,"depth":2}