{"objectID":"_whatsnew21.html#change_of_jspecify_nullability_mismatch_diagnostics_severity_to_strict","parent":"_whatsnew21.html#ide_support","pageViews":0,"url":"https://kotlinlang.org/docs/whatsnew21.html#change-of-jspecify-nullability-mismatch-diagnostics-severity-to-strict","mainTitle":"What\u0027s new in Kotlin 2.1.0","product":"","headings":"What\u0027s new in Kotlin 2.1.0,Change of JSpecify nullability mismatch diagnostics severity to strict","content":"Kotlin 2.1.0 enforces strict handling of nullability annotations from org.jspecify.annotations, improving type safety for Java interoperability.\nThe following nullability annotations are affected:\n- org.jspecify.annotations.Nullable\n- org.jspecify.annotations.NonNull\n- org.jspecify.annotations.NullMarked\n- Legacy annotations in org.jspecify.nullness (JSpecify 0.2 and earlier)\nStarting from Kotlin 2.1.0, nullability mismatches are raised from warnings to errors by default. This ensures that annotations like @NonNull and @Nullable are enforced during type checks, preventing unexpected nullability issues at runtime.\nThe @NullMarked annotation also affects the nullability of all members within its scope, making the behavior more predictable when you\u0027re working with annotated Java code.\nHere\u0027s an example demonstrating the new default behavior:\n// Java\nimport org.jspecify.annotations.*;\npublic class SomeJavaClass {\n    @NonNull\n    public String foo() { //...\n    }\n\n    @Nullable\n    public String bar() { //...\n    }\n}\n// Kotlin\nfun test(sjc: SomeJavaClass) {\n    // Accesses a non-null result, which is allowed\n    sjc.foo().length\n\n    // Raises an error in the default strict mode because the result is nullable\n    // To avoid the error, use ?.length instead\n    sjc.bar().length\n}\nYou can manually control the severity of diagnostics for these annotations. To do so, use the -Xnullability-annotations compiler option to choose a mode:\n- ignore: Ignore nullability mismatches.\n- warning: Report warnings for nullability mismatches.\n- strict: Report errors for nullability mismatches (default mode).\nFor more information, see Nullability annotations.\n","pageTitle":"Change of JSpecify nullability mismatch diagnostics severity to strict","metaDescription":"","type":"Documentation","breadcrumbs":"What\u0027s new in Kotlin","root":0,"depth":1}