{"objectID":"_whatsnew1820.html#how_to_enable_kotlin_wasm","parent":"_whatsnew1820.html#ide_support","pageViews":0,"url":"https://kotlinlang.org/docs/whatsnew1820.html#how-to-enable-kotlin-wasm","mainTitle":"What\u0027s new in Kotlin 1.8.20","product":"","headings":"What\u0027s new in Kotlin 1.8.20,How to enable Kotlin/Wasm","content":"To enable and test Kotlin/Wasm, update your build.gradle.kts file:\nplugins {\n    kotlin(\"multiplatform\") version \"1.8.20\"\n}\n\nkotlin {\n    wasm {\n        binaries.executable()\n        browser {\n        }\n    }\n    sourceSets {\n        val commonMain by getting\n        val commonTest by getting {\n            dependencies {\n                implementation(kotlin(\"test\"))\n            }\n        }\n        val wasmMain by getting\n        val wasmTest by getting\n    }\n}\nCheck out the GitHub repository with Kotlin/Wasm examples.\nTo run a Kotlin/Wasm project, you need to update the settings of the target environment:\n\u003cb\u003eChrome\u003c/b\u003e - For version 109:\nRun the application with the --js-flags\u003d--experimental-wasm-gc command line argument.\n- For version 110 or later:\n2. Go to chrome://flags/#enable-webassembly-garbage-collection in your browser.\n4. Enable WebAssembly Garbage Collection.\n6. Relaunch your browser.\n\u003cb\u003eFirefox\u003c/b\u003e For version 109 or later:\n2. Go to about:config in your browser.\n4. Enable javascript.options.wasm_function_references and javascript.options.wasm_gc options.\n6. Relaunch your browser.\n\u003cb\u003eEdge\u003c/b\u003e For version 109 or later:\nRun the application with the --js-flags\u003d--experimental-wasm-gc command line argument.\n","pageTitle":"How to enable Kotlin/Wasm","metaDescription":"","type":"Documentation","breadcrumbs":"What\u0027s new in Kotlin///Earlier versions","root":0,"depth":2}