{"objectID":"_whatsnew1720.html#standard_library_api_changes","parent":"_whatsnew1720.html#support_for_kotlin_k2_compiler_plugins","pageViews":0,"url":"https://kotlinlang.org/docs/whatsnew1720.html#standard-library-api-changes","mainTitle":"What\u0027s new in Kotlin 1.7.20","product":"","headings":"What\u0027s new in Kotlin 1.7.20,Standard library API changes","content":"The following new types and operations will be introduced in the kotlin.ranges packages in the common Kotlin standard library:\n","pageTitle":"Standard library API changes","metaDescription":"","type":"Documentation","breadcrumbs":"What\u0027s new in Kotlin///Earlier versions","root":0,"depth":2}