{"objectID":"_whatsnew14.html#trailing_comma","parent":"_whatsnew14.html#language_features_and_improvements","pageViews":0,"url":"https://kotlinlang.org/docs/whatsnew14.html#trailing-comma","mainTitle":"What\u0027s new in Kotlin 1.4.0","product":"","headings":"What\u0027s new in Kotlin 1.4.0,Trailing comma","content":"With Kotlin 1.4 you can now add a trailing comma in enumerations such as argument and parameter lists, when entries, and components of destructuring declarations. With a trailing comma, you can add new items and change their order without adding or removing commas.\nThis is especially helpful if you use multi-line syntax for parameters or values. After adding a trailing comma, you can then easily swap lines with parameters or values.\nfun reformat(\n    str: String,\n    uppercaseFirstLetter: Boolean \u003d true,\n    wordSeparator: Character \u003d \u0027 \u0027, //trailing comma\n) {\n    // ...\n}\nval colors \u003d listOf(\n    \"red\",\n    \"green\",\n    \"blue\", //trailing comma\n)\n","pageTitle":"Trailing comma","metaDescription":"","type":"Documentation","breadcrumbs":"What\u0027s new in Kotlin///Earlier versions","root":0,"depth":2}