{"objectID":"_whatsnew16.html#stable_suspend_conversions","parent":"_whatsnew16.html#language","pageViews":0,"url":"https://kotlinlang.org/docs/whatsnew16.html#stable-suspend-conversions","mainTitle":"What\u0027s new in Kotlin 1.6.0","product":"","headings":"What\u0027s new in Kotlin 1.6.0,Stable suspend conversions","content":"Kotlin 1.6.0 introduces Stable conversions from regular to suspending functional types. Starting from 1.4.0, the feature supported functional literals and callable references. With 1.6.0, it works with any form of expression. As a call argument, you can now pass any expression of a suitable regular functional type where suspending is expected. The compiler will perform an implicit conversion automatically.\nfun getSuspending(suspending: suspend () -\u0026gt; Unit) {}\n\nfun suspending() {}\n\nfun test(regular: () -\u0026gt; Unit) {\n    getSuspending { }           // OK\n    getSuspending(::suspending) // OK\n    getSuspending(regular)      // OK\n}\n","pageTitle":"Stable suspend conversions","metaDescription":"","type":"Documentation","breadcrumbs":"What\u0027s new in Kotlin///Earlier versions","root":0,"depth":2}