{"objectID":"_whatsnew1530.html#support_custom_names_for_xcode_configuration","parent":"_whatsnew1530.html#language_features","pageViews":0,"url":"https://kotlinlang.org/docs/whatsnew1530.html#support-custom-names-for-xcode-configuration","mainTitle":"What\u0027s new in Kotlin 1.5.30","product":"","headings":"What\u0027s new in Kotlin 1.5.30,Support custom names for Xcode configuration","content":"The Kotlin CocoaPods Gradle plugin supports custom names in the Xcode build configuration. It will also help you if you\u0027re using special names for the build configuration in Xcode, for example Staging.\nTo specify a custom name, use the xcodeConfigurationToNativeBuildType parameter in the cocoapods section of your build.gradle(.kts) file:\ncocoapods {\n    // Maps custom Xcode configuration to NativeBuildType\n    xcodeConfigurationToNativeBuildType[\"CUSTOM_DEBUG\"] \u003d NativeBuildType.DEBUG\n    xcodeConfigurationToNativeBuildType[\"CUSTOM_RELEASE\"] \u003d NativeBuildType.RELEASE\n}\nThis parameter will not appear in the Podspec file. When Xcode runs the Gradle build process, the Kotlin CocoaPods Gradle plugin will select the necessary native build type.\nThere\u0027s no need to declare the Debug and Release configurations because they are supported by default.\n","pageTitle":"Support custom names for Xcode configuration","metaDescription":"","type":"Documentation","breadcrumbs":"What\u0027s new in Kotlin///Earlier versions","root":0,"depth":2}