{"objectID":"_whatsnew1820.html#non_default_location_of_compile_tasks_destinationdirectory","parent":"_whatsnew1820.html#ide_support","pageViews":0,"url":"https://kotlinlang.org/docs/whatsnew1820.html#non-default-location-of-compile-tasks-destinationdirectory","mainTitle":"What\u0027s new in Kotlin 1.8.20","product":"","headings":"What\u0027s new in Kotlin 1.8.20,Non-default location of compile tasks\u0027 destinationDirectory","content":"Update your build script with some additional code if you do one of the following:\n- Override the Kotlin/JVM KotlinJvmCompile/KotlinCompile task\u0027s destinationDirectory location.\n- Use a deprecated Kotlin/JS/Non-IR variant and override the Kotlin2JsCompile task\u0027s destinationDirectory.\nYou need to explicitly add sourceSets.main.kotlin.classesDirectories to sourceSets.main.outputs in your JAR file:\ntasks.jar(type: Jar) {\n    from sourceSets.main.outputs\n    from sourceSets.main.kotlin.classesDirectories\n}\n","pageTitle":"Non-default location of compile tasks\u0027 destinationDirectory","metaDescription":"","type":"Documentation","breadcrumbs":"What\u0027s new in Kotlin///Earlier versions","root":0,"depth":2}