{"objectID":"_whatsnew11.html#shorter_syntax_for_properties","parent":"_whatsnew11.html#table_of_contents","pageViews":0,"url":"https://kotlinlang.org/docs/whatsnew11.html#shorter-syntax-for-properties","mainTitle":"What\u0027s new in Kotlin 1.1","product":"","headings":"What\u0027s new in Kotlin 1.1,Shorter syntax for properties","content":"For properties with the getter defined as an expression body, the property type can now be omitted:\n//sampleStart\n    data class Person(val name: String, val age: Int) {\n    val isAdult get() \u003d age \u0026gt;\u003d 20 // Property type inferred to be \u0027Boolean\u0027\n}\n//sampleEnd\nfun main(args: Array\u0026lt;String\u0026gt;) {\n    val akari \u003d Person(\"Akari\", 26)\n    println(\"$akari.isAdult \u003d ${akari.isAdult}\")\n}\n","pageTitle":"Shorter syntax for properties","metaDescription":"","type":"Documentation","breadcrumbs":"What\u0027s new in Kotlin///Earlier versions","root":0,"depth":2}