{"objectID":"_whatsnew22.html#kotlin_native","parent":"_whatsnew22.html#ide_support","pageViews":0,"url":"https://kotlinlang.org/docs/whatsnew22.html#kotlin-native","mainTitle":"What\u0027s new in Kotlin 2.2.0","product":"","headings":"What\u0027s new in Kotlin 2.2.0,Kotlin/Native","content":"Starting with 2.2.0, Kotlin/Native uses LLVM 19. This release also brings several experimental features designed to track and adjust memory consumption.\n","pageTitle":"Kotlin/Native","metaDescription":"","type":"Documentation","breadcrumbs":"What\u0027s new in Kotlin","root":0,"depth":1}