{"objectID":"_whatsnew2020.html#gradle","parent":"_whatsnew2020.html#ide_support","pageViews":0,"url":"https://kotlinlang.org/docs/whatsnew2020.html#gradle","mainTitle":"What\u0027s new in Kotlin 2.0.20","product":"","headings":"What\u0027s new in Kotlin 2.0.20,Gradle","content":"Kotlin 2.0.20 is fully compatible with Gradle 6.8.3 through 8.6. Gradle 8.7 and 8.8 are also supported, with only one exception: If you use the Kotlin Multiplatform Gradle plugin, you may see deprecation warnings in your multiplatform projects calling the withJava() function in the JVM target. We plan to fix this issue as soon as possible.\nFor more information, see the issue in YouTrack.\nYou can also use Gradle versions up to the latest Gradle release, but if you do, keep in mind that you might encounter deprecation warnings or some new Gradle features might not work.\nThis version brings changes such as beginning the deprecation process for the old incremental compilation approach based on JVM history files, as well as a new way of sharing JVM artifacts between projects.\n","pageTitle":"Gradle","metaDescription":"","type":"Documentation","breadcrumbs":"What\u0027s new in Kotlin///Earlier versions","root":0,"depth":2}