{"objectID":"_whatsnew1920.html#check_the_ide_version","parent":"_whatsnew1920.html#ide_support","pageViews":0,"url":"https://kotlinlang.org/docs/whatsnew1920.html#check-the-ide-version","mainTitle":"What\u0027s new in Kotlin 1.9.20","product":"","headings":"What\u0027s new in Kotlin 1.9.20,Check the IDE version","content":"IntelliJ IDEA 2023.1.x and 2023.2.x automatically suggest updating the Kotlin plugin to version 1.9.20. IntelliJ IDEA 2023.3 will include the Kotlin 1.9.20 plugin.\nAndroid Studio Hedgehog (231) and Iguana (232) will support Kotlin 1.9.20 in their upcoming releases.\nThe new command–line compiler is available for download on the GitHub release page.\n","pageTitle":"Check the IDE version","metaDescription":"","type":"Documentation","breadcrumbs":"What\u0027s new in Kotlin///Earlier versions","root":0,"depth":2}