{"objectID":"_whatsnew20.html#the_kotlinx_metadata_jvm_library_is_stable","parent":"_whatsnew20.html#ide_support","pageViews":0,"url":"https://kotlinlang.org/docs/whatsnew20.html#the-kotlinx-metadata-jvm-library-is-stable","mainTitle":"What\u0027s new in Kotlin 2.0.0","product":"","headings":"What\u0027s new in Kotlin 2.0.0,The kotlinx-metadata-jvm library is Stable","content":"In Kotlin 2.0.0, the kotlinx-metadata-jvm library became Stable. Now that the library has changed to the kotlin package and coordinates, you can find it as kotlin-metadata-jvm (without the \u0026quot;x\u0026quot;).\nPreviously, the kotlinx-metadata-jvm library had its own publishing scheme and version. Now, we will build and publish the kotlin-metadata-jvm updates as part of the Kotlin release cycle, with the same backward compatibility guarantees as the Kotlin standard library.\nThe kotlin-metadata-jvm library provides an API to read and modify metadata of binary files generated by the Kotlin/JVM compiler.\n","pageTitle":"The kotlinx-metadata-jvm library is Stable","metaDescription":"","type":"Documentation","breadcrumbs":"What\u0027s new in Kotlin///Earlier versions","root":0,"depth":2}