{"objectID":"_whatsnew22.html#llvm_update_from_16_to_19","parent":"_whatsnew22.html#ide_support","pageViews":0,"url":"https://kotlinlang.org/docs/whatsnew22.html#llvm-update-from-16-to-19","mainTitle":"What\u0027s new in Kotlin 2.2.0","product":"","headings":"What\u0027s new in Kotlin 2.2.0,LLVM update from 16 to 19","content":"In Kotlin 2.2.0, we updated LLVM from version 16 to 19. The new version includes performance improvements, bug fixes, and security updates.\nThis update shouldn\u0027t affect your code, but if you encounter any issues, please report them to our issue tracker.\n","pageTitle":"LLVM update from 16 to 19","metaDescription":"","type":"Documentation","breadcrumbs":"What\u0027s new in Kotlin","root":0,"depth":1}