{"objectID":"_whatsnew1820.html#deprecation_of_uselibraries_in_cocoapods_gradle_plugin","parent":"_whatsnew1820.html#ide_support","pageViews":0,"url":"https://kotlinlang.org/docs/whatsnew1820.html#deprecation-of-uselibraries-in-cocoapods-gradle-plugin","mainTitle":"What\u0027s new in Kotlin 1.8.20","product":"","headings":"What\u0027s new in Kotlin 1.8.20,Deprecation of useLibraries() in Cocoapods Gradle plugin","content":"Kotlin 1.8.20 starts the deprecation cycle of the useLibraries() function used in the CocoaPods integration for static libraries.\nWe introduced the useLibraries() function to allow dependencies on Pods containing static libraries. With time, this case has become very rare. Most of the Pods are distributed by sources, and Objective-C frameworks or XCFrameworks are a common choice for binary distribution.\nSince this function is unpopular and it creates issues that complicate the development of the Kotlin CocoaPods Gradle plugin, we\u0027ve decided to deprecate it.\nFor more information on frameworks and XCFrameworks, see Build final native binaries.\n","pageTitle":"Deprecation of useLibraries() in Cocoapods Gradle plugin","metaDescription":"","type":"Documentation","breadcrumbs":"What\u0027s new in Kotlin///Earlier versions","root":0,"depth":2}