{"objectID":"_whatsnew1920.html#see_the_full_hierarchy_template","parent":"_whatsnew1920.html#ide_support","pageViews":0,"url":"https://kotlinlang.org/docs/whatsnew1920.html#see-the-full-hierarchy-template","mainTitle":"What\u0027s new in Kotlin 1.9.20","product":"","headings":"What\u0027s new in Kotlin 1.9.20,See the full hierarchy template","content":"When you declare the targets to which your project compiles, the plugin picks the shared source sets from the template accordingly and creates them in your project.\nDefault hierarchy template This example only shows the production part of the project, omitting the Main suffix (for example, using common instead of commonMain). However, everything is the same for *Test sources as well.\n","pageTitle":"See the full hierarchy template","metaDescription":"","type":"Documentation","breadcrumbs":"What\u0027s new in Kotlin///Earlier versions","root":0,"depth":2}