{"objectID":"_whatsnew13.html#multiplatform_random","parent":"_whatsnew13.html#coroutines_release","pageViews":0,"url":"https://kotlinlang.org/docs/whatsnew13.html#multiplatform-random","mainTitle":"What\u0027s new in Kotlin 1.3","product":"","headings":"What\u0027s new in Kotlin 1.3,Multiplatform random","content":"Prior to Kotlin 1.3, there was no uniform way to generate random numbers on all platforms — we had to resort to platform-specific solutions like java.util.Random on JVM. This release fixes this issue by introducing the class kotlin.random.Random, which is available on all platforms:\nimport kotlin.random.Random\n\nfun main() {\n//sampleStart\n    val number \u003d Random.nextInt(42)  // number is in range [0, limit)\n    println(number)\n//sampleEnd\n}\n","pageTitle":"Multiplatform random","metaDescription":"","type":"Documentation","breadcrumbs":"What\u0027s new in Kotlin///Earlier versions","root":0,"depth":2}