{"objectID":"_whatsnew19.html#stable_volatile_annotation","parent":"_whatsnew19.html#ide_support","pageViews":0,"url":"https://kotlinlang.org/docs/whatsnew19.html#stable-volatile-annotation","mainTitle":"What\u0027s new in Kotlin 1.9.0","product":"","headings":"What\u0027s new in Kotlin 1.9.0,Stable @Volatile annotation","content":"If you annotate a var property with @Volatile, then the backing field is marked so that any reads or writes to this field are atomic, and writes are always made visible to other threads.\nPrior to 1.8.20, the kotlin.jvm.Volatile annotation was available in the common standard library. However, this annotation was only effective on the JVM. If you used it on other platforms, it was ignored, which led to errors.\nIn 1.8.20, we introduced an experimental common annotation, kotlin.concurrent.Volatile, which you could preview in both the JVM and Kotlin/Native.\nIn 1.9.0, kotlin.concurrent.Volatile is Stable. If you use kotlin.jvm.Volatile in your multiplatform projects, we recommend that you migrate to kotlin.concurrent.Volatile.\n","pageTitle":"Stable @Volatile annotation","metaDescription":"","type":"Documentation","breadcrumbs":"What\u0027s new in Kotlin///Earlier versions","root":0,"depth":2}