{"objectID":"_whatsnew1720.html#new_articles_in_the_kotlin_multiplatform_journal","parent":"_whatsnew1720.html#support_for_kotlin_k2_compiler_plugins","pageViews":0,"url":"https://kotlinlang.org/docs/whatsnew1720.html#new-articles-in-the-kotlin-multiplatform-journal","mainTitle":"What\u0027s new in Kotlin 1.7.20","product":"","headings":"What\u0027s new in Kotlin 1.7.20,New articles in the Kotlin Multiplatform journal","content":"- Native and cross-platform app development: how to choose? – check out our overview and advantages of cross-platform app development and the native approach.\n- The six best cross-platform app development frameworks – read about the key aspects to help you choose the right framework for your cross-platform project.\n","pageTitle":"New articles in the Kotlin Multiplatform journal","metaDescription":"","type":"Documentation","breadcrumbs":"What\u0027s new in Kotlin///Earlier versions","root":0,"depth":2}