{"objectID":"_whatsnew15.html#deprecation_of_jvmdefault_and_old_xjvm_default_modes","parent":"_whatsnew15.html#language_features","pageViews":0,"url":"https://kotlinlang.org/docs/whatsnew15.html#deprecation-of-jvmdefault-and-old-xjvm-default-modes","mainTitle":"What\u0027s new in Kotlin 1.5.0","product":"","headings":"What\u0027s new in Kotlin 1.5.0,Deprecation of @JvmDefault and old Xjvm-default modes","content":"Prior to Kotlin 1.4.0, there was the @JvmDefault annotation along with -Xjvm-default\u003denable and -Xjvm-default\u003dcompatibility modes. They served to create the JVM default method for any particular non-abstract member in the Kotlin interface.\nIn Kotlin 1.4.0, we introduced the new Xjvm-default modes, which switch on default method generation for the whole project.\nIn Kotlin 1.5.0, we are deprecating @JvmDefault and the old Xjvm-default modes: -Xjvm-default\u003denable and -Xjvm-default\u003dcompatibility.\nLearn more about default methods in the Java interop.\n","pageTitle":"Deprecation of @JvmDefault and old Xjvm-default modes","metaDescription":"","type":"Documentation","breadcrumbs":"What\u0027s new in Kotlin///Earlier versions","root":0,"depth":2}