{"objectID":"_whatsnew18.html#install_kotlin_1_8_0","parent":"_whatsnew18.html#ide_support","pageViews":0,"url":"https://kotlinlang.org/docs/whatsnew18.html#install-kotlin-1-8-0","mainTitle":"What\u0027s new in Kotlin 1.8.0","product":"","headings":"What\u0027s new in Kotlin 1.8.0,Install Kotlin 1.8.0","content":"IntelliJ IDEA 2021.3, 2022.1, and 2022.2 automatically suggest updating the Kotlin plugin to version 1.8.0. IntelliJ IDEA 2022.3 will have the 1.8.0 version of the Kotlin plugin bundled in an upcoming minor update.\nTo migrate existing projects to Kotlin 1.8.0 in IntelliJ IDEA 2022.3, change the Kotlin version to 1.8.0 and reimport your Gradle or Maven project.\nFor Android Studio Electric Eel (221) and Flamingo (222), version 1.8.0 of the Kotlin plugin will be delivered with the upcoming Android Studios updates. The new command-line compiler is available for download on the GitHub release page.\n","pageTitle":"Install Kotlin 1.8.0","metaDescription":"","type":"Documentation","breadcrumbs":"What\u0027s new in Kotlin///Earlier versions","root":0,"depth":2}