{"objectID":"_whatsnew21.html#language_concepts","parent":"_whatsnew21.html#ide_support","pageViews":0,"url":"https://kotlinlang.org/docs/whatsnew21.html#language-concepts","mainTitle":"What\u0027s new in Kotlin 2.1.0","product":"","headings":"What\u0027s new in Kotlin 2.1.0,Language concepts","content":"- Improved Null safety page – Learn how to handle null values safely in your code.\n- Improved Objects declarations and expressions page – Learn how to define a class and create an instance in a single step.\n- Improved When expressions and statements section – Learn about the when conditional and how you can use it.\n- Updated Kotlin roadmap, Kotlin evolution principles, and Kotlin language features and proposals pages – Learn about Kotlin\u0027s plans, ongoing developments, and guiding principles.\n","pageTitle":"Language concepts","metaDescription":"","type":"Documentation","breadcrumbs":"What\u0027s new in Kotlin///Earlier versions","root":0,"depth":2}