{"objectID":"_whatsnew21.html#support_for_incremental_compilation","parent":"_whatsnew21.html#ide_support","pageViews":0,"url":"https://kotlinlang.org/docs/whatsnew21.html#support-for-incremental-compilation","mainTitle":"What\u0027s new in Kotlin 2.1.0","product":"","headings":"What\u0027s new in Kotlin 2.1.0,Support for incremental compilation","content":"Previously, when you changed something in your Kotlin code, the Kotlin/Wasm toolchain had to recompile the entire codebase.\nStarting from 2.1.0, incremental compilation is supported for Wasm targets. In development tasks, the compiler now recompiles only files relevant to changes from the last compilation, which noticeably reduces the compilation time.\nThis change currently doubles the compilation speed, and there are plans to improve it further in future releases.\nIn the current setup, incremental compilation for Wasm targets is disabled by default. To enable incremental compilation, add the following line to your project\u0027s local.properties or gradle.properties file:\n# gradle.properties\nkotlin.incremental.wasm\u003dtrue\nTry out Kotlin/Wasm incremental compilation and share your feedback. Your insights will help make this feature Stable and enabled by default sooner.\n","pageTitle":"Support for incremental compilation","metaDescription":"","type":"Documentation","breadcrumbs":"What\u0027s new in Kotlin///Earlier versions","root":0,"depth":2}