{"objectID":"_whatsnew_eap.html#","parent":"_whatsnew_eap.html#ide_support","pageViews":0,"url":"https://kotlinlang.org/docs/whatsnew-eap.html","mainTitle":"What\u0027s new in Kotlin 2.2.0-RC3","product":"","headings":"What\u0027s new in Kotlin 2.2.0-RC3","content":"Released: June 16, 2025\nThis document doesn\u0027t cover all of the features of the Early Access Preview (EAP) release, but it highlights some major improvements.\nSee the full list of changes in the GitHub changelog.\nThe Kotlin 2.2.0-RC3 release is out! Here are some details of this EAP release:\n- Language: preview of context parameters\n- Kotlin compiler: unified management of compiler warnings\n- Kotlin/JVM: changes to default method generation for interface functions\n- Gradle: integration of Problems API within KGP diagnostics and KGP compatibility with \u0027--warning-mode\u0027\n","pageTitle":"What\u0027s new in Kotlin 2.2.0-RC3","metaDescription":"","type":"Documentation","breadcrumbs":"What\u0027s new in Kotlin","root":0,"depth":1}