{"objectID":"_whatsnew20.html#gradle_improvements","parent":"_whatsnew20.html#ide_support","pageViews":0,"url":"https://kotlinlang.org/docs/whatsnew20.html#gradle-improvements","mainTitle":"What\u0027s new in Kotlin 2.0.0","product":"","headings":"What\u0027s new in Kotlin 2.0.0,Gradle improvements","content":"Kotlin 2.0.0 is fully compatible with Gradle 6.8.3 through 8.5. You can also use Gradle versions up to the latest Gradle release, but if you do, keep in mind that you might encounter deprecation warnings or some new Gradle features might not work.\nThis version brings the following changes:\n- New Gradle DSL for compiler options in multiplatform projects\n- New Compose compiler Gradle plugin\n- New attribute to distinguish JVM and Android published libraries\n- Improved Gradle dependency handling for CInteropProcess in Kotlin/Native\n- Visibility changes in Gradle\n- New directory for Kotlin data in Gradle projects\n- Kotlin/Native compiler downloaded when needed\n- Deprecating old ways of defining compiler options\n- Bumped minimum AGP supported version\n- New Gradle property for trying the latest language version\n- New JSON output format for build reports\n- kapt configurations inherit annotation processors from superconfigurations\n- Kotlin Gradle plugin no longer uses deprecated Gradle conventions\n","pageTitle":"Gradle improvements","metaDescription":"","type":"Documentation","breadcrumbs":"What\u0027s new in Kotlin///Earlier versions","root":0,"depth":2}