{"objectID":"_whatsnew2020.html#support_for_minlength_in_hexformat","parent":"_whatsnew2020.html#ide_support","pageViews":0,"url":"https://kotlinlang.org/docs/whatsnew2020.html#support-for-minlength-in-hexformat","mainTitle":"What\u0027s new in Kotlin 2.0.20","product":"","headings":"What\u0027s new in Kotlin 2.0.20,Support for minLength in HexFormat","content":"The HexFormat class and its properties are Experimental. To opt in, use the @OptIn(ExperimentalStdlibApi::class) annotation or the compiler option -opt-in\u003dkotlin.ExperimentalStdlibApi.\nKotlin 2.0.20 adds a new minLength property to the NumberHexFormat class, accessed through HexFormat.number. This property lets you specify the minimum number of digits in hexadecimal representations of numeric values, enabling padding with zeros to meet the required length. Additionally, leading zeros can be trimmed using the removeLeadingZeros property:\nfun main() {\n    println(93.toHexString(HexFormat {\n        number.minLength \u003d 4\n        number.removeLeadingZeros \u003d true\n    }))\n    // \"005d\"\n}\nThe minLength property does not affect parsing. However, parsing now allows hex strings to have more digits than the type\u0027s width if the extra leading digits are zeros.\n","pageTitle":"Support for minLength in HexFormat","metaDescription":"","type":"Documentation","breadcrumbs":"What\u0027s new in Kotlin///Earlier versions","root":0,"depth":2}