{"objectID":"_whatsnew18.html#removal_of_the_old_backend","parent":"_whatsnew18.html#ide_support","pageViews":0,"url":"https://kotlinlang.org/docs/whatsnew18.html#removal-of-the-old-backend","mainTitle":"What\u0027s new in Kotlin 1.8.0","product":"","headings":"What\u0027s new in Kotlin 1.8.0,Removal of the old backend","content":"In Kotlin 1.5.0, we announced that the IR-based backend became Stable. That meant that the old backend from Kotlin 1.4.* was deprecated. In Kotlin 1.8.0, we\u0027ve removed the old backend completely. By extension, we\u0027ve removed the compiler option -Xuse-old-backend and the Gradle useOldBackend option.\n","pageTitle":"Removal of the old backend","metaDescription":"","type":"Documentation","breadcrumbs":"What\u0027s new in Kotlin///Earlier versions","root":0,"depth":2}