{"objectID":"_whatsnew1920.html#enable_k2_in_gradle","parent":"_whatsnew1920.html#ide_support","pageViews":0,"url":"https://kotlinlang.org/docs/whatsnew1920.html#enable-k2-in-gradle","mainTitle":"What\u0027s new in Kotlin 1.9.20","product":"","headings":"What\u0027s new in Kotlin 1.9.20,Enable K2 in Gradle","content":"To enable and test the Kotlin K2 compiler, use the new language version with the following compiler option:\n-language-version 2.0\nYou can specify it in your build.gradle.kts file:\nkotlin {\n    sourceSets.all {\n        languageSettings {\n            languageVersion \u003d \"2.0\"\n        }\n    }\n}\n","pageTitle":"Enable K2 in Gradle","metaDescription":"","type":"Documentation","breadcrumbs":"What\u0027s new in Kotlin///Earlier versions","root":0,"depth":2}