{"objectID":"_whatsnew19.html#no_object_initialization_when_accessing_constant_values_in_kotlin_native","parent":"_whatsnew19.html#ide_support","pageViews":0,"url":"https://kotlinlang.org/docs/whatsnew19.html#no-object-initialization-when-accessing-constant-values-in-kotlin-native","mainTitle":"What\u0027s new in Kotlin 1.9.0","product":"","headings":"What\u0027s new in Kotlin 1.9.0,No object initialization when accessing constant values in Kotlin/Native","content":"Starting with Kotlin 1.9.0, the Kotlin/Native backend doesn\u0027t initialize objects when accessing const val fields:\nobject MyObject {\n    init {\n        println(\"side effect!\")\n    }\n\n    const val y \u003d 1\n}\n\nfun main() {\n    println(MyObject.y) // No initialization at first\n    val x \u003d MyObject    // Initialization occurs\n    println(x.y)\n}\nThe behavior is now unified with Kotlin/JVM, where the implementation is consistent with Java and objects are never initialized in this case. You can also expect some performance improvements in your Kotlin/Native projects thanks to this change.\n","pageTitle":"No object initialization when accessing constant values in Kotlin/Native","metaDescription":"","type":"Documentation","breadcrumbs":"What\u0027s new in Kotlin///Earlier versions","root":0,"depth":2}