{"objectID":"_whatsnew_eap.html#kotlin_jvm_support_invokedynamic_with_when_expressions","parent":"_whatsnew_eap.html#ide_support","pageViews":0,"url":"https://kotlinlang.org/docs/whatsnew-eap.html#kotlin-jvm-support-invokedynamic-with-when-expressions","mainTitle":"What\u0027s new in Kotlin 2.2.20-Beta2","product":"","headings":"What\u0027s new in Kotlin 2.2.20-Beta2,Kotlin/JVM: support invokedynamic with when expressions","content":"In Kotlin 2.2.20-Beta2, you can now compile when expressions with invokedynamic. Previously, when expressions with multiple type checks compiled to a long chain of instanceof checks in the bytecode.\nNow you can use invokedynamic with when expressions to generate smaller bytecode, similar to the bytecode produced by Java switch statements, when the following conditions are met:\n- All conditions except for else are is or null checks.\n- The expression doesn\u0027t contain guard conditions (if).\n- The conditions don\u0027t include types that can\u0027t be type-checked directly, such as mutable Kotlin collections (MutableList) or function types (kotlin.Function1, kotlin.Function2, and so on).\n- There are at least two conditions besides else.\n- All branches check the same subject of the when expression.\nFor example:\nopen class Example\n\nclass A : Example()\nclass B : Example()\nclass C : Example()\n\nfun test(e: Example) \u003d when (e) {\n    // Uses invokedynamic with SwitchBootstraps.typeSwitch\n    is A -\u0026gt; 1\n    is B -\u0026gt; 2\n    is C -\u0026gt; 3\n    else -\u0026gt; 0\n}\nWith the new feature enabled, the when expression in this example compiles to a single invokedynamic type switch instead of multiple instanceof checks.\nTo enable this feature, compile your Kotlin code with JVM target 21 or above and add the following compiler option:\n-Xwhen-expressions\u003dindy\nOr add it to the compilerOptions {} block of your build.gradle(.kts) file:\nkotlin {\n    compilerOptions {\n        freeCompilerArgs.add(\"-Xwhen-expressions\u003dindy\")\n    }\n}\nThis feature is Experimental. If you have any feedback or questions, share them in YouTrack.\n","pageTitle":"Kotlin/JVM: support invokedynamic with when expressions","metaDescription":"","type":"Documentation","breadcrumbs":"What\u0027s new in Kotlin","root":0,"depth":1}