{"objectID":"_whatsnew2120.html#custom_formatters_enabled_by_default","parent":"_whatsnew2120.html#ide_support","pageViews":0,"url":"https://kotlinlang.org/docs/whatsnew2120.html#custom-formatters-enabled-by-default","mainTitle":"What\u0027s new in Kotlin 2.1.20","product":"","headings":"What\u0027s new in Kotlin 2.1.20,Custom formatters enabled by default","content":"Before, you had to manually configure custom formatters to improve debugging in web browsers when working with Kotlin/Wasm code.\nIn this release, custom formatters are enabled by default in development builds, so you don\u0027t need additional Gradle configurations.\nTo use this feature, you only need to ensure that custom formatters are enabled in your browser\u0027s developer tools:\n- In Chrome DevTools, find the custom formatters checkbox in Settings | Preferences | Console:\nEnable custom formatters in Chrome - In Firefox DevTools, find the custom formatters checkbox in Settings | Advanced settings:\nEnable custom formatters in Firefox This change primarily affects Kotlin/Wasm development builds. If you have specific requirements for production builds, you need to adjust your Gradle configuration accordingly. To do so, add the following compiler option to the wasmJs {} block:\n// build.gradle.kts\nkotlin {\n    wasmJs {\n        // ...\n\n        compilerOptions {\n            freeCompilerArgs.add(\"-Xwasm-debugger-custom-formatters\")\n        }\n    }\n}\n","pageTitle":"Custom formatters enabled by default","metaDescription":"","type":"Documentation","breadcrumbs":"What\u0027s new in Kotlin///Earlier versions","root":0,"depth":2}