{"objectID":"_whatsnew1920.html#incremental_compilation_of_klib_artifacts","parent":"_whatsnew1920.html#ide_support","pageViews":0,"url":"https://kotlinlang.org/docs/whatsnew1920.html#incremental-compilation-of-klib-artifacts","mainTitle":"What\u0027s new in Kotlin 1.9.20","product":"","headings":"What\u0027s new in Kotlin 1.9.20,Incremental compilation of klib artifacts","content":"This feature is Experimental. It may be dropped or changed at any time. Opt-in is required (see details below). Use it only for evaluation purposes. We would appreciate your feedback on it in YouTrack.\nKotlin 1.9.20 introduces a new compilation time optimization for Kotlin/Native. The compilation of klib artifacts into native code is now partially incremental.\nWhen compiling Kotlin source code into native binary in debug mode, the compilation goes through two stages:\n2. Source code is compiled into klib artifacts.\n4. klib artifacts, along with dependencies, are compiled into a binary.\nTo optimize the compilation time in the second stage, the team has already implemented compiler caches for dependencies. They are compiled into native code only once, and the result is reused every time a binary is compiled. But klib artifacts built from project sources were always fully recompiled into native code at every project change.\nWith the new incremental compilation, if the project module change causes only a partial recompilation of source code into klib artifacts, just a part of the klib is further recompiled into a binary.\nTo enable incremental compilation, add the following option to your gradle.properties file:\nkotlin.incremental.native\u003dtrue\nIf you face any issues, report such cases to YouTrack.\n","pageTitle":"Incremental compilation of klib artifacts","metaDescription":"","type":"Documentation","breadcrumbs":"What\u0027s new in Kotlin///Earlier versions","root":0,"depth":2}