{"objectID":"_whatsnew15.html#floored_division_and_the_mod_operator","parent":"_whatsnew15.html#language_features","pageViews":0,"url":"https://kotlinlang.org/docs/whatsnew15.html#floored-division-and-the-mod-operator","mainTitle":"What\u0027s new in Kotlin 1.5.0","product":"","headings":"What\u0027s new in Kotlin 1.5.0,Floored division and the mod operator","content":"New operations for modular arithmetics have been added to the standard library:\n- floorDiv() returns the result of floored division. It is available for integer types.\n- mod() returns the remainder of floored division (modulus). It is available for all numeric types.\nThese operations look quite similar to the existing division of integers and rem() function (or the %operator), but they work differently on negative numbers:\n- a.floorDiv(b) differs from a regular / in that floorDiv rounds the result down (towards the lesser integer), whereas / truncates the result to the integer closer to 0.\n- a.mod(b) is the difference between a and a.floorDiv(b) * b. It\u0027s either zero or has the same sign as b, while a % b can have a different one.\nfun main() {\n//sampleStart\n    println(\"Floored division -5/3: ${(-5).floorDiv(3)}\")\n    println( \"Modulus: ${(-5).mod(3)}\")\n    \n    println(\"Truncated division -5/3: ${-5 / 3}\")\n    println( \"Remainder: ${-5 % 3}\")\n//sampleEnd    \n}\n","pageTitle":"Floored division and the mod operator","metaDescription":"","type":"Documentation","breadcrumbs":"What\u0027s new in Kotlin///Earlier versions","root":0,"depth":2}