{"objectID":"_whatsnew1920.html#replacement_of_the_enum_class_values_generic_function","parent":"_whatsnew1920.html#ide_support","pageViews":0,"url":"https://kotlinlang.org/docs/whatsnew1920.html#replacement-of-the-enum-class-values-generic-function","mainTitle":"What\u0027s new in Kotlin 1.9.20","product":"","headings":"What\u0027s new in Kotlin 1.9.20,Replacement of the Enum class values generic function","content":"This feature is Experimental. It may be dropped or changed at any time. Opt-in is required (see details below). Use it only for evaluation purposes. We would appreciate your feedback on it in YouTrack.\nIn Kotlin 1.9.0, the entries property for enum classes became Stable. The entries property is a modern and performant replacement for the synthetic values() function. As part of Kotlin 1.9.20, there is a replacement for the generic enumValues\u0026lt;T\u0026gt;() function: enumEntries\u0026lt;T\u0026gt;().\nThe enumValues\u0026lt;T\u0026gt;() function is still supported, but we recommend that you use the enumEntries\u0026lt;T\u0026gt;() function instead because it has less performance impact. Every time you call enumValues\u0026lt;T\u0026gt;(), a new array is created, whereas whenever you call enumEntries\u0026lt;T\u0026gt;(), the same list is returned each time, which is far more efficient.\nFor example:\nenum class RGB { RED, GREEN, BLUE }\n\n@OptIn(ExperimentalStdlibApi::class)\ninline fun \u0026lt;reified T : Enum\u0026lt;T\u0026gt;\u0026gt; printAllValues() {\n    print(enumEntries\u0026lt;T\u0026gt;().joinToString { it.name })\n}\n\nprintAllValues\u0026lt;RGB\u0026gt;()\n// RED, GREEN, BLUE\n","pageTitle":"Replacement of the Enum class values generic function","metaDescription":"","type":"Documentation","breadcrumbs":"What\u0027s new in Kotlin///Earlier versions","root":0,"depth":2}