{"objectID":"_whatsnew20.html#how_to_enable_the_kotlin_k2_compiler","parent":"_whatsnew20.html#ide_support","pageViews":0,"url":"https://kotlinlang.org/docs/whatsnew20.html#how-to-enable-the-kotlin-k2-compiler","mainTitle":"What\u0027s new in Kotlin 2.0.0","product":"","headings":"What\u0027s new in Kotlin 2.0.0,How to enable the Kotlin K2 compiler","content":"Starting with Kotlin 2.0.0, the Kotlin K2 compiler is enabled by default. No additional actions are required.\n","pageTitle":"How to enable the Kotlin K2 compiler","metaDescription":"","type":"Documentation","breadcrumbs":"What\u0027s new in Kotlin///Earlier versions","root":0,"depth":2}