{"objectID":"_whatsnew19.html#leave_feedback","parent":"_whatsnew19.html#ide_support","pageViews":0,"url":"https://kotlinlang.org/docs/whatsnew19.html#leave-feedback","mainTitle":"What\u0027s new in Kotlin 1.9.0","product":"","headings":"What\u0027s new in Kotlin 1.9.0,Leave feedback","content":"We would appreciate your feedback in YouTrack to improve the custom allocator.\n","pageTitle":"Leave feedback","metaDescription":"","type":"Documentation","breadcrumbs":"What\u0027s new in Kotlin///Earlier versions","root":0,"depth":2}