{"objectID":"_whatsnew20.html#kotlin_js","parent":"_whatsnew20.html#ide_support","pageViews":0,"url":"https://kotlinlang.org/docs/whatsnew20.html#kotlin-js","mainTitle":"What\u0027s new in Kotlin 2.0.0","product":"","headings":"What\u0027s new in Kotlin 2.0.0,Kotlin/JS","content":"Among other changes, this version brings modern JS compilation to Kotlin, supporting more features from the ES2015 standard:\n- New compilation target\n- Suspend functions as ES2015 generators\n- Passing arguments to the main function\n- Per-file compilation for Kotlin/JS projects\n- Improved collection interoperability\n- Support for createInstance()\n- Support for type-safe plain JavaScript objects\n- Support for npm package manager\n- Changes to compilation tasks\n- Discontinuing legacy Kotlin/JS JAR artifacts\n","pageTitle":"Kotlin/JS","metaDescription":"","type":"Documentation","breadcrumbs":"What\u0027s new in Kotlin///Earlier versions","root":0,"depth":2}