{"objectID":"_whatsnew14.html#function_references_in_unit_returning_functions","parent":"_whatsnew14.html#language_features_and_improvements","pageViews":0,"url":"https://kotlinlang.org/docs/whatsnew14.html#function-references-in-unit-returning-functions","mainTitle":"What\u0027s new in Kotlin 1.4.0","product":"","headings":"What\u0027s new in Kotlin 1.4.0,Function references in Unit-returning functions","content":"In Kotlin 1.4, you can use callable references to functions returning any type in Unit-returning functions. Before Kotlin 1.4, you could only use lambda arguments in this case. Now you can use both lambda arguments and callable references.\nfun foo(f: () -\u0026gt; Unit) { }\nfun returnsInt(): Int \u003d 42\n\nfun main() {\n    foo { returnsInt() } // this was the only way to do it  before 1.4\n    foo(::returnsInt) // starting from 1.4, this also works\n}\n","pageTitle":"Function references in Unit-returning functions","metaDescription":"","type":"Documentation","breadcrumbs":"What\u0027s new in Kotlin///Earlier versions","root":0,"depth":2}