{"objectID":"_whatsnew16.html#improved_type_inference_for_recursive_generic_types","parent":"_whatsnew16.html#language","pageViews":0,"url":"https://kotlinlang.org/docs/whatsnew16.html#improved-type-inference-for-recursive-generic-types","mainTitle":"What\u0027s new in Kotlin 1.6.0","product":"","headings":"What\u0027s new in Kotlin 1.6.0,Improved type inference for recursive generic types","content":"Kotlin 1.5.30 introduced an improvement to type inference for recursive generic types, which allowed their type arguments to be inferred based only on the upper bounds of the corresponding type parameters. The improvement was available with the compiler option. In version 1.6.0 and later, it is enabled by default.\n// Before 1.5.30\nval containerA \u003d PostgreSQLContainer\u0026lt;Nothing\u0026gt;(DockerImageName.parse(\"postgres:13-alpine\")).apply {\n  withDatabaseName(\"db\")\n  withUsername(\"user\")\n  withPassword(\"password\")\n  withInitScript(\"sql/schema.sql\")\n}\n\n// With compiler option in 1.5.30 or by default starting with 1.6.0\nval containerB \u003d PostgreSQLContainer(DockerImageName.parse(\"postgres:13-alpine\"))\n  .withDatabaseName(\"db\")\n  .withUsername(\"user\")\n  .withPassword(\"password\")\n  .withInitScript(\"sql/schema.sql\")\n","pageTitle":"Improved type inference for recursive generic types","metaDescription":"","type":"Documentation","breadcrumbs":"What\u0027s new in Kotlin///Earlier versions","root":0,"depth":2}