{"objectID":"_whatsnew21.html#dropped_support_for_declaring_multiple_targets_of_the_same_type","parent":"_whatsnew21.html#ide_support","pageViews":0,"url":"https://kotlinlang.org/docs/whatsnew21.html#dropped-support-for-declaring-multiple-targets-of-the-same-type","mainTitle":"What\u0027s new in Kotlin 2.1.0","product":"","headings":"What\u0027s new in Kotlin 2.1.0,Dropped support for declaring multiple targets of the same type","content":"Before Kotlin 2.1.0, you could declare multiple targets of the same type in your multiplatform projects. However, this made it challenging to distinguish between targets and to support shared source sets effectively. In most cases, a simpler setup, such as using separate Gradle projects, works better. For detailed guidance and an example of how to migrate, see Declaring several similar targets in the Kotlin Multiplatform compatibility guide.\nKotlin 1.9.20 triggered a deprecation warning if you declared multiple targets of the same type in your multiplatform projects. In Kotlin 2.1.0, this deprecation warning is now an error for all targets except Kotlin/JS ones. To learn more about why Kotlin/JS targets are exempt, see this issue in YouTrack.\n","pageTitle":"Dropped support for declaring multiple targets of the same type","metaDescription":"","type":"Documentation","breadcrumbs":"What\u0027s new in Kotlin///Earlier versions","root":0,"depth":2}