{"objectID":"_whatsnew_eap.html#language","parent":"_whatsnew_eap.html#ide_support","pageViews":0,"url":"https://kotlinlang.org/docs/whatsnew-eap.html#language","mainTitle":"What\u0027s new in Kotlin 2.2.20-Beta2","product":"","headings":"What\u0027s new in Kotlin 2.2.20-Beta2,Language","content":"In Kotlin 2.2.20-Beta2, you can try out upcoming language features planned for Kotlin 2.3.0, including improved overload resolution when passing lambdas to overloads with suspend function types and support for return statements in expression bodies with explicit return types.\n","pageTitle":"Language","metaDescription":"","type":"Documentation","breadcrumbs":"What\u0027s new in Kotlin","root":0,"depth":1}