{"objectID":"_whatsnew17.html#new_compiler_option_xjdk_release","parent":"_whatsnew17.html#new_kotlin_k2_compiler_for_the_jvm_in_alpha","pageViews":0,"url":"https://kotlinlang.org/docs/whatsnew17.html#new-compiler-option-xjdk-release","mainTitle":"What\u0027s new in Kotlin 1.7.0","product":"","headings":"What\u0027s new in Kotlin 1.7.0,New compiler option: -Xjdk-release","content":"Kotlin 1.7.0 presents a new compiler option, -Xjdk-release. This option is similar to the javac\u0027s command-line --release option. The -Xjdk-release option controls the target bytecode version and limits the API of the JDK in the classpath to the specified Java version. For example, kotlinc -Xjdk-release\u003d1.8 won\u0027t allow referencing java.lang.Module even if the JDK in the dependencies is version 9 or higher.\nThis option is not guaranteed to be effective for each JDK distribution.\nPlease leave your feedback on this YouTrack ticket.\n","pageTitle":"New compiler option: -Xjdk-release","metaDescription":"","type":"Documentation","breadcrumbs":"What\u0027s new in Kotlin///Earlier versions","root":0,"depth":2}