{"objectID":"_whatsnew1620.html#support_for_parallel_compilation_of_a_single_module_in_the_jvm_backend","parent":"_whatsnew1620.html#language","pageViews":0,"url":"https://kotlinlang.org/docs/whatsnew1620.html#support-for-parallel-compilation-of-a-single-module-in-the-jvm-backend","mainTitle":"What\u0027s new in Kotlin 1.6.20","product":"","headings":"What\u0027s new in Kotlin 1.6.20,Support for parallel compilation of a single module in the JVM backend","content":"Support for parallel compilation of a single module in the JVM backend is Experimental. It may be dropped or changed at any time. Opt-in is required (see details below), and you should use it only for evaluation purposes. We would appreciate your feedback on it in YouTrack.\nWe are continuing our work to improve the new JVM IR backend compilation time. In Kotlin 1.6.20, we added the experimental JVM IR backend mode to compile all the files in a module in parallel. Parallel compilation can reduce the total compilation time by up to 15%.\nEnable the experimental parallel backend mode with the compiler option -Xbackend-threads. Use the following arguments for this option:\n- N is the number of threads you want to use. It should not be greater than your number of CPU cores; otherwise, parallelization stops being effective because of switching context between threads\n- 0 to use a separate thread for each CPU core\nGradle can run tasks in parallel, but this type of parallelization doesn\u0027t help a lot when a project (or a major part of a project) is just one big task from Gradle\u0027s perspective. If you have a very big monolithic module, use parallel compilation to compile more quickly. If your project consists of lots of small modules and has a build parallelized by Gradle, adding another layer of parallelization may hurt performance because of context switching.\nParallel compilation has some constraints:\n- It doesn\u0027t work with kapt because kapt disables the IR backend\n- It requires more JVM heap by design. The amount of heap is proportional to the number of threads\n","pageTitle":"Support for parallel compilation of a single module in the JVM backend","metaDescription":"","type":"Documentation","breadcrumbs":"What\u0027s new in Kotlin///Earlier versions","root":0,"depth":2}