{"objectID":"_whatsnew18.html#documentation_updates","parent":"_whatsnew18.html#ide_support","pageViews":0,"url":"https://kotlinlang.org/docs/whatsnew18.html#documentation-updates","mainTitle":"What\u0027s new in Kotlin 1.8.0","product":"","headings":"What\u0027s new in Kotlin 1.8.0,Documentation updates","content":"The Kotlin documentation has received some notable changes:\n","pageTitle":"Documentation updates","metaDescription":"","type":"Documentation","breadcrumbs":"What\u0027s new in Kotlin///Earlier versions","root":0,"depth":2}