{"objectID":"_whatsnew15.html#lambdas_via_invokedynamic","parent":"_whatsnew15.html#language_features","pageViews":0,"url":"https://kotlinlang.org/docs/whatsnew15.html#lambdas-via-invokedynamic","mainTitle":"What\u0027s new in Kotlin 1.5.0","product":"","headings":"What\u0027s new in Kotlin 1.5.0,Lambdas via invokedynamic","content":"Compiling plain Kotlin lambdas into invokedynamic is Experimental. It may be dropped or changed at any time. Opt-in is required (see details below), and you should use it only for evaluation purposes. We would appreciate hearing your feedback on it in YouTrack.\nKotlin 1.5.0 is introducing experimental support for compiling plain Kotlin lambdas (which are not converted to an instance of a functional interface) into dynamic invocations (invokedynamic). The implementation produces lighter binaries by using LambdaMetafactory.metafactory(), which effectively generates the necessary classes at runtime. Currently, it has three limitations compared to ordinary lambda compilation:\n- A lambda compiled into invokedynamic is not serializable.\n- Calling toString() on such a lambda produces a less readable string representation.\n- Experimental reflect API does not support lambdas created with LambdaMetafactory.\nTo try this feature, add the -Xlambdas\u003dindy compiler option. We would be grateful if you could share your feedback on it using this YouTrack ticket.\nLearn how to add compiler options in Gradle, Maven, and command-line compiler.\n","pageTitle":"Lambdas via invokedynamic","metaDescription":"","type":"Documentation","breadcrumbs":"What\u0027s new in Kotlin///Earlier versions","root":0,"depth":2}