{"objectID":"_whatsnew20.html#kapt_configurations_inherit_annotation_processors_from_superconfigurations","parent":"_whatsnew20.html#ide_support","pageViews":0,"url":"https://kotlinlang.org/docs/whatsnew20.html#kapt-configurations-inherit-annotation-processors-from-superconfigurations","mainTitle":"What\u0027s new in Kotlin 2.0.0","product":"","headings":"What\u0027s new in Kotlin 2.0.0,kapt configurations inherit annotation processors from superconfigurations","content":"Prior to Kotlin 2.0.0, if you wanted to define a common set of annotation processors in a separate Gradle configuration and extend this configuration in kapt-specific configurations for your subprojects, kapt would skip annotation processing because it couldn\u0027t find any annotation processors. In Kotlin 2.0.0, kapt can successfully detect that there are indirect dependencies on your annotation processors.\nAs an example, for a subproject using Dagger, in your build.gradle(.kts) file, use the following configuration:\nval commonAnnotationProcessors by configurations.creating\nconfigurations.named(\"kapt\") { extendsFrom(commonAnnotationProcessors) }\n\ndependencies {\n    implementation(\"com.google.dagger:dagger:2.48.1\")\n    commonAnnotationProcessors(\"com.google.dagger:dagger-compiler:2.48.1\")\n}\nIn this example, the commonAnnotationProcessors Gradle configuration is your common configuration for annotation processing that you want to be used for all your projects. You use the extendsFrom() method to add commonAnnotationProcessors as a superconfiguration. kapt sees that the commonAnnotationProcessors Gradle configuration has a dependency on the Dagger annotation processor. Therefore, kapt includes the Dagger annotation processor in its configuration for annotation processing.\nThanks to Christoph Loy for the implementation!\n","pageTitle":"kapt configurations inherit annotation processors from superconfigurations","metaDescription":"","type":"Documentation","breadcrumbs":"What\u0027s new in Kotlin///Earlier versions","root":0,"depth":2}