{"objectID":"_whatsnew20.html#standard_library","parent":"_whatsnew20.html#ide_support","pageViews":0,"url":"https://kotlinlang.org/docs/whatsnew20.html#standard-library","mainTitle":"What\u0027s new in Kotlin 2.0.0","product":"","headings":"What\u0027s new in Kotlin 2.0.0,Standard library","content":"This release brings further stability to the Kotlin standard library and makes even more existing functions common for all platforms:\n- Stable replacement of the enum class values generic function\n- Stable AutoCloseable interface\n- Common protected property AbstractMutableList.modCount\n- Common protected function AbstractMutableList.removeRange\n- Common String.toCharArray(destination)\n","pageTitle":"Standard library","metaDescription":"","type":"Documentation","breadcrumbs":"What\u0027s new in Kotlin///Earlier versions","root":0,"depth":2}