{"objectID":"_whatsnew19.html#new_path_utility_to_create_parent_directories","parent":"_whatsnew19.html#ide_support","pageViews":0,"url":"https://kotlinlang.org/docs/whatsnew19.html#new-path-utility-to-create-parent-directories","mainTitle":"What\u0027s new in Kotlin 1.9.0","product":"","headings":"What\u0027s new in Kotlin 1.9.0,New path utility to create parent directories","content":"In 1.9.0 there is a new createParentDirectories() extension function that you can use to create a new file with all the necessary parent directories. When you provide a file path to createParentDirectories() it checks whether the parent directories already exist. If they do, it does nothing. However, if they do not, it creates them for you.\ncreateParentDirectories() is particularly useful when you are copying files. For example, you can use it in combination with the copyToRecursively() function:\nsourcePath.copyToRecursively(\n   destinationPath.createParentDirectories(), \n   followLinks \u003d false\n)\n","pageTitle":"New path utility to create parent directories","metaDescription":"","type":"Documentation","breadcrumbs":"What\u0027s new in Kotlin///Earlier versions","root":0,"depth":2}