{"objectID":"_whatsnew1720.html#new_openendrange_t_interface","parent":"_whatsnew1720.html#support_for_kotlin_k2_compiler_plugins","pageViews":0,"url":"https://kotlinlang.org/docs/whatsnew1720.html#new-openendrange-t-interface","mainTitle":"What\u0027s new in Kotlin 1.7.20","product":"","headings":"What\u0027s new in Kotlin 1.7.20,New OpenEndRange\u0026lt;T\u0026gt; interface","content":"The new interface to represent open-ended ranges is very similar to the existing ClosedRange\u0026lt;T\u0026gt; interface:\ninterface OpenEndRange\u0026lt;T : Comparable\u0026lt;T\u0026gt;\u0026gt; {\n    // Lower bound\n    val start: T\n    // Upper bound, not included in the range\n    val endExclusive: T\n    operator fun contains(value: T): Boolean \u003d value \u0026gt;\u003d start \u0026\u0026 value \u0026lt; endExclusive\n    fun isEmpty(): Boolean \u003d start \u0026gt;\u003d endExclusive\n}\n","pageTitle":"New OpenEndRange\u0026lt;T\u0026gt; interface","metaDescription":"","type":"Documentation","breadcrumbs":"What\u0027s new in Kotlin///Earlier versions","root":0,"depth":2}