{"objectID":"_whatsnew14.html#minimum_gradle_version_for_kotlin_projects","parent":"_whatsnew14.html#language_features_and_improvements","pageViews":0,"url":"https://kotlinlang.org/docs/whatsnew14.html#minimum-gradle-version-for-kotlin-projects","mainTitle":"What\u0027s new in Kotlin 1.4.0","product":"","headings":"What\u0027s new in Kotlin 1.4.0,Minimum Gradle version for Kotlin projects","content":"To enjoy the new features in your Kotlin projects, update Gradle to the latest version. Multiplatform projects require Gradle 6.0 or later, while other Kotlin projects work with Gradle 5.4 or later.\n","pageTitle":"Minimum Gradle version for Kotlin projects","metaDescription":"","type":"Documentation","breadcrumbs":"What\u0027s new in Kotlin///Earlier versions","root":0,"depth":2}