{"objectID":"_whatsnew14.html#","parent":"_whatsnew14.html#language_features_and_improvements","pageViews":0,"url":"https://kotlinlang.org/docs/whatsnew14.html","mainTitle":"What\u0027s new in Kotlin 1.4.0","product":"","headings":"What\u0027s new in Kotlin 1.4.0","content":"Released: 17 August 2020\nIn Kotlin 1.4.0, we ship a number of improvements in all of its components, with the focus on quality and performance. Below you will find the list of the most important changes in Kotlin 1.4.0.\n","pageTitle":"What\u0027s new in Kotlin 1.4.0","metaDescription":"","type":"Documentation","breadcrumbs":"What\u0027s new in Kotlin///Earlier versions","root":0,"depth":2}