{"objectID":"_whatsnew1620.html#prototype_of_context_receivers_for_kotlin_jvm","parent":"_whatsnew1620.html#language","pageViews":0,"url":"https://kotlinlang.org/docs/whatsnew1620.html#prototype-of-context-receivers-for-kotlin-jvm","mainTitle":"What\u0027s new in Kotlin 1.6.20","product":"","headings":"What\u0027s new in Kotlin 1.6.20,Prototype of context receivers for Kotlin/JVM","content":"The feature is a prototype available only for Kotlin/JVM. With -Xcontext-receivers enabled, the compiler will produce pre-release binaries that cannot be used in production code. Use context receivers only in your toy projects. We appreciate your feedback in YouTrack.\nWith Kotlin 1.6.20, you are no longer limited to having one receiver. If you need more, you can make functions, properties, and classes context-dependent (or contextual) by adding context receivers to their declaration. A contextual declaration does the following:\n- It requires all declared context receivers to be present in a caller\u0027s scope as implicit receivers.\n- It brings declared context receivers into its body scope as implicit receivers.\ninterface LoggingContext {\n    val log: Logger // This context provides a reference to a logger \n}\n\ncontext(LoggingContext)\nfun startBusinessOperation() {\n    // You can access the log property since LoggingContext is an implicit receiver\n    log.info(\"Operation has started\")\n}\n\nfun test(loggingContext: LoggingContext) {\n    with(loggingContext) {\n        // You need to have LoggingContext in a scope as an implicit receiver\n        // to call startBusinessOperation()\n        startBusinessOperation()\n    }\n}\nTo enable context receivers in your project, use the -Xcontext-receivers compiler option. You can find a detailed description of the feature and its syntax in the KEEP.\nPlease note that the implementation is a prototype:\n- With -Xcontext-receivers enabled, the compiler will produce pre-release binaries that cannot be used in production code\n- The IDE support for context receivers is minimal for now\nTry the feature in your toy projects and share your thoughts and experience with us in this YouTrack issue. If you run into any problems, please file a new issue.\n","pageTitle":"Prototype of context receivers for Kotlin/JVM","metaDescription":"","type":"Documentation","breadcrumbs":"What\u0027s new in Kotlin///Earlier versions","root":0,"depth":2}