{"objectID":"_whatsnew16.html#changes_for_replace_and_replacefirst_in_js","parent":"_whatsnew16.html#language","pageViews":0,"url":"https://kotlinlang.org/docs/whatsnew16.html#changes-for-replace-and-replacefirst-in-js","mainTitle":"What\u0027s new in Kotlin 1.6.0","product":"","headings":"What\u0027s new in Kotlin 1.6.0,Changes for replace() and replaceFirst() in JS","content":"Before Kotlin 1.6.0, the replace() and replaceFirst() Regex functions behaved differently in Java and JS when the replacement string contained a group reference. To make the behavior consistent across all target platforms, we\u0027ve changed their implementation in JS.\nOccurrences of ${name} or $index in the replacement string are substituted with the subsequences corresponding to the captured groups with the specified index or a name:\n- $index – the first digit after \u0027$\u0027 is always treated as a part of the group reference. Subsequent digits are incorporated into the index only if they form a valid group reference.Only digits \u00270\u0027–\u00279\u0027 are considered potential components of the group reference. Note that indexes of captured groups start from \u00271\u0027. The group with index \u00270\u0027 stands for the whole match.\n- ${name} – the name can consist of Latin letters \u0027a\u0027–\u0027z\u0027, \u0027A\u0027–\u0027Z\u0027, or digits \u00270\u0027–\u00279\u0027. The first character must be a letter.\nNamed groups in replacement patterns are currently supported only on the JVM.\n- To include the succeeding character as a literal in the replacement string, use the backslash character \\:\nfun main() {\n//sampleStart\n    println(Regex(\"(.+)\").replace(\"Kotlin\", \"\"\"\\$ $1\"\"\")) // $ Kotlin\n    println(Regex(\"(.+)\").replaceFirst(\"1.6.0\", \"\"\"\\\\ $1\"\"\")) // \\ 1.6.0\n//sampleEnd\n}\nYou can use Regex.escapeReplacement() if the replacement string has to be treated as a literal string.\n","pageTitle":"Changes for replace() and replaceFirst() in JS","metaDescription":"","type":"Documentation","breadcrumbs":"What\u0027s new in Kotlin///Earlier versions","root":0,"depth":2}