{"objectID":"_whatsnew1420.html#new_plugin_for_parcelable_implementation_generator","parent":"_whatsnew1420.html#kotlin_jvm","pageViews":0,"url":"https://kotlinlang.org/docs/whatsnew1420.html#new-plugin-for-parcelable-implementation-generator","mainTitle":"What\u0027s new in Kotlin 1.4.20","product":"","headings":"What\u0027s new in Kotlin 1.4.20,New plugin for Parcelable implementation generator","content":"The Parcelable implementation generator is now available in the new kotlin-parcelize plugin. Apply this plugin instead of kotlin-android-extensions.\nkotlin-parcelize and kotlin-android-extensions can\u0027t be applied together in one module.\nThe @Parcelize annotation is moved to the kotlinx.parcelize package.\nLearn more about Parcelable implementation generator in the Android documentation.\n","pageTitle":"New plugin for Parcelable implementation generator","metaDescription":"","type":"Documentation","breadcrumbs":"What\u0027s new in Kotlin///Earlier versions","root":0,"depth":2}