{"objectID":"_whatsnew1720.html#kotlin_native","parent":"_whatsnew1720.html#support_for_kotlin_k2_compiler_plugins","pageViews":0,"url":"https://kotlinlang.org/docs/whatsnew1720.html#kotlin-native","mainTitle":"What\u0027s new in Kotlin 1.7.20","product":"","headings":"What\u0027s new in Kotlin 1.7.20,Kotlin/Native","content":"Kotlin 1.7.20 comes with the new Kotlin/Native memory manager enabled by default and gives you the option to customize the Info.plist file:\n- The new default memory manager\n- Customizing the Info.plist file\n","pageTitle":"Kotlin/Native","metaDescription":"","type":"Documentation","breadcrumbs":"What\u0027s new in Kotlin///Earlier versions","root":0,"depth":2}