{"objectID":"_whatsnew21.html#ability_to_publish_kotlin_libraries_from_any_host","parent":"_whatsnew21.html#ide_support","pageViews":0,"url":"https://kotlinlang.org/docs/whatsnew21.html#ability-to-publish-kotlin-libraries-from-any-host","mainTitle":"What\u0027s new in Kotlin 2.1.0","product":"","headings":"What\u0027s new in Kotlin 2.1.0,Ability to publish Kotlin libraries from any host","content":"This feature is currently Experimental. Opt-in is required (see the details below), and you should use it only for evaluation purposes. We would appreciate your feedback on it in YouTrack.\nThe Kotlin compiler produces .klib artifacts for publishing Kotlin libraries. Previously, you could get the necessary artifacts from any host, except for Apple platform targets that required a Mac machine. That put a special restraint on Kotlin Multiplatform projects that targeted iOS, macOS, tvOS, and watchOS targets.\nKotlin 2.1.0 lifts this restriction, adding support for cross-compilation. Now you can use any host to produce .klib artifacts, which should greatly simplify the publishing process for Kotlin and Kotlin Multiplatform libraries.\n","pageTitle":"Ability to publish Kotlin libraries from any host","metaDescription":"","type":"Documentation","breadcrumbs":"What\u0027s new in Kotlin///Earlier versions","root":0,"depth":2}