{"objectID":"_whatsnew22.html#enable_additional_compiler_warnings","parent":"_whatsnew22.html#ide_support","pageViews":0,"url":"https://kotlinlang.org/docs/whatsnew22.html#enable-additional-compiler-warnings","mainTitle":"What\u0027s new in Kotlin 2.2.0","product":"","headings":"What\u0027s new in Kotlin 2.2.0,Enable additional compiler warnings","content":"Command Description\n-Wextra Enables all additional declaration, expression, and type compiler checks that emit warnings if true.\n-Xwarning-level\u003dDIAGNOSTIC_NAME:warning Enables only specified additional compiler checks.\n-Wextra -Xwarning-level\u003dDIAGNOSTIC_NAME:disabled Enables all additional checks except for the specified ones.\n","pageTitle":"Enable additional compiler warnings","metaDescription":"","type":"Documentation","breadcrumbs":"What\u0027s new in Kotlin","root":0,"depth":1}