{"objectID":"_whatsnew17.html#dynamically_load_javascript_modules_from_js_expressions","parent":"_whatsnew17.html#new_kotlin_k2_compiler_for_the_jvm_in_alpha","pageViews":0,"url":"https://kotlinlang.org/docs/whatsnew17.html#dynamically-load-javascript-modules-from-js-expressions","mainTitle":"What\u0027s new in Kotlin 1.7.0","product":"","headings":"What\u0027s new in Kotlin 1.7.0,Dynamically load JavaScript modules from js expressions","content":"When working with the JavaScript modules, most applications use static imports, whose use is covered with the JavaScript module integration. However, Kotlin/JS was missing a mechanism to load JavaScript modules dynamically at runtime in your applications.\nStarting with Kotlin 1.7.0, the import statement from JavaScript is supported in js blocks, allowing you to dynamically bring packages into your application at runtime:\nval myPackage \u003d js(\"import(\u0027my-package\u0027)\")\n","pageTitle":"Dynamically load JavaScript modules from js expressions","metaDescription":"","type":"Documentation","breadcrumbs":"What\u0027s new in Kotlin///Earlier versions","root":0,"depth":2}