{"objectID":"_whatsnew20.html#optimized_production_builds_by_default_using_binaryen","parent":"_whatsnew20.html#ide_support","pageViews":0,"url":"https://kotlinlang.org/docs/whatsnew20.html#optimized-production-builds-by-default-using-binaryen","mainTitle":"What\u0027s new in Kotlin 2.0.0","product":"","headings":"What\u0027s new in Kotlin 2.0.0,Optimized production builds by default using Binaryen","content":"The Kotlin/Wasm toolchain now applies the Binaryen tool during production compilation to all projects, as opposed to the previous manual setup approach. By our estimations, it should improve runtime performance and reduce the binary size for your project.\nThis change only affects production compilation. The development compilation process stays the same.\n","pageTitle":"Optimized production builds by default using Binaryen","metaDescription":"","type":"Documentation","breadcrumbs":"What\u0027s new in Kotlin///Earlier versions","root":0,"depth":2}