{"objectID":"_whatsnew1420.html#extended_dsl","parent":"_whatsnew1420.html#kotlin_jvm","pageViews":0,"url":"https://kotlinlang.org/docs/whatsnew1420.html#extended-dsl","mainTitle":"What\u0027s new in Kotlin 1.4.20","product":"","headings":"What\u0027s new in Kotlin 1.4.20,Extended DSL","content":"The DSL of adding CocoaPods dependencies to your Kotlin project receives new capabilites.\nIn addition to local Pods and Pods from the CocoaPods repository, you can add dependencies on the following types of libraries:\n- A library from a custom spec repository.\n- A remote library from a Git repository.\n- A library from an archive (also available by arbitrary HTTP address).\n- A static library.\n- A library with custom cinterop options.\nLearn more about adding CocoaPods dependencies in Kotlin projects. Find examples in the Kotlin with CocoaPods sample.\n","pageTitle":"Extended DSL","metaDescription":"","type":"Documentation","breadcrumbs":"What\u0027s new in Kotlin///Earlier versions","root":0,"depth":2}