{"objectID":"_whatsnew13.html#parameterless_main","parent":"_whatsnew13.html#coroutines_release","pageViews":0,"url":"https://kotlinlang.org/docs/whatsnew13.html#parameterless-main","mainTitle":"What\u0027s new in Kotlin 1.3","product":"","headings":"What\u0027s new in Kotlin 1.3,Parameterless main","content":"By convention, the entry point of a Kotlin program is a function with a signature like main(args: Array\u0026lt;String\u0026gt;), where args represent the command-line arguments passed to the program. However, not every application supports command-line arguments, so this parameter often ends up not being used.\nKotlin 1.3 introduced a simpler form of main which takes no parameters. Now \u0026quot;Hello, World\u0026quot; in Kotlin is 19 characters shorter!\nfun main() {\n    println(\"Hello, world!\")\n}\n","pageTitle":"Parameterless main","metaDescription":"","type":"Documentation","breadcrumbs":"What\u0027s new in Kotlin///Earlier versions","root":0,"depth":2}