{"objectID":"_whatsnew1620.html#using_relative_paths_in_klibs","parent":"_whatsnew1620.html#language","pageViews":0,"url":"https://kotlinlang.org/docs/whatsnew1620.html#using-relative-paths-in-klibs","mainTitle":"What\u0027s new in Kotlin 1.6.20","product":"","headings":"What\u0027s new in Kotlin 1.6.20,Using relative paths in klibs","content":"A library in klib format contains a serialized IR representation of source files, which also includes their paths for generating proper debug information. Before Kotlin 1.6.20, stored file paths were absolute. Since the library author may not want to share absolute paths, the 1.6.20 version comes with an alternative option.\nIf you are publishing a klib and want to use only relative paths of source files in the artifact, you can now pass the -Xklib-relative-path-base compiler option with one or multiple base paths of source files:\n\u003cb\u003eKotlin\u003c/b\u003e tasks.withType(org.jetbrains.kotlin.gradle.dsl.KotlinCompile::class).configureEach {\n    // $base is a base path of source files\n    kotlinOptions.freeCompilerArgs +\u003d \"-Xklib-relative-path-base\u003d$base\"\n}\n\u003cb\u003eGroovy\u003c/b\u003e tasks.withType(org.jetbrains.kotlin.gradle.dsl.KotlinCompile).configureEach {\n    kotlinOptions {\n        // $base is a base path of source files\n        freeCompilerArgs +\u003d \"-Xklib-relative-path-base\u003d$base\"\n    }\n}\n","pageTitle":"Using relative paths in klibs","metaDescription":"","type":"Documentation","breadcrumbs":"What\u0027s new in Kotlin///Earlier versions","root":0,"depth":2}