{"objectID":"_whatsnew17.html#stable_deep_recursive_functions","parent":"_whatsnew17.html#new_kotlin_k2_compiler_for_the_jvm_in_alpha","pageViews":0,"url":"https://kotlinlang.org/docs/whatsnew17.html#stable-deep-recursive-functions","mainTitle":"What\u0027s new in Kotlin 1.7.0","product":"","headings":"What\u0027s new in Kotlin 1.7.0,Stable deep recursive functions","content":"Deep recursive functions have been available as an experimental feature since Kotlin 1.4.0, and they are now Stable in Kotlin 1.7.0. Using DeepRecursiveFunction, you can define a function that keeps its stack on the heap instead of using the actual call stack. This allows you to run very deep recursive computations. To call a deep recursive function, invoke it.\nIn this example, a deep recursive function is used to calculate the depth of a binary tree recursively. Even though this sample function calls itself recursively 100,000 times, no StackOverflowError is thrown:\nclass Tree(val left: Tree?, val right: Tree?)\n\nval calculateDepth \u003d DeepRecursiveFunction\u0026lt;Tree?, Int\u0026gt; { t -\u0026gt;\n    if (t \u003d\u003d null) 0 else maxOf(\n        callRecursive(t.left),\n        callRecursive(t.right)\n    ) + 1\n}\n\nfun main() {\n    // Generate a tree with a depth of 100_000\n    val deepTree \u003d generateSequence(Tree(null, null)) { prev -\u0026gt;\n        Tree(prev, null)\n    }.take(100_000).last()\n\n    println(calculateDepth(deepTree)) // 100000\n}\nConsider using deep recursive functions in your code where your recursion depth exceeds 1000 calls.\n","pageTitle":"Stable deep recursive functions","metaDescription":"","type":"Documentation","breadcrumbs":"What\u0027s new in Kotlin///Earlier versions","root":0,"depth":2}