{"objectID":"_whatsnew21.html#new_api_for_kotlin_gradle_plugin_extensions","parent":"_whatsnew21.html#ide_support","pageViews":0,"url":"https://kotlinlang.org/docs/whatsnew21.html#new-api-for-kotlin-gradle-plugin-extensions","mainTitle":"What\u0027s new in Kotlin 2.1.0","product":"","headings":"What\u0027s new in Kotlin 2.1.0,New API for Kotlin Gradle plugin extensions","content":"Kotlin 2.1.0 introduces a new API to make it easier to create your own plugins for configuring the Kotlin Gradle plugin. This change deprecates the KotlinTopLevelExtension and KotlinTopLevelExtensionConfig interfaces and introduces the following interfaces for plugin authors:\nName Description\nKotlinBaseExtension A plugin DSL extension type for configuring common Kotlin JVM, Android, and Multiplatform plugin options for the entire project:- org.jetbrains.kotlin.jvm- org.jetbrains.kotlin.android- org.jetbrains.kotlin.multiplatform\nKotlinJvmExtension A plugin DSL extension type for configuring Kotlin JVM plugin options for the entire project.\nKotlinAndroidExtension A plugin DSL extension type for configuring Kotlin Android plugin options for the entire project.\nFor example, if you want to configure compiler options for both JVM and Android projects, use KotlinBaseExtension:\nconfigure\u0026lt;KotlinBaseExtension\u0026gt; {\n    if (this is HasConfigurableKotlinCompilerOptions\u0026lt;*\u0026gt;) {\n        with(compilerOptions) {\n            if (this is KotlinJvmCompilerOptions) {\n                jvmTarget.set(JvmTarget.JVM_17)\n            }\n        }\n    }\n}\nThis configures the JVM target to 17 for both JVM and Android projects.\nTo configure compiler options specifically for JVM projects, use KotlinJvmExtension:\nconfigure\u0026lt;KotlinJvmExtension\u0026gt; {\n    compilerOptions {\n        jvmTarget.set(JvmTarget.JVM_17)\n    }\n\n    target.mavenPublication {\n        groupId \u003d \"com.example\"\n        artifactId \u003d \"example-project\"\n        version \u003d \"1.0-SNAPSHOT\"\n    }\n}\nThis example similarly configures the JVM target to 17 for JVM projects. It also configures a Maven publication for the project so that its output is published to a Maven repository.\nYou can use the KotlinAndroidExtension in exactly the same way.\n","pageTitle":"New API for Kotlin Gradle plugin extensions","metaDescription":"","type":"Documentation","breadcrumbs":"What\u0027s new in Kotlin","root":0,"depth":1}