{"objectID":"_whatsnew1530.html#improved_swift_objective_c_mapping_for_objects_and_companion_objects","parent":"_whatsnew1530.html#language_features","pageViews":0,"url":"https://kotlinlang.org/docs/whatsnew1530.html#improved-swift-objective-c-mapping-for-objects-and-companion-objects","mainTitle":"What\u0027s new in Kotlin 1.5.30","product":"","headings":"What\u0027s new in Kotlin 1.5.30,Improved Swift/Objective-C mapping for objects and companion objects","content":"Getting objects and companion objects can now be done in a way that is more intuitive for native iOS developers. For example, if you have the following objects in Kotlin:\nobject MyObject {\n    val x \u003d \"Some value\"\n}\n\nclass MyClass {\n    companion object {\n        val x \u003d \"Some value\"\n    }\n}\nTo access them in Swift, you can use the shared and companion properties:\nMyObject.shared\nMyObject.shared.x\nMyClass.companion\nMyClass.Companion.shared\nLearn more about Swift/Objective-C interoperability.\n","pageTitle":"Improved Swift/Objective-C mapping for objects and companion objects","metaDescription":"","type":"Documentation","breadcrumbs":"What\u0027s new in Kotlin///Earlier versions","root":0,"depth":2}