{"objectID":"_whatsnew1720.html#the_new_kotlin_native_memory_manager_enabled_by_default","parent":"_whatsnew1720.html#support_for_kotlin_k2_compiler_plugins","pageViews":0,"url":"https://kotlinlang.org/docs/whatsnew1720.html#the-new-kotlin-native-memory-manager-enabled-by-default","mainTitle":"What\u0027s new in Kotlin 1.7.20","product":"","headings":"What\u0027s new in Kotlin 1.7.20,The new Kotlin/Native memory manager enabled by default","content":"This release brings further stability and performance improvements to the new memory manager, allowing us to promote the new memory manager to Beta.\nThe previous memory manager complicated writing concurrent and asynchronous code, including issues with implementing the kotlinx.coroutines library. This blocked the adoption of Kotlin Multiplatform Mobile because concurrency limitations created problems with sharing Kotlin code between iOS and Android platforms. The new memory manager finally paves the way to promote Kotlin Multiplatform Mobile to Beta.\nThe new memory manager also supports the compiler cache that makes compilation times comparable to previous releases. For more on the benefits of the new memory manager, see our original blog post for the preview version. You can find more technical details in the documentation.\n","pageTitle":"The new Kotlin/Native memory manager enabled by default","metaDescription":"","type":"Documentation","breadcrumbs":"What\u0027s new in Kotlin///Earlier versions","root":0,"depth":2}