{"objectID":"_whatsnew1620.html#language","parent":"_whatsnew1620.html#language","pageViews":0,"url":"https://kotlinlang.org/docs/whatsnew1620.html#language","mainTitle":"What\u0027s new in Kotlin 1.6.20","product":"","headings":"What\u0027s new in Kotlin 1.6.20,Language","content":"In Kotlin 1.6.20, you can try two new language features:\n- Prototype of context receivers for Kotlin/JVM\n- Definitely non-nullable types\n","pageTitle":"Language","metaDescription":"","type":"Documentation","breadcrumbs":"What\u0027s new in Kotlin///Earlier versions","root":0,"depth":2}