{"objectID":"_whatsnew18.html#sourcedirectories","parent":"_whatsnew18.html#ide_support","pageViews":0,"url":"https://kotlinlang.org/docs/whatsnew18.html#sourcedirectories","mainTitle":"What\u0027s new in Kotlin 1.8.0","product":"","headings":"What\u0027s new in Kotlin 1.8.0,SourceDirectories","content":"Current source set layout New source set layout\nThe layout adds additional /kotlin SourceDirectories src/{AndroidSourceSet.name}/kotlin, src/{KotlinSourceSet.name}/kotlin\n{AndroidSourceSet.name} maps to {SourceDirectories included} as follows:\nCurrent source set layout New source set layout\nmain src/androidMain/kotlin, src/main/kotlin, src/main/java src/androidMain/kotlin, src/main/kotlin, src/main/java\ntest src/androidTest/kotlin, src/test/kotlin, src/test/java src/androidUnitTest/kotlin, src/test/kotlin, src/test/java\nandroidTest src/androidAndroidTest/kotlin, src/androidTest/java src/androidInstrumentedTest/kotlin, src/androidTest/java, src/androidTest/kotlin\n","pageTitle":"SourceDirectories","metaDescription":"","type":"Documentation","breadcrumbs":"What\u0027s new in Kotlin///Earlier versions","root":0,"depth":2}