{"objectID":"_whatsnew17.html#build_reports_for_kotlin_compiler_tasks","parent":"_whatsnew17.html#new_kotlin_k2_compiler_for_the_jvm_in_alpha","pageViews":0,"url":"https://kotlinlang.org/docs/whatsnew17.html#build-reports-for-kotlin-compiler-tasks","mainTitle":"What\u0027s new in Kotlin 1.7.0","product":"","headings":"What\u0027s new in Kotlin 1.7.0,Build reports for Kotlin compiler tasks","content":"Kotlin build reports are Experimental. They may be dropped or changed at any time. Opt-in is required (see details below). Use them only for evaluation purposes. We appreciate your feedback on them in YouTrack.\nKotlin 1.7.0 introduces build reports that help track compiler performance. Reports contain the durations of different compilation phases and reasons why compilation couldn\u0027t be incremental.\nBuild reports come in handy when you want to investigate issues with compiler tasks, for example:\n- When the Gradle build takes too much time and you want to understand the root cause of the poor performance.\n- When the compilation time for the same project differs, sometimes taking seconds, sometimes taking minutes.\nTo enable build reports, declare where to save the build report output in gradle.properties:\nkotlin.build.report.output\u003dfile\nThe following values (and their combinations) are available:\n- file saves build reports in a local file.\n- build_scan saves build reports in the custom values section of the build scan.\nThe Gradle Enterprise plugin limits the number of custom values and their length. In big projects, some values could be lost.\n- http posts build reports using HTTP(S). The POST method sends metrics in the JSON format. Data may change from version to version. You can see the current version of the sent data in the Kotlin repository.\nThere are two common cases that analyzing build reports for long-running compilations can help you resolve:\n- The build wasn\u0027t incremental. Analyze the reasons and fix underlying problems.\n- The build was incremental, but took too much time. Try to reorganize source files — split big files, save separate classes in different files, refactor large classes, declare top-level functions in different files, and so on.\nLearn more about new build reports in this blog post.\nYou are welcome to try using build reports in your infrastructure. If you have any feedback, encounter any issues, or want to suggest improvements, please don\u0027t hesitate to report them in our issue tracker. Thank you!\n","pageTitle":"Build reports for Kotlin compiler tasks","metaDescription":"","type":"Documentation","breadcrumbs":"What\u0027s new in Kotlin///Earlier versions","root":0,"depth":2}