{"objectID":"_whatsnew1720.html#more_optimized_cases_of_delegated_properties","parent":"_whatsnew1720.html#support_for_kotlin_k2_compiler_plugins","pageViews":0,"url":"https://kotlinlang.org/docs/whatsnew1720.html#more-optimized-cases-of-delegated-properties","mainTitle":"What\u0027s new in Kotlin 1.7.20","product":"","headings":"What\u0027s new in Kotlin 1.7.20,More optimized cases of delegated properties","content":"In Kotlin 1.6.0, we optimized the case of delegating to a property by omitting the $delegate field and generating immediate access to the referenced property. In 1.7.20, we\u0027ve implemented this optimization for more cases. The $delegate field will now be omitted if a delegate is:\n- A named object:\nobject NamedObject {\n    operator fun getValue(thisRef: Any?, property: KProperty\u0026lt;*\u0026gt;): String \u003d ...\n}\n\nval s: String by NamedObject\n- A final val property with a backing field and a default getter in the same module:\nval impl: ReadOnlyProperty\u0026lt;Any?, String\u0026gt; \u003d ...\n\nclass A {\n    val s: String by impl\n}\n- A constant expression, an enum entry, this, or null. Here\u0027s an example of this:\nclass A {\n    operator fun getValue(thisRef: Any?, property: KProperty\u0026lt;*\u0026gt;) ...\n\n    val s by this\n}\nLearn more about delegated properties.\nWe would appreciate your feedback on this feature in YouTrack.\n","pageTitle":"More optimized cases of delegated properties","metaDescription":"","type":"Documentation","breadcrumbs":"What\u0027s new in Kotlin///Earlier versions","root":0,"depth":2}