{"objectID":"_whatsnew18.html#comparable_and_subtractable_timemarks","parent":"_whatsnew18.html#ide_support","pageViews":0,"url":"https://kotlinlang.org/docs/whatsnew18.html#comparable-and-subtractable-timemarks","mainTitle":"What\u0027s new in Kotlin 1.8.0","product":"","headings":"What\u0027s new in Kotlin 1.8.0,Comparable and subtractable TimeMarks","content":"The new functionality of TimeMarks is Experimental, and to use it you need to opt in by using @OptIn(ExperimentalTime::class) or @ExperimentalTime.\nBefore Kotlin 1.8.0, if you wanted to calculate the time difference between multiple TimeMarks and now, you could only call elapsedNow() on one TimeMark at a time. This made it difficult to compare the results because the two elapsedNow() function calls couldn\u0027t be executed at exactly the same time.\nTo solve this, in Kotlin 1.8.0 you can subtract and compare TimeMarks from the same time source. Now you can create a new TimeMark instance to represent now and subtract other TimeMarks from it. This way, the results that you collect from these calculations are guaranteed to be relative to each other.\nimport kotlin.time.*\nfun main() {\n//sampleStart\n    val timeSource \u003d TimeSource.Monotonic\n    val mark1 \u003d timeSource.markNow()\n    Thread.sleep(500) // Sleep 0.5 seconds\n    val mark2 \u003d timeSource.markNow()\n\n    // Before 1.8.0\n    repeat(4) { n -\u0026gt;\n        val elapsed1 \u003d mark1.elapsedNow()\n        val elapsed2 \u003d mark2.elapsedNow()\n\n        // Difference between elapsed1 and elapsed2 can vary depending \n        // on how much time passes between the two elapsedNow() calls\n        println(\"Measurement 1.${n + 1}: elapsed1\u003d$elapsed1, \" +\n                \"elapsed2\u003d$elapsed2, diff\u003d${elapsed1 - elapsed2}\")\n    }\n    println()\n\n    // Since 1.8.0\n    repeat(4) { n -\u0026gt;\n        val mark3 \u003d timeSource.markNow()\n        val elapsed1 \u003d mark3 - mark1\n        val elapsed2 \u003d mark3 - mark2\n\n        // Now the elapsed times are calculated relative to mark3, \n        // which is a fixed value\n        println(\"Measurement 2.${n + 1}: elapsed1\u003d$elapsed1, \" +\n                \"elapsed2\u003d$elapsed2, diff\u003d${elapsed1 - elapsed2}\")\n    }\n    // It\u0027s also possible to compare time marks with each other\n    // This is true, as mark2 was captured later than mark1\n    println(mark2 \u0026gt; mark1)\n//sampleEnd\n}\n\nThis new functionality is particularly useful in animation calculations where you want to calculate the difference between, or compare, multiple TimeMarks representing different frames.\n","pageTitle":"Comparable and subtractable TimeMarks","metaDescription":"","type":"Documentation","breadcrumbs":"What\u0027s new in Kotlin///Earlier versions","root":0,"depth":2}