{"objectID":"_whatsnew2120.html#composablesingletons_removed_from_public_api","parent":"_whatsnew2120.html#ide_support","pageViews":0,"url":"https://kotlinlang.org/docs/whatsnew2120.html#composablesingletons-removed-from-public-api","mainTitle":"What\u0027s new in Kotlin 2.1.20","product":"","headings":"What\u0027s new in Kotlin 2.1.20,removed from public API","content":"ComposableSingletons is a class created by the Compose compiler when optimizing @Composable lambdas. Lambdas that do not capture any parameters are allocated once and cached in a property of the class, saving allocations during runtime. The class is generated with internal visibility and is only intended for optimizing lambdas inside a compilation unit (usually a file).\nHowever, this optimization was also applied to inline function bodies, which resulted in singleton lambda instances leaking into the public API. To fix this problem, starting with 2.1.20, @Composable lambdas are no longer optimized into singletons inside inline functions. At the same time, the Compose compiler will continue generating singleton classes and lambdas for inline functions to support binary compatibility for modules that were compiled under the previous model.\n","pageTitle":"removed from public API","metaDescription":"","type":"Documentation","breadcrumbs":"What\u0027s new in Kotlin///Earlier versions","root":0,"depth":2}