{"objectID":"_whatsnew17.html#removal_of_deprecated_compiler_options","parent":"_whatsnew17.html#new_kotlin_k2_compiler_for_the_jvm_in_alpha","pageViews":0,"url":"https://kotlinlang.org/docs/whatsnew17.html#removal-of-deprecated-compiler-options","mainTitle":"What\u0027s new in Kotlin 1.7.0","product":"","headings":"What\u0027s new in Kotlin 1.7.0,Removal of deprecated compiler options","content":"We\u0027ve completed the deprecation cycle for several compiler options:\n- The kotlinOptions.jdkHome compiler option was deprecated in 1.5.30 and has been removed in the current release. Gradle builds now fail if they contain this option. We encourage you to use Java toolchains, which have been supported since Kotlin 1.5.30.\n- The deprecated noStdlib compiler option has also been removed. The Gradle plugin uses the kotlin.stdlib.default.dependency\u003dtrue property to control whether the Kotlin standard library is present.\nThe compiler arguments -jdkHome and -no-stdlib are still available.\n","pageTitle":"Removal of deprecated compiler options","metaDescription":"","type":"Documentation","breadcrumbs":"What\u0027s new in Kotlin///Earlier versions","root":0,"depth":2}