{"objectID":"_whatsnew22.html#kotlin_wasm","parent":"_whatsnew22.html#ide_support","pageViews":0,"url":"https://kotlinlang.org/docs/whatsnew22.html#kotlin-wasm","mainTitle":"What\u0027s new in Kotlin 2.2.0","product":"","headings":"What\u0027s new in Kotlin 2.2.0,Kotlin/Wasm","content":"In this release, the build infrastructure for the Wasm target is separated from the JavaScript target. Additionally, now you can configure the Binaryen tool per project or module.\n","pageTitle":"Kotlin/Wasm","metaDescription":"","type":"Documentation","breadcrumbs":"What\u0027s new in Kotlin","root":0,"depth":1}