{"objectID":"_whatsnew20.html#kotlin_native_compiler_downloaded_when_needed","parent":"_whatsnew20.html#ide_support","pageViews":0,"url":"https://kotlinlang.org/docs/whatsnew20.html#kotlin-native-compiler-downloaded-when-needed","mainTitle":"What\u0027s new in Kotlin 2.0.0","product":"","headings":"What\u0027s new in Kotlin 2.0.0,Kotlin/Native compiler downloaded when needed","content":"Before Kotlin 2.0.0, if you had a Kotlin/Native target configured in the Gradle build script of your multiplatform project, Gradle would always download the Kotlin/Native compiler in the configuration phase.\nThis happened even if there was no task to compile code for a Kotlin/Native target that was due to run in the execution phase. Downloading the Kotlin/Native compiler in this way was particularly inefficient for users who only wanted to check the JVM or JavaScript code in their projects. For example, to perform tests or checks with their Kotlin project as part of a CI process.\nIn Kotlin 2.0.0, we changed this behavior in the Kotlin Gradle plugin so that the Kotlin/Native compiler is downloaded in the execution phase and only when a compilation is requested for a Kotlin/Native target.\nIn turn, the Kotlin/Native compiler\u0027s dependencies are now downloaded not as a part of the compiler, but in the execution phase as well.\nIf you encounter any issues with the new behavior, you can temporarily switch back to the previous behavior by adding the following Gradle property to your gradle.properties file:\nkotlin.native.toolchain.enabled\u003dfalse\nStarting with Kotlin 1.9.20-Beta, the Kotlin/Native distribution is published to Maven Central along with the CDN.\nThis allowed us to change how Kotlin looks for and downloads the necessary artifacts. Instead of the CDN, by default, it now uses the Maven repositories that you specified in the repositories {} block of your project.\nYou can temporarily switch this behavior back by setting the following Gradle property in your gradle.properties file:\nkotlin.native.distribution.downloadFromMaven\u003dfalse\nPlease report any problems to our issue tracker YouTrack. Both of these Gradle properties that change the default behavior are temporary and will be removed in future releases.\n","pageTitle":"Kotlin/Native compiler downloaded when needed","metaDescription":"","type":"Documentation","breadcrumbs":"What\u0027s new in Kotlin///Earlier versions","root":0,"depth":2}