{"objectID":"_whatsnew15.html#","parent":"_whatsnew15.html#language_features","pageViews":0,"url":"https://kotlinlang.org/docs/whatsnew15.html","mainTitle":"What\u0027s new in Kotlin 1.5.0","product":"","headings":"What\u0027s new in Kotlin 1.5.0","content":"Released: 5 May 2021\nKotlin 1.5.0 introduces new language features, stable IR-based JVM compiler backend, performance improvements, and evolutionary changes such as stabilizing experimental features and deprecating outdated ones.\nYou can also find an overview of the changes in the release blog post.\n","pageTitle":"What\u0027s new in Kotlin 1.5.0","metaDescription":"","type":"Documentation","breadcrumbs":"What\u0027s new in Kotlin///Earlier versions","root":0,"depth":2}