{"objectID":"_whatsnew1430.html#","parent":"_whatsnew1430.html#language_features","pageViews":0,"url":"https://kotlinlang.org/docs/whatsnew1430.html","mainTitle":"What\u0027s new in Kotlin 1.4.30","product":"","headings":"What\u0027s new in Kotlin 1.4.30","content":"Released: 3 February 2021\nKotlin 1.4.30 offers preview versions of new language features, promotes the new IR backend of the Kotlin/JVM compiler to Beta, and ships various performance and functional improvements.\nYou can also learn about new features in this blog post.\n","pageTitle":"What\u0027s new in Kotlin 1.4.30","metaDescription":"","type":"Documentation","breadcrumbs":"What\u0027s new in Kotlin///Earlier versions","root":0,"depth":2}