{"objectID":"_whatsnew17.html#performance_improvements_for_the_new_memory_manager","parent":"_whatsnew17.html#new_kotlin_k2_compiler_for_the_jvm_in_alpha","pageViews":0,"url":"https://kotlinlang.org/docs/whatsnew17.html#performance-improvements-for-the-new-memory-manager","mainTitle":"What\u0027s new in Kotlin 1.7.0","product":"","headings":"What\u0027s new in Kotlin 1.7.0,Performance improvements for the new memory manager","content":"The new Kotlin/Native memory manager is in Alpha. It may change incompatibly and require manual migration in the future. We would appreciate your feedback in YouTrack.\nThe new memory manager is still in Alpha, but it is on its way to becoming Stable. This release delivers significant performance improvements for the new memory manager, especially in garbage collection (GC). In particular, concurrent implementation of the sweep phase, introduced in 1.6.20, is now enabled by default. This helps reduce the time the application is paused for GC. The new GC scheduler is better at choosing the GC frequency, especially for larger heaps.\nAlso, we\u0027ve specifically optimized debug binaries, ensuring that the proper optimization level and link-time optimizations are used in the implementation code of the memory manager. This helped us improve execution time by roughly 30% for debug binaries on our benchmarks.\nTry using the new memory manager in your projects to see how it works, and share your feedback with us in YouTrack.\n","pageTitle":"Performance improvements for the new memory manager","metaDescription":"","type":"Documentation","breadcrumbs":"What\u0027s new in Kotlin///Earlier versions","root":0,"depth":2}