{"objectID":"_whatsnew1920.html#enable_k2_in_intellij_idea","parent":"_whatsnew1920.html#ide_support","pageViews":0,"url":"https://kotlinlang.org/docs/whatsnew1920.html#enable-k2-in-intellij-idea","mainTitle":"What\u0027s new in Kotlin 1.9.20","product":"","headings":"What\u0027s new in Kotlin 1.9.20,Enable K2 in IntelliJ IDEA","content":"To enable and test the Kotlin K2 compiler in IntelliJ IDEA, go to Settings | Build, Execution, Deployment | Compiler | Kotlin Compiler and update the Language Version field to 2.0 (experimental).\n","pageTitle":"Enable K2 in IntelliJ IDEA","metaDescription":"","type":"Documentation","breadcrumbs":"What\u0027s new in Kotlin///Earlier versions","root":0,"depth":2}