{"objectID":"_whatsnew1530.html#gradle","parent":"_whatsnew1530.html#language_features","pageViews":0,"url":"https://kotlinlang.org/docs/whatsnew1530.html#gradle","mainTitle":"What\u0027s new in Kotlin 1.5.30","product":"","headings":"What\u0027s new in Kotlin 1.5.30,Gradle","content":"As a part of our mission to improve the Kotlin Gradle plugin user experience, we\u0027ve implemented the following features:\n- Support for Java toolchains, which includes an ability to specify a JDK home with the UsesKotlinJavaToolchain interface for older Gradle versions\n- An easier way to explicitly specify the Kotlin daemon\u0027s JVM arguments\n","pageTitle":"Gradle","metaDescription":"","type":"Documentation","breadcrumbs":"What\u0027s new in Kotlin///Earlier versions","root":0,"depth":2}