{"objectID":"_whatsnew1620.html#kotlin_js","parent":"_whatsnew1620.html#language","pageViews":0,"url":"https://kotlinlang.org/docs/whatsnew1620.html#kotlin-js","mainTitle":"What\u0027s new in Kotlin 1.6.20","product":"","headings":"What\u0027s new in Kotlin 1.6.20,Kotlin/JS","content":"Kotlin/JS improvements in 1.6.20 mainly affect the IR compiler:\n- Incremental compilation for development binaries (IR)\n- Lazy initialization of top-level properties by default (IR)\n- Separate JS files for project modules by default (IR)\n- Char class optimization (IR)\n- Export improvements (both IR and legacy backends)\n- @AfterTest guarantees for asynchronous tests\n","pageTitle":"Kotlin/JS","metaDescription":"","type":"Documentation","breadcrumbs":"What\u0027s new in Kotlin///Earlier versions","root":0,"depth":2}