{"objectID":"_whatsnew2020.html#changes_to_the_base64_s_decoder_behavior","parent":"_whatsnew2020.html#ide_support","pageViews":0,"url":"https://kotlinlang.org/docs/whatsnew2020.html#changes-to-the-base64-s-decoder-behavior","mainTitle":"What\u0027s new in Kotlin 2.0.20","product":"","headings":"What\u0027s new in Kotlin 2.0.20,Changes to the Base64\u0027s decoder behavior","content":"The Base64 class and its related features are Experimental. To opt in, use the @OptIn(ExperimentalEncodingApi::class) annotation or the compiler option -opt-in\u003dkotlin.io.encoding.ExperimentalEncodingApi.\nTwo changes were introduced to the Base64 decoder\u0027s behavior in Kotlin 2.0.20:\n- The Base64 decoder now requires padding\n- A withPadding function has been added for padding configuration\n","pageTitle":"Changes to the Base64\u0027s decoder behavior","metaDescription":"","type":"Documentation","breadcrumbs":"What\u0027s new in Kotlin///Earlier versions","root":0,"depth":2}