{"objectID":"_whatsnew20.html#monitoring_gc_performance_with_signposts_on_apple_platforms","parent":"_whatsnew20.html#ide_support","pageViews":0,"url":"https://kotlinlang.org/docs/whatsnew20.html#monitoring-gc-performance-with-signposts-on-apple-platforms","mainTitle":"What\u0027s new in Kotlin 2.0.0","product":"","headings":"What\u0027s new in Kotlin 2.0.0,Monitoring GC performance with signposts on Apple platforms","content":"Previously, it was only possible to monitor the performance of Kotlin/Native\u0027s garbage collector (GC) by looking into logs. However, these logs were not integrated with Xcode Instruments, a popular toolkit for investigating issues with iOS apps\u0027 performance.\nSince Kotlin 2.0.0, GC reports pauses with signposts that are available in Instruments. Signposts allow for custom logging within your app, so now, when debugging iOS app performance, you can check if a GC pause corresponds to the application freeze.\nLearn more about GC performance analysis in the documentation.\n","pageTitle":"Monitoring GC performance with signposts on Apple platforms","metaDescription":"","type":"Documentation","breadcrumbs":"What\u0027s new in Kotlin///Earlier versions","root":0,"depth":2}