{"objectID":"_whatsnew19.html#kotlin_jvm","parent":"_whatsnew19.html#ide_support","pageViews":0,"url":"https://kotlinlang.org/docs/whatsnew19.html#kotlin-jvm","mainTitle":"What\u0027s new in Kotlin 1.9.0","product":"","headings":"What\u0027s new in Kotlin 1.9.0,Kotlin/JVM","content":"Starting with version 1.9.0, the compiler can generate classes with a bytecode version corresponding to JVM 20. In addition, the deprecation of the JvmDefault annotation and legacy -Xjvm-default modes continues.\n","pageTitle":"Kotlin/JVM","metaDescription":"","type":"Documentation","breadcrumbs":"What\u0027s new in Kotlin///Earlier versions","root":0,"depth":2}