{"objectID":"_whatsnew14.html#migrating_to_kotlin_1_4_0","parent":"_whatsnew14.html#language_features_and_improvements","pageViews":0,"url":"https://kotlinlang.org/docs/whatsnew14.html#migrating-to-kotlin-1-4-0","mainTitle":"What\u0027s new in Kotlin 1.4.0","product":"","headings":"What\u0027s new in Kotlin 1.4.0,Migrating to Kotlin 1.4.0","content":"The Kotlin plugin\u0027s migration tools help you migrate your projects from earlier versions of Kotlin to 1.4.0.\nJust change the Kotlin version to 1.4.0 and re-import your Gradle or Maven project. The IDE will then ask you about migration.\nIf you agree, it will run migration code inspections that will check your code and suggest corrections for anything that doesn\u0027t work or that is not recommended in 1.4.0.\nRun migration Code inspections have different severity levels, to help you decide which suggestions to accept and which to ignore.\nMigration inspections Kotlin 1.4.0 is a feature release and therefore can bring incompatible changes to the language. Find the detailed list of such changes in the Compatibility Guide for Kotlin 1.4.\n","pageTitle":"Migrating to Kotlin 1.4.0","metaDescription":"","type":"Documentation","breadcrumbs":"What\u0027s new in Kotlin///Earlier versions","root":0,"depth":2}