{"objectID":"_whatsnew_eap.html#how_to_enable_context_parameters","parent":"_whatsnew_eap.html#ide_support","pageViews":0,"url":"https://kotlinlang.org/docs/whatsnew-eap.html#how-to-enable-context-parameters","mainTitle":"What\u0027s new in Kotlin 2.2.0-RC3","product":"","headings":"What\u0027s new in Kotlin 2.2.0-RC3,How to enable context parameters","content":"To enable context parameters in your project, use the following compiler option in the command line:\n-Xcontext-parameters\nOr add it to the compilerOptions {} block of your Gradle build file:\n// build.gradle.kts\nkotlin {\n    compilerOptions {\n        freeCompilerArgs.add(\"-Xcontext-parameters\")\n    }\n}\nSpecifying both -Xcontext-receivers and -Xcontext-parameters compiler options simultaneously leads to an error.\n","pageTitle":"How to enable context parameters","metaDescription":"","type":"Documentation","breadcrumbs":"What\u0027s new in Kotlin","root":0,"depth":1}