{"objectID":"_whatsnew16.html#compilation_of_windows_targets_on_any_host","parent":"_whatsnew16.html#language","pageViews":0,"url":"https://kotlinlang.org/docs/whatsnew16.html#compilation-of-windows-targets-on-any-host","mainTitle":"What\u0027s new in Kotlin 1.6.0","product":"","headings":"What\u0027s new in Kotlin 1.6.0,Compilation of Windows targets on any host","content":"Starting from 1.6.0, you don\u0027t need a Windows host to compile the Windows targets mingwX64 and mingwX86. They can be compiled on any host that supports Kotlin/Native.\n","pageTitle":"Compilation of Windows targets on any host","metaDescription":"","type":"Documentation","breadcrumbs":"What\u0027s new in Kotlin///Earlier versions","root":0,"depth":2}