{"objectID":"_whatsnew1820.html#leave_your_feedback_on_kotlin_wasm","parent":"_whatsnew1820.html#ide_support","pageViews":0,"url":"https://kotlinlang.org/docs/whatsnew1820.html#leave-your-feedback-on-kotlin-wasm","mainTitle":"What\u0027s new in Kotlin 1.8.20","product":"","headings":"What\u0027s new in Kotlin 1.8.20,Leave your feedback on Kotlin/Wasm","content":"We would appreciate any feedback you may have!\n- Provide your feedback directly to developers in Kotlin Slack – get an invite and join the #webassembly channel.\n- Report any problems you faced with Kotlin/Wasm on this YouTrack issue.\n","pageTitle":"Leave your feedback on Kotlin/Wasm","metaDescription":"","type":"Documentation","breadcrumbs":"What\u0027s new in Kotlin///Earlier versions","root":0,"depth":2}