{"objectID":"_whatsnew1420.html#ignoring_compilation_errors_with_ir_compiler","parent":"_whatsnew1420.html#kotlin_jvm","pageViews":0,"url":"https://kotlinlang.org/docs/whatsnew1420.html#ignoring-compilation-errors-with-ir-compiler","mainTitle":"What\u0027s new in Kotlin 1.4.20","product":"","headings":"What\u0027s new in Kotlin 1.4.20,Ignoring compilation errors with IR compiler","content":"Ignore compilation errors mode is Experimental. It may be dropped or changed at any time. Opt-in is required (see details below). Use it only for evaluation purposes. We appreciate your feedback on it in YouTrack.\nThe IR compiler for Kotlin/JS comes with a new experimental mode - compilation with errors. In this mode, you can run you code even if it contains errors, for example, if you want to try certain things it when the whole application is not ready yet.\nThere are two tolerance policies for this mode:\n- SEMANTIC: the compiler will accept code which is syntactically correct, but doesn\u0027t make sense semantically, such as val x: String \u003d 3.\n- SYNTAX: the compiler will accept any code, even if it contains syntax errors.\nTo allow compilation with errors, add the -Xerror-tolerance-policy\u003d compiler option with one of the values listed above.\nLearn more about Kotlin/JS IR compiler.\n","pageTitle":"Ignoring compilation errors with IR compiler","metaDescription":"","type":"Documentation","breadcrumbs":"What\u0027s new in Kotlin///Earlier versions","root":0,"depth":2}