{"objectID":"_whatsnew1420.html#improved_task_execution","parent":"_whatsnew1420.html#kotlin_jvm","pageViews":0,"url":"https://kotlinlang.org/docs/whatsnew1420.html#improved-task-execution","mainTitle":"What\u0027s new in Kotlin 1.4.20","product":"","headings":"What\u0027s new in Kotlin 1.4.20,Improved task execution","content":"CocoaPods plugin gets an improved task execution flow. For example, if you add a new CocoaPods dependency, existing dependencies are not rebuilt. Adding an extra target also doesn\u0027t affect rebuilding dependencies for existing ones.\n","pageTitle":"Improved task execution","metaDescription":"","type":"Documentation","breadcrumbs":"What\u0027s new in Kotlin///Earlier versions","root":0,"depth":2}