{"objectID":"_whatsnew18.html#kotlin_jvm","parent":"_whatsnew18.html#ide_support","pageViews":0,"url":"https://kotlinlang.org/docs/whatsnew18.html#kotlin-jvm","mainTitle":"What\u0027s new in Kotlin 1.8.0","product":"","headings":"What\u0027s new in Kotlin 1.8.0,Kotlin/JVM","content":"Starting with version 1.8.0, the compiler can generate classes with a bytecode version corresponding to JVM 19. The new language version also includes:\n- A compiler option for switching off the generation of JVM annotation targets\n- A new -Xdebug compiler option for disabling optimizations\n- The removal of the old backend\n- Support for Lombok\u0027s @Builder annotation\n","pageTitle":"Kotlin/JVM","metaDescription":"","type":"Documentation","breadcrumbs":"What\u0027s new in Kotlin///Earlier versions","root":0,"depth":2}