{"objectID":"_whatsnew1520.html#standard_library","parent":"_whatsnew1520.html#kotlin_jvm","pageViews":0,"url":"https://kotlinlang.org/docs/whatsnew1520.html#standard-library","mainTitle":"What\u0027s new in Kotlin 1.5.20","product":"","headings":"What\u0027s new in Kotlin 1.5.20,Standard library","content":"Kotlin 1.5.20 changes the platform-specific implementations of several functions for working with characters and as a result brings unification across platforms:\n- Support for all Unicode digits in Char.digitToInt() for Kotlin/Native and Kotlin/JS.\n- Unification of Char.isLowerCase()/isUpperCase() implementations across platforms.\n","pageTitle":"Standard library","metaDescription":"","type":"Documentation","breadcrumbs":"What\u0027s new in Kotlin///Earlier versions","root":0,"depth":2}