{"objectID":"_whatsnew11.html#inline_property_accessors","parent":"_whatsnew11.html#table_of_contents","pageViews":0,"url":"https://kotlinlang.org/docs/whatsnew11.html#inline-property-accessors","mainTitle":"What\u0027s new in Kotlin 1.1","product":"","headings":"What\u0027s new in Kotlin 1.1,Inline property accessors","content":"You can now mark property accessors with the inline modifier if the properties don\u0027t have a backing field. Such accessors are compiled in the same way as inline functions.\n//sampleStart\npublic val \u0026lt;T\u0026gt; List\u0026lt;T\u0026gt;.lastIndex: Int\n    inline get() \u003d this.size - 1\n//sampleEnd\n\nfun main(args: Array\u0026lt;String\u0026gt;) {\n    val list \u003d listOf(\u0027a\u0027, \u0027b\u0027)\n    // the getter will be inlined\n    println(\"Last index of $list is ${list.lastIndex}\")\n}\nYou can also mark the entire property as inline - then the modifier is applied to both accessors.\nRead the inline functions documentation and KEEP for more details.\n","pageTitle":"Inline property accessors","metaDescription":"","type":"Documentation","breadcrumbs":"What\u0027s new in Kotlin///Earlier versions","root":0,"depth":2}