{"objectID":"_whatsnew22.html#how_to_apply","parent":"_whatsnew22.html#ide_support","pageViews":0,"url":"https://kotlinlang.org/docs/whatsnew22.html#how-to-apply","mainTitle":"What\u0027s new in Kotlin 2.2.0","product":"","headings":"What\u0027s new in Kotlin 2.2.0,How to apply","content":"The new compiler option has the following syntax:\n-Xwarning-level\u003dDIAGNOSTIC_NAME:(error|warning|disabled)\n- error: raises the specified warning to an error.\n- warning: emits a warning and is enabled by default.\n- disabled: completely suppresses the specified warning module-wide.\nKeep in mind that you can only configure the severity level of warnings with the new compiler option.\n","pageTitle":"How to apply","metaDescription":"","type":"Documentation","breadcrumbs":"What\u0027s new in Kotlin","root":0,"depth":1}