{"objectID":"_whatsnew18.html#stable_js_ir_compiler_backend","parent":"_whatsnew18.html#ide_support","pageViews":0,"url":"https://kotlinlang.org/docs/whatsnew18.html#stable-js-ir-compiler-backend","mainTitle":"What\u0027s new in Kotlin 1.8.0","product":"","headings":"What\u0027s new in Kotlin 1.8.0,Stable JS IR compiler backend","content":"Starting with this release, the Kotlin/JS intermediate representation (IR-based) compiler backend is Stable. It took a while to unify infrastructure for all three backends, but they now work with the same IR for Kotlin code.\nAs a consequence of the stable JS IR compiler backend, the old one is deprecated from now on.\nIncremental compilation is enabled by default along with the stable JS IR compiler.\nIf you still use the old compiler, switch your project to the new backend with the help of our migration guide.\n","pageTitle":"Stable JS IR compiler backend","metaDescription":"","type":"Documentation","breadcrumbs":"What\u0027s new in Kotlin///Earlier versions","root":0,"depth":2}