{"objectID":"_whatsnew20.html#kotlin_jvm","parent":"_whatsnew20.html#ide_support","pageViews":0,"url":"https://kotlinlang.org/docs/whatsnew20.html#kotlin-jvm","mainTitle":"What\u0027s new in Kotlin 2.0.0","product":"","headings":"What\u0027s new in Kotlin 2.0.0,Kotlin/JVM","content":"Starting with version 2.0.0, the compiler can generate classes containing Java 22 bytecode. This version also brings the following changes:\n- Generation of lambda functions using invokedynamic\n- The kotlinx-metadata-jvm library is now Stable\n","pageTitle":"Kotlin/JVM","metaDescription":"","type":"Documentation","breadcrumbs":"What\u0027s new in Kotlin///Earlier versions","root":0,"depth":2}