{"objectID":"_whatsnew11.html#type_aliases","parent":"_whatsnew11.html#table_of_contents","pageViews":0,"url":"https://kotlinlang.org/docs/whatsnew11.html#type-aliases","mainTitle":"What\u0027s new in Kotlin 1.1","product":"","headings":"What\u0027s new in Kotlin 1.1,Type aliases","content":"A type alias allows you to define an alternative name for an existing type. This is most useful for generic types such as collections, as well as for function types. Here is an example:\n//sampleStart\ntypealias OscarWinners \u003d Map\u0026lt;String, String\u0026gt;\n\nfun countLaLaLand(oscarWinners: OscarWinners) \u003d\n        oscarWinners.count { it.value.contains(\"La La Land\") }\n\n// Note that the type names (initial and the type alias) are interchangeable:\nfun checkLaLaLandIsTheBestMovie(oscarWinners: Map\u0026lt;String, String\u0026gt;) \u003d\n        oscarWinners[\"Best picture\"] \u003d\u003d \"La La Land\"\n//sampleEnd\n\nfun oscarWinners(): OscarWinners {\n    return mapOf(\n            \"Best song\" to \"City of Stars (La La Land)\",\n            \"Best actress\" to \"Emma Stone (La La Land)\",\n            \"Best picture\" to \"Moonlight\" /* ... */)\n}\n\nfun main(args: Array\u0026lt;String\u0026gt;) {\n    val oscarWinners \u003d oscarWinners()\n\n    val laLaLandAwards \u003d countLaLaLand(oscarWinners)\n    println(\"LaLaLandAwards \u003d $laLaLandAwards (in our small example), but actually it\u0027s 6.\")\n\n    val laLaLandIsTheBestMovie \u003d checkLaLaLandIsTheBestMovie(oscarWinners)\n    println(\"LaLaLandIsTheBestMovie \u003d $laLaLandIsTheBestMovie\")\n}\nSee the type aliases documentation and KEEP for more details.\n","pageTitle":"Type aliases","metaDescription":"","type":"Documentation","breadcrumbs":"What\u0027s new in Kotlin///Earlier versions","root":0,"depth":2}