{"objectID":"_whatsnew16.html#stable_exhaustive_when_statements_for_enum_sealed_and_boolean_subjects","parent":"_whatsnew16.html#language","pageViews":0,"url":"https://kotlinlang.org/docs/whatsnew16.html#stable-exhaustive-when-statements-for-enum-sealed-and-boolean-subjects","mainTitle":"What\u0027s new in Kotlin 1.6.0","product":"","headings":"What\u0027s new in Kotlin 1.6.0,Stable exhaustive when statements for enum, sealed, and Boolean subjects","content":"An exhaustive when statement contains branches for all possible types or values of its subject, or for some types plus an else branch. It covers all possible cases, making your code safer.\nWe will soon prohibit non-exhaustive when statements to make the behavior consistent with when expressions. To ensure smooth migration, Kotlin 1.6.0 reports warnings about non-exhaustive when statements with an enum, sealed, or Boolean subject. These warnings will become errors in future releases.\nsealed class Contact {\n    data class PhoneCall(val number: String) : Contact()\n    data class TextMessage(val number: String) : Contact()\n}\n\nfun Contact.messageCost(): Int \u003d\n    when(this) { // Error: \u0027when\u0027 expression must be exhaustive\n        is Contact.PhoneCall -\u0026gt; 42\n    }\n\nfun sendMessage(contact: Contact, message: String) {\n    // Starting with 1.6.0\n\n    // Warning: Non exhaustive \u0027when\u0027 statements on Boolean will be\n    // prohibited in 1.7, add \u0027false\u0027 branch or \u0027else\u0027 branch instead \n    when(message.isEmpty()) {\n        true -\u0026gt; return\n    }\n    // Warning: Non exhaustive \u0027when\u0027 statements on sealed class/interface will be\n    // prohibited in 1.7, add \u0027is TextMessage\u0027 branch or \u0027else\u0027 branch instead\n    when(contact) {\n        is Contact.PhoneCall -\u0026gt; TODO()\n    }\n}\nSee this YouTrack ticket for a more detailed explanation of the change and its effects.\n","pageTitle":"Stable exhaustive when statements for enum, sealed, and Boolean subjects","metaDescription":"","type":"Documentation","breadcrumbs":"What\u0027s new in Kotlin///Earlier versions","root":0,"depth":2}