{"objectID":"_whatsnew1430.html#support_for_xcode_12_2_libraries","parent":"_whatsnew1430.html#language_features","pageViews":0,"url":"https://kotlinlang.org/docs/whatsnew1430.html#support-for-xcode-12-2-libraries","mainTitle":"What\u0027s new in Kotlin 1.4.30","product":"","headings":"What\u0027s new in Kotlin 1.4.30,Support for Xcode 12.2 libraries","content":"We have added support for the new libraries delivered with Xcode 12.2. You can now use them from Kotlin code.\n","pageTitle":"Support for Xcode 12.2 libraries","metaDescription":"","type":"Documentation","breadcrumbs":"What\u0027s new in Kotlin///Earlier versions","root":0,"depth":2}