{"objectID":"_whatsnew14.html#java_sam_interfaces_in_kotlin","parent":"_whatsnew14.html#language_features_and_improvements","pageViews":0,"url":"https://kotlinlang.org/docs/whatsnew14.html#java-sam-interfaces-in-kotlin","mainTitle":"What\u0027s new in Kotlin 1.4.0","product":"","headings":"What\u0027s new in Kotlin 1.4.0,Java SAM interfaces in Kotlin","content":"In Kotlin 1.4, you can use Java SAM interfaces in Kotlin and apply SAM conversions to them.\nimport java.lang.Runnable\n\nfun foo(r: Runnable) {}\n\nfun test() { \n    foo { } // OK\n}\nIn Kotlin 1.3, you would have had to declare the function foo above in Java code to perform a SAM conversion.\n","pageTitle":"Java SAM interfaces in Kotlin","metaDescription":"","type":"Documentation","breadcrumbs":"What\u0027s new in Kotlin///Earlier versions","root":0,"depth":2}