{"objectID":"_whatsnew1720.html#how_to_enable_data_objects","parent":"_whatsnew1720.html#support_for_kotlin_k2_compiler_plugins","pageViews":0,"url":"https://kotlinlang.org/docs/whatsnew1720.html#how-to-enable-data-objects","mainTitle":"What\u0027s new in Kotlin 1.7.20","product":"","headings":"What\u0027s new in Kotlin 1.7.20,How to enable data objects","content":"To use data object declarations in your code, enable the -language-version 1.9 compiler option. In a Gradle project, you can do so by adding the following to your build.gradle(.kts):\n\u003cb\u003eKotlin\u003c/b\u003e tasks.withType\u0026lt;org.jetbrains.kotlin.gradle.tasks.KotlinCompile\u0026gt;().configureEach {\n    // ...\n    kotlinOptions.languageVersion \u003d \"1.9\"\n}\n\u003cb\u003eGroovy\u003c/b\u003e compileKotlin {\n    // ...\n    kotlinOptions.languageVersion \u003d \u00271.9\u0027\n}\nRead more about data objects, and share your feedback on their implementation in the respective KEEP document.\n","pageTitle":"How to enable data objects","metaDescription":"","type":"Documentation","breadcrumbs":"What\u0027s new in Kotlin///Earlier versions","root":0,"depth":2}