{"objectID":"_whatsnew1530.html#exhaustive_when_statements_for_sealed_and_boolean_subjects","parent":"_whatsnew1530.html#language_features","pageViews":0,"url":"https://kotlinlang.org/docs/whatsnew1530.html#exhaustive-when-statements-for-sealed-and-boolean-subjects","mainTitle":"What\u0027s new in Kotlin 1.5.30","product":"","headings":"What\u0027s new in Kotlin 1.5.30,Exhaustive when statements for sealed and Boolean subjects","content":"Support for sealed (exhaustive) when statements is Experimental. It may be dropped or changed at any time. Opt-in is required (see the details below), and you should use it only for evaluation purposes. We would appreciate your feedback on it in YouTrack.\nAn exhaustive when statement contains branches for either all possible types or values of its subject, or for certain types and includes an else branch to cover any remaining cases.\nWe\u0027re planning to prohibit non-exhaustive when statements soon to make the behavior consistent with when expressions. To ensure smooth migration, you can configure the compiler to report warnings about non-exhaustive when statements with a sealed class or a Boolean. Such warnings will appear by default in Kotlin 1.6 and will become errors later.\nEnums already get a warning.\nsealed class Mode {\n    object ON : Mode()\n    object OFF : Mode()\n}\n\nfun main() {\n    val x: Mode \u003d Mode.ON\n    when (x) { \n        Mode.ON -\u0026gt; println(\"ON\")\n    }\n// WARNING: Non exhaustive \u0027when\u0027 statements on sealed classes/interfaces \n// will be prohibited in 1.7, add an \u0027OFF\u0027 or \u0027else\u0027 branch instead\n\n    val y: Boolean \u003d true\n    when (y) {  \n        true -\u0026gt; println(\"true\")\n    }\n// WARNING: Non exhaustive \u0027when\u0027 statements on Booleans will be prohibited \n// in 1.7, add a \u0027false\u0027 or \u0027else\u0027 branch instead\n}\nTo enable this feature in Kotlin 1.5.30, use language version 1.6. You can also change the warnings to errors by enabling progressive mode.\n\u003cb\u003eKotlin\u003c/b\u003e kotlin {\n    sourceSets.all {\n        languageSettings.apply {\n            languageVersion \u003d \"1.6\"\n            //progressiveMode \u003d true // false by default\n        }\n    }\n}\n\u003cb\u003eGroovy\u003c/b\u003e kotlin {\n    sourceSets.all {\n        languageSettings {\n            languageVersion \u003d \u00271.6\u0027\n            //progressiveMode \u003d true // false by default\n        }\n    }\n}\n","pageTitle":"Exhaustive when statements for sealed and Boolean subjects","metaDescription":"","type":"Documentation","breadcrumbs":"What\u0027s new in Kotlin///Earlier versions","root":0,"depth":2}