{"objectID":"_whatsnew20.html#support_in_ides","parent":"_whatsnew20.html#ide_support","pageViews":0,"url":"https://kotlinlang.org/docs/whatsnew20.html#support-in-ides","mainTitle":"What\u0027s new in Kotlin 2.0.0","product":"","headings":"What\u0027s new in Kotlin 2.0.0,Support in IDEs","content":"By default, IntelliJ IDEA and Android Studio still use the previous compiler for code analysis, code completion, highlighting, and other IDE-related features. To get the full Kotlin 2.0 experience in your IDE, enable K2 mode.\nIn your IDE, go to Settings | Languages \u0026amp; Frameworks | Kotlin and select the Enable K2 mode option. The IDE will analyze your code using its K2 mode.\nEnable K2 mode After enabling K2 mode, you may notice differences in IDE analysis due to changes in compiler behavior. Learn how the new K2 compiler differs from the previous one in our migration guide.\n- Learn more about K2 mode in our blog.\n- We are actively collecting feedback about K2 mode, so please share your thoughts in our public Slack channel.\n","pageTitle":"Support in IDEs","metaDescription":"","type":"Documentation","breadcrumbs":"What\u0027s new in Kotlin///Earlier versions","root":0,"depth":2}