{"objectID":"_whatsnew22.html#how_to_enable_nested_type_aliases","parent":"_whatsnew22.html#ide_support","pageViews":0,"url":"https://kotlinlang.org/docs/whatsnew22.html#how-to-enable-nested-type-aliases","mainTitle":"What\u0027s new in Kotlin 2.2.0","product":"","headings":"What\u0027s new in Kotlin 2.2.0,How to enable nested type aliases","content":"To enable nested type aliases in your project, use the following compiler option in the command line:\n-Xnested-type-aliases\nOr add it to the compilerOptions {} block of your Gradle build file:\n// build.gradle.kts\nkotlin {\n    compilerOptions {\n        freeCompilerArgs.add(\"-Xnested-type-aliases\")\n    }\n}\n","pageTitle":"How to enable nested type aliases","metaDescription":"","type":"Documentation","breadcrumbs":"What\u0027s new in Kotlin","root":0,"depth":1}