{"objectID":"_whatsnew_eap.html#suppress_warnings","parent":"_whatsnew_eap.html#ide_support","pageViews":0,"url":"https://kotlinlang.org/docs/whatsnew-eap.html#suppress-warnings","mainTitle":"What\u0027s new in Kotlin 2.2.0-RC3","product":"","headings":"What\u0027s new in Kotlin 2.2.0-RC3,Suppress warnings","content":"Command Description\n-nowarn Suppresses all warnings during compilation.\n-Xwarning-level\u003dDIAGNOSTIC_NAME:disabled Suppresses only specified warnings.\n-nowarn -Xwarning-level\u003dDIAGNOSTIC_NAME:warning Suppresses all warnings except for the specified ones.\n","pageTitle":"Suppress warnings","metaDescription":"","type":"Documentation","breadcrumbs":"What\u0027s new in Kotlin","root":0,"depth":1}