{"objectID":"_whatsnew21.html#improved_overload_resolution_for_functions_with_generic_types","parent":"_whatsnew21.html#ide_support","pageViews":0,"url":"https://kotlinlang.org/docs/whatsnew21.html#improved-overload-resolution-for-functions-with-generic-types","mainTitle":"What\u0027s new in Kotlin 2.1.0","product":"","headings":"What\u0027s new in Kotlin 2.1.0,Improved overload resolution for functions with generic types","content":"Previously, if you had a number of overloads for a function where some had value parameters of a generic type and others had function types in the same position, the resolution behavior could sometimes be inconsistent.\nThis led to different behavior depending on whether your overloads were member functions or extension functions. For example:\nclass KeyValueStore\u0026lt;K, V\u0026gt; {\n    fun store(key: K, value: V) {} // 1\n    fun store(key: K, lazyValue: () -\u0026gt; V) {} // 2\n}\n\nfun \u0026lt;K, V\u0026gt; KeyValueStore\u0026lt;K, V\u0026gt;.storeExtension(key: K, value: V) {} // 1 \nfun \u0026lt;K, V\u0026gt; KeyValueStore\u0026lt;K, V\u0026gt;.storeExtension(key: K, lazyValue: () -\u0026gt; V) {} // 2\n\nfun test(kvs: KeyValueStore\u0026lt;String, Int\u0026gt;) {\n    // Member functions\n    kvs.store(\"\", 1)    // Resolves to 1\n    kvs.store(\"\") { 1 } // Resolves to 2\n\n    // Extension functions\n    kvs.storeExtension(\"\", 1)    // Resolves to 1\n    kvs.storeExtension(\"\") { 1 } // Doesn\u0027t resolve\n}\nIn this example, the KeyValueStore class has two overloads for the store() function, where one overload has function parameters with generic types K and V, and another has a lambda function that returns a generic type V. Similarly, there are two overloads for the extension function: storeExtension().\nWhen the store() function was called with and without a lambda function, the compiler successfully resolved the correct overloads. However, when the extension function storeExtension() was called with a lambda function, the compiler didn\u0027t resolve the correct overload because it incorrectly considered both overloads to be applicable.\nTo fix this problem, we\u0027ve introduced a new heuristic so that the compiler can discard a possible overload when a function parameter with a generic type can\u0027t accept a lambda function based on information from a different argument. This change makes the behavior of member functions and extension functions consistent, and it is enabled by default in Kotlin 2.1.0.\n","pageTitle":"Improved overload resolution for functions with generic types","metaDescription":"","type":"Documentation","breadcrumbs":"What\u0027s new in Kotlin///Earlier versions","root":0,"depth":2}