{"objectID":"_whatsnew20.html#improved_gradle_dependency_handling_for_cinteropprocess_in_kotlin_native","parent":"_whatsnew20.html#ide_support","pageViews":0,"url":"https://kotlinlang.org/docs/whatsnew20.html#improved-gradle-dependency-handling-for-cinteropprocess-in-kotlin-native","mainTitle":"What\u0027s new in Kotlin 2.0.0","product":"","headings":"What\u0027s new in Kotlin 2.0.0,Improved Gradle dependency handling for CInteropProcess in Kotlin/Native","content":"In this release, we enhanced the handling of the defFile property to ensure better Gradle task dependency management in Kotlin/Native projects.\nBefore this update, Gradle builds could fail if the defFile property was designated as an output of another task that hadn\u0027t been executed yet. The workaround for this issue was to add a dependency on this task:\nkotlin {\n    macosArm64(\"native\") {\n        compilations.getByName(\"main\") {\n            cinterops {\n                val cinterop by creating {\n                    defFileProperty.set(createDefFileTask.flatMap { it.defFile.asFile })\n                    project.tasks.named(interopProcessingTaskName).configure {\n                        dependsOn(createDefFileTask)\n                    }\n                }\n            }\n        }\n    }\n}\nTo fix this, there is a new RegularFileProperty property called definitionFile. Now, Gradle lazily verifies the presence of the definitionFile property after the connected task has run later in the build process. This new approach eliminates the need for additional dependencies.\nThe CInteropProcess task and the CInteropSettings class use the definitionFile property instead of defFile and defFileProperty:\n\u003cb\u003eKotlin\u003c/b\u003e kotlin {\n    macosArm64(\"native\") {\n        compilations.getByName(\"main\") {\n            cinterops {\n                val cinterop by creating {\n                    definitionFile.set(project.file(\"def-file.def\"))\n                }\n            }\n        }\n    }\n}\n\u003cb\u003eGroovy\u003c/b\u003e kotlin {\n    macosArm64(\"native\") {\n        compilations.main {\n            cinterops {\n                cinterop {\n                    definitionFile.set(project.file(\"def-file.def\"))\n                }\n            }\n        }\n    }\n}\ndefFile and defFileProperty parameters are deprecated.\n","pageTitle":"Improved Gradle dependency handling for CInteropProcess in Kotlin/Native","metaDescription":"","type":"Documentation","breadcrumbs":"What\u0027s new in Kotlin///Earlier versions","root":0,"depth":2}