{"objectID":"_whatsnew1820.html#removal_of_dukat_integration_from_gradle_plugin","parent":"_whatsnew1820.html#ide_support","pageViews":0,"url":"https://kotlinlang.org/docs/whatsnew1820.html#removal-of-dukat-integration-from-gradle-plugin","mainTitle":"What\u0027s new in Kotlin 1.8.20","product":"","headings":"What\u0027s new in Kotlin 1.8.20,Removal of Dukat integration from Gradle plugin","content":"In Kotlin 1.8.20, we\u0027ve removed our Experimental Dukat integration from the Kotlin/JavaScript Gradle plugin. The Dukat integration supported the automatic conversion of TypeScript declaration files (.d.ts) into Kotlin external declarations.\nYou can still convert TypeScript declaration files (.d.ts) into Kotlin external declarations by using our Dukat tool instead.\nThe Dukat tool is Experimental. It may be dropped or changed at any time.\n","pageTitle":"Removal of Dukat integration from Gradle plugin","metaDescription":"","type":"Documentation","breadcrumbs":"What\u0027s new in Kotlin///Earlier versions","root":0,"depth":2}