{"objectID":"_whatsnew1420.html#support_for_xcode_12_libraries","parent":"_whatsnew1420.html#kotlin_jvm","pageViews":0,"url":"https://kotlinlang.org/docs/whatsnew1420.html#support-for-xcode-12-libraries","mainTitle":"What\u0027s new in Kotlin 1.4.20","product":"","headings":"What\u0027s new in Kotlin 1.4.20,Support for Xcode 12 libraries","content":"We have added support for new libraries delivered with Xcode 12. Now you can use them from the Kotlin code.\n","pageTitle":"Support for Xcode 12 libraries","metaDescription":"","type":"Documentation","breadcrumbs":"What\u0027s new in Kotlin///Earlier versions","root":0,"depth":2}