{"objectID":"_whatsnew13.html#copy_elements_between_two_existing_arrays","parent":"_whatsnew13.html#coroutines_release","pageViews":0,"url":"https://kotlinlang.org/docs/whatsnew13.html#copy-elements-between-two-existing-arrays","mainTitle":"What\u0027s new in Kotlin 1.3","product":"","headings":"What\u0027s new in Kotlin 1.3,Copy elements between two existing arrays","content":"The array.copyInto(targetArray, targetOffset, startIndex, endIndex) functions for the existing array types, including the unsigned arrays, make it easier to implement array-based containers in pure Kotlin.\nfun main() {\n//sampleStart\n    val sourceArr \u003d arrayOf(\"k\", \"o\", \"t\", \"l\", \"i\", \"n\")\n    val targetArr \u003d sourceArr.copyInto(arrayOfNulls\u0026lt;String\u0026gt;(6), 3, startIndex \u003d 3, endIndex \u003d 6)\n    println(targetArr.contentToString())\n    \n    sourceArr.copyInto(targetArr, startIndex \u003d 0, endIndex \u003d 3)\n    println(targetArr.contentToString())\n//sampleEnd\n}\n","pageTitle":"Copy elements between two existing arrays","metaDescription":"","type":"Documentation","breadcrumbs":"What\u0027s new in Kotlin///Earlier versions","root":0,"depth":2}