{"objectID":"_whatsnew20.html#separation_of_common_and_platform_sources_during_compilation","parent":"_whatsnew20.html#ide_support","pageViews":0,"url":"https://kotlinlang.org/docs/whatsnew20.html#separation-of-common-and-platform-sources-during-compilation","mainTitle":"What\u0027s new in Kotlin 2.0.0","product":"","headings":"What\u0027s new in Kotlin 2.0.0,Separation of common and platform sources during compilation","content":"Previously, the design of the Kotlin compiler prevented it from keeping common and platform source sets separate at compile time. As a consequence, common code could access platform code, which resulted in different behavior between platforms. In addition, some compiler settings and dependencies from common code used to leak into platform code.\nIn Kotlin 2.0.0, our implementation of the new Kotlin K2 compiler included a redesign of the compilation scheme to ensure strict separation between common and platform source sets. This change is most noticeable when you use expected and actual functions. Previously, it was possible for a function call in your common code to resolve to a function in platform code. For example:\nCommon code Platform code\nfun foo(x: Any) \u003d println(\"common foo\")\n\nfun exampleFunction() {\n    foo(42)\n}\n// JVM\nfun foo(x: Int) \u003d println(\"platform foo\")\n\n// JavaScript\n// There is no foo() function overload\n// on the JavaScript platform\nIn this example, the common code has different behavior depending on which platform it is run on:\n- On the JVM platform, calling the foo() function in the common code results in the foo() function from the platform code being called as platform foo.\n- On the JavaScript platform, calling the foo() function in the common code results in the foo() function from the common code being called as common foo, as there is no such function available in the platform code.\nIn Kotlin 2.0.0, common code doesn\u0027t have access to platform code, so both platforms successfully resolve the foo() function to the foo() function in the common code: common foo.\nIn addition to the improved consistency of behavior across platforms, we also worked hard to fix cases where there was conflicting behavior between IntelliJ IDEA or Android Studio and the compiler. For instance, when you used expected and actual classes, the following would happen:\nCommon code Platform code\nexpect class Identity {\n    fun confirmIdentity(): String\n}\n\nfun common() {\n    // Before 2.0.0,\n    // it triggers an IDE-only error\n    Identity().confirmIdentity()\n    // RESOLUTION_TO_CLASSIFIER : Expected class\n    // Identity has no default constructor.\n}\nactual class Identity {\n    actual fun confirmIdentity() \u003d \"expect class fun: jvm\"\n}\nIn this example, the expected class Identity has no default constructor, so it can\u0027t be called successfully in common code. Previously, an error was only reported by the IDE, but the code still compiled successfully on the JVM. However, now the compiler correctly reports an error:\nExpected class \u0027expect class Identity : Any\u0027 does not have default constructor\n","pageTitle":"Separation of common and platform sources during compilation","metaDescription":"","type":"Documentation","breadcrumbs":"What\u0027s new in Kotlin///Earlier versions","root":0,"depth":2}