{"objectID":"_whatsnew19.html#kotlin_js","parent":"_whatsnew19.html#ide_support","pageViews":0,"url":"https://kotlinlang.org/docs/whatsnew19.html#kotlin-js","mainTitle":"What\u0027s new in Kotlin 1.9.0","product":"","headings":"What\u0027s new in Kotlin 1.9.0,Kotlin/JS","content":"This release introduces updates for Kotlin/JS, including the removal of the old Kotlin/JS compiler, Kotlin/JS Gradle plugin deprecation and Experimental support for ES2015:\n- Removal of the old Kotlin/JS compiler\n- Deprecation of the Kotlin/JS Gradle plugin\n- Deprecation of external enum\n- Experimental support for ES2015 classes and modules\n- Changed default destination of JS production distribution\n- Extract org.w3c declarations from stdlib-js\nStarting from version 1.9.0, partial library linkage is also enabled for Kotlin/JS.\n","pageTitle":"Kotlin/JS","metaDescription":"","type":"Documentation","breadcrumbs":"What\u0027s new in Kotlin///Earlier versions","root":0,"depth":2}