{"objectID":"_whatsnew17.html#time_marks_based_on_inline_classes_for_default_time_source","parent":"_whatsnew17.html#new_kotlin_k2_compiler_for_the_jvm_in_alpha","pageViews":0,"url":"https://kotlinlang.org/docs/whatsnew17.html#time-marks-based-on-inline-classes-for-default-time-source","mainTitle":"What\u0027s new in Kotlin 1.7.0","product":"","headings":"What\u0027s new in Kotlin 1.7.0,Time marks based on inline classes for default time source","content":"Kotlin 1.7.0 improves the performance of time measurement functionality by changing the time marks returned by TimeSource.Monotonic into inline value classes. This means that calling functions like markNow(), elapsedNow() , measureTime(), and measureTimedValue() doesn\u0027t allocate wrapper classes for their TimeMark instances. Especially when measuring a piece of code that is part of a hot path, this can help minimize the performance impact of the measurement:\n@OptIn(ExperimentalTime::class)\nfun main() {\n    val mark \u003d TimeSource.Monotonic.markNow() // Returned `TimeMark` is inline class\n    val elapsedDuration \u003d mark.elapsedNow()\n}\nThis optimization is only available if the time source from which the TimeMark is obtained is statically known to be TimeSource.Monotonic.\n","pageTitle":"Time marks based on inline classes for default time source","metaDescription":"","type":"Documentation","breadcrumbs":"What\u0027s new in Kotlin///Earlier versions","root":0,"depth":2}