{"objectID":"_whatsnew1820.html#update_for_kotlin_native_targets","parent":"_whatsnew1820.html#ide_support","pageViews":0,"url":"https://kotlinlang.org/docs/whatsnew1820.html#update-for-kotlin-native-targets","mainTitle":"What\u0027s new in Kotlin 1.8.20","product":"","headings":"What\u0027s new in Kotlin 1.8.20,Update for Kotlin/Native targets","content":"The Kotlin team decided to revisit the list of targets supported by Kotlin/Native, split them into tiers, and deprecate some of them starting with Kotlin 1.8.20. See the Kotlin/Native target support section for the full list of supported and deprecated targets.\nThe following targets have been deprecated with Kotlin 1.8.20 and will be removed in 1.9.20:\n- iosArm32\n- watchosX86\n- wasm32\n- mingwX86\n- linuxArm32Hfp\n- linuxMips32\n- linuxMipsel32\nAs for the remaining targets, there are now three tiers of support depending on how well a target is supported and tested in the Kotlin/Native compiler. A target can be moved to a different tier. For example, we\u0027ll do our best to provide full support for iosArm64 in the future, as it is important for Kotlin Multiplatform.\nIf you\u0027re a library author, these target tiers can help you decide which targets to test on CI tools and which ones to skip. The Kotlin team will use the same approach when developing official Kotlin libraries, like kotlinx.coroutines.\nCheck out our blog post to learn more about the reasons for these changes.\n","pageTitle":"Update for Kotlin/Native targets","metaDescription":"","type":"Documentation","breadcrumbs":"What\u0027s new in Kotlin///Earlier versions","root":0,"depth":2}