{"objectID":"_whatsnew13.html#isnullorempty_and_orempty_extensions","parent":"_whatsnew13.html#coroutines_release","pageViews":0,"url":"https://kotlinlang.org/docs/whatsnew13.html#isnullorempty-and-orempty-extensions","mainTitle":"What\u0027s new in Kotlin 1.3","product":"","headings":"What\u0027s new in Kotlin 1.3,isNullOrEmpty and orEmpty extensions","content":"isNullOrEmpty and orEmpty extensions for some types are already present in stdlib. The first one returns true if the receiver is null or empty, and the second one falls back to an empty instance if the receiver is null. Kotlin 1.3 provides similar extensions on collections, maps, and arrays of objects.\n","pageTitle":"isNullOrEmpty and orEmpty extensions","metaDescription":"","type":"Documentation","breadcrumbs":"What\u0027s new in Kotlin///Earlier versions","root":0,"depth":2}