{"objectID":"_whatsnew11.html#sealed_and_data_classes","parent":"_whatsnew11.html#table_of_contents","pageViews":0,"url":"https://kotlinlang.org/docs/whatsnew11.html#sealed-and-data-classes","mainTitle":"What\u0027s new in Kotlin 1.1","product":"","headings":"What\u0027s new in Kotlin 1.1,Sealed and data classes","content":"Kotlin 1.1 removes some of the restrictions on sealed and data classes that were present in Kotlin 1.0. Now you can define subclasses of a top-level sealed class on the top level in the same file, and not just as nested classes of the sealed class. Data classes can now extend other classes. This can be used to define a hierarchy of expression classes nicely and cleanly:\n//sampleStart\nsealed class Expr\n\ndata class Const(val number: Double) : Expr()\ndata class Sum(val e1: Expr, val e2: Expr) : Expr()\nobject NotANumber : Expr()\n\nfun eval(expr: Expr): Double \u003d when (expr) {\n    is Const -\u0026gt; expr.number\n    is Sum -\u0026gt; eval(expr.e1) + eval(expr.e2)\n    NotANumber -\u0026gt; Double.NaN\n}\nval e \u003d eval(Sum(Const(1.0), Const(2.0)))\n//sampleEnd\n\nfun main(args: Array\u0026lt;String\u0026gt;) {\n    println(\"e is $e\") // 3.0\n}\nRead the sealed classes documentation or KEEPs for sealed class and data class for more detail.\n","pageTitle":"Sealed and data classes","metaDescription":"","type":"Documentation","breadcrumbs":"What\u0027s new in Kotlin///Earlier versions","root":0,"depth":2}