{"objectID":"_whatsnew1530.html#kotlin_multiplatform","parent":"_whatsnew1530.html#language_features","pageViews":0,"url":"https://kotlinlang.org/docs/whatsnew1530.html#kotlin-multiplatform","mainTitle":"What\u0027s new in Kotlin 1.5.30","product":"","headings":"What\u0027s new in Kotlin 1.5.30,Kotlin Multiplatform","content":"1.5.30 brings the following notable updates to Kotlin Multiplatform:\n- Ability to use custom cinterop libraries in shared native code\n- Support for XCFrameworks\n- New default publishing setup for Android artifacts\n","pageTitle":"Kotlin Multiplatform","metaDescription":"","type":"Documentation","breadcrumbs":"What\u0027s new in Kotlin///Earlier versions","root":0,"depth":2}