{"objectID":"_whatsnew21.html#overloaded_extension_functions","parent":"_whatsnew21.html#ide_support","pageViews":0,"url":"https://kotlinlang.org/docs/whatsnew21.html#overloaded-extension-functions","mainTitle":"What\u0027s new in Kotlin 2.1.0","product":"","headings":"What\u0027s new in Kotlin 2.1.0,Overloaded extension functions","content":"fun Any.doStuff() \u003d \"Any\"\nfun UByte.doStuff() \u003d \"UByte\"\n\nfun main() {\n    val uByte: UByte \u003d UByte.MIN_VALUE\n    uByte.doStuff() // Overload resolution ambiguity before Kotlin 2.1.0\n}\nIn earlier versions, calling uByte.doStuff() led to ambiguity because both the Any and UByte extensions were applicable.\n","pageTitle":"Overloaded extension functions","metaDescription":"","type":"Documentation","breadcrumbs":"What\u0027s new in Kotlin///Earlier versions","root":0,"depth":2}