{"objectID":"_whatsnew1620.html#kotlin_native","parent":"_whatsnew1620.html#language","pageViews":0,"url":"https://kotlinlang.org/docs/whatsnew1620.html#kotlin-native","mainTitle":"What\u0027s new in Kotlin 1.6.20","product":"","headings":"What\u0027s new in Kotlin 1.6.20,Kotlin/Native","content":"Kotlin/Native 1.6.20 marks continued development of its new components. We\u0027ve taken another step toward consistent experience with Kotlin on other platforms:\n- An update on the new memory manager\n- Concurrent implementation for the sweep phase in new memory manager\n- Instantiation of annotation classes\n- Interop with Swift async/await: returning Swift\u0027s Void instead of KotlinUnit\n- Better stack traces with libbacktrace\n- Support for standalone Android executables\n- Performance improvements\n- Improved error handling during cinterop modules import\n- Support for Xcode 13 libraries\n","pageTitle":"Kotlin/Native","metaDescription":"","type":"Documentation","breadcrumbs":"What\u0027s new in Kotlin///Earlier versions","root":0,"depth":2}