{"objectID":"_whatsnew14.html#new_functions_for_arrays_and_collections","parent":"_whatsnew14.html#language_features_and_improvements","pageViews":0,"url":"https://kotlinlang.org/docs/whatsnew14.html#new-functions-for-arrays-and-collections","mainTitle":"What\u0027s new in Kotlin 1.4.0","product":"","headings":"What\u0027s new in Kotlin 1.4.0,New functions for arrays and collections","content":"","pageTitle":"New functions for arrays and collections","metaDescription":"","type":"Documentation","breadcrumbs":"What\u0027s new in Kotlin///Earlier versions","root":0,"depth":2}