{"objectID":"_whatsnew19.html#new_common_function_to_get_regex_capture_group_by_name","parent":"_whatsnew19.html#ide_support","pageViews":0,"url":"https://kotlinlang.org/docs/whatsnew19.html#new-common-function-to-get-regex-capture-group-by-name","mainTitle":"What\u0027s new in Kotlin 1.9.0","product":"","headings":"What\u0027s new in Kotlin 1.9.0,New common function to get regex capture group by name","content":"Prior to 1.9.0, every platform had its own extension to get a regular expression capture group by its name from a regular expression match. However there was no common function. It wasn\u0027t possible to have a common function prior to Kotlin 1.8.0, because the standard library still supported JVM targets 1.6 and 1.7.\nAs of Kotlin 1.8.0, the standard library is compiled with JVM target 1.8. So in 1.9.0, there is now a common groups function that you can use to retrieve a group\u0027s contents by its name for a regular expression match. This is useful when you want to access the results of regular expression matches belonging to a particular capture group.\nHere is an example with a regular expression containing three capture groups: city, state, and areaCode. You can use these group names to access the matched values:\nfun main() {\n    val regex \u003d \"\"\"\\b(?\u0026lt;city\u0026gt;[A-Za-z\\s]+),\\s(?\u0026lt;state\u0026gt;[A-Z]{2}):\\s(?\u0026lt;areaCode\u0026gt;[0-9]{3})\\b\"\"\".toRegex()\n    val input \u003d \"Coordinates: Austin, TX: 123\"\n    \n    val match \u003d regex.find(input)!!\n    println(match.groups[\"city\"]?.value)\n    // Austin\n    println(match.groups[\"state\"]?.value)\n    // TX\n    println(match.groups[\"areaCode\"]?.value)\n    // 123\n}\n","pageTitle":"New common function to get regex capture group by name","metaDescription":"","type":"Documentation","breadcrumbs":"What\u0027s new in Kotlin///Earlier versions","root":0,"depth":2}