{"objectID":"_whatsnew21.html#basic_support_for_swift_export","parent":"_whatsnew21.html#ide_support","pageViews":0,"url":"https://kotlinlang.org/docs/whatsnew21.html#basic-support-for-swift-export","mainTitle":"What\u0027s new in Kotlin 2.1.0","product":"","headings":"What\u0027s new in Kotlin 2.1.0,Basic support for Swift export","content":"This feature is currently in the early stages of development. It may be dropped or changed at any time. Opt-in is required (see the details below), and you should use it only for evaluation purposes. We would appreciate your feedback on it in YouTrack.\nVersion 2.1.0 takes the first step towards providing support for Swift export in Kotlin, allowing you to export Kotlin sources directly to the Swift interface without using Objective-C headers. This should make multiplatform development for Apple targets easier.\nThe current basic support includes the ability to:\n- Export multiple Gradle modules from Kotlin directly to Swift.\n- Define custom Swift module names with the moduleName property.\n- Set collapse rules for the package structure with the flattenPackage property.\nYou can use the following build file in your project as a starting point for setting up Swift export:\n// build.gradle.kts \nkotlin {\n\n    iosX64()\n    iosArm64()\n    iosSimulatorArm64()\n\n    @OptIn(ExperimentalSwiftExportDsl::class)\n    swiftExport {\n        // Root module name\n        moduleName \u003d \"Shared\"\n\n        // Collapse rule\n        // Removes package prefix from generated Swift code\n        flattenPackage \u003d \"com.example.sandbox\"\n\n        // Export external modules\n        export(project(\":subproject\")) {\n            // Exported module name\n            moduleName \u003d \"Subproject\"\n            // Collapse exported dependency rule\n            flattenPackage \u003d \"com.subproject.library\"\n        }\n    }\n}\nYou can also clone our public sample with Swift export already set up.\nThe compiler automatically generates all the necessary files (including swiftmodule files, static a library, and header and modulemap files) and copies them into the app\u0027s build directory, which you can access from Xcode.\n","pageTitle":"Basic support for Swift export","metaDescription":"","type":"Documentation","breadcrumbs":"What\u0027s new in Kotlin///Earlier versions","root":0,"depth":2}