{"objectID":"_whatsnew17.html#new_experimental_extension_functions_for_java_optionals","parent":"_whatsnew17.html#new_kotlin_k2_compiler_for_the_jvm_in_alpha","pageViews":0,"url":"https://kotlinlang.org/docs/whatsnew17.html#new-experimental-extension-functions-for-java-optionals","mainTitle":"What\u0027s new in Kotlin 1.7.0","product":"","headings":"What\u0027s new in Kotlin 1.7.0,New experimental extension functions for Java Optionals","content":"Kotlin 1.7.0 comes with new convenience functions that simplify working with Optional classes in Java. These new functions can be used to unwrap and convert optional objects on the JVM and help make working with Java APIs more concise.\nThe getOrNull(), getOrDefault(), and getOrElse() extension functions allow you to get the value of an Optional if it\u0027s present. Otherwise, you get null, a default value, or a value returned by a function, respectively:\nval presentOptional \u003d Optional.of(\"I\u0027m here!\")\n\nprintln(presentOptional.getOrNull())\n// \"I\u0027m here!\"\n\nval absentOptional \u003d Optional.empty\u0026lt;String\u0026gt;()\n\nprintln(absentOptional.getOrNull())\n// null\nprintln(absentOptional.getOrDefault(\"Nobody here!\"))\n// \"Nobody here!\"\nprintln(absentOptional.getOrElse {\n    println(\"Optional was absent!\")\n    \"Default value!\"\n})\n// \"Optional was absent!\"\n// \"Default value!\"\nThe toList(), toSet(), and asSequence() extension functions convert the value of a present Optional to a list, set, or sequence, or return an empty collection otherwise. The toCollection() extension function appends the Optional value to an already existing destination collection:\nval presentOptional \u003d Optional.of(\"I\u0027m here!\")\nval absentOptional \u003d Optional.empty\u0026lt;String\u0026gt;()\nprintln(presentOptional.toList() + \",\" + absentOptional.toList())\n// [\"I\u0027m here!\"], []\nprintln(presentOptional.toSet() + \",\" + absentOptional.toSet())\n// [\"I\u0027m here!\"], []\nval myCollection \u003d mutableListOf\u0026lt;String\u0026gt;()\nabsentOptional.toCollection(myCollection)\nprintln(myCollection)\n// []\npresentOptional.toCollection(myCollection)\nprintln(myCollection)\n// [\"I\u0027m here!\"]\nval list \u003d listOf(presentOptional, absentOptional).flatMap { it.asSequence() }\nprintln(list)\n// [\"I\u0027m here!\"]\nThese extension functions are being introduced as Experimental in Kotlin 1.7.0. You can learn more about Optional extensions in this KEEP. As always, we welcome your feedback in the Kotlin issue tracker.\n","pageTitle":"New experimental extension functions for Java Optionals","metaDescription":"","type":"Documentation","breadcrumbs":"What\u0027s new in Kotlin///Earlier versions","root":0,"depth":2}