{"objectID":"_whatsnew2020.html#strong_skipping_mode_enabled_by_default","parent":"_whatsnew2020.html#ide_support","pageViews":0,"url":"https://kotlinlang.org/docs/whatsnew2020.html#strong-skipping-mode-enabled-by-default","mainTitle":"What\u0027s new in Kotlin 2.0.20","product":"","headings":"What\u0027s new in Kotlin 2.0.20,Strong skipping mode enabled by default","content":"Strong skipping mode for the Compose compiler is now enabled by default.\nStrong skipping mode is a Compose compiler configuration option that changes the rules for what composables can be skipped. With strong skipping mode enabled, composables with unstable parameters can now also be skipped. Strong skipping mode also automatically remembers lambdas used in composable functions, so you should no longer need to wrap your lambdas with remember to avoid recomposition.\nFor more details, see the strong skipping mode documentation.\n","pageTitle":"Strong skipping mode enabled by default","metaDescription":"","type":"Documentation","breadcrumbs":"What\u0027s new in Kotlin///Earlier versions","root":0,"depth":2}