{"objectID":"_whatsnew1920.html#kotlin_multiplatform_is_stable","parent":"_whatsnew1920.html#ide_support","pageViews":0,"url":"https://kotlinlang.org/docs/whatsnew1920.html#kotlin-multiplatform-is-stable","mainTitle":"What\u0027s new in Kotlin 1.9.20","product":"","headings":"What\u0027s new in Kotlin 1.9.20,Kotlin Multiplatform is Stable","content":"The 1.9.20 release marks an important milestone in the evolution of Kotlin: Kotlin Multiplatform has finally become Stable. This means that the technology is safe to use in your projects and 100% ready for production. It also means that further development of Kotlin Multiplatform will continue according to our strict backward compatibility rules.\nPlease note that some advanced features of Kotlin Multiplatform are still evolving. When using them, you\u0027ll receive a warning that describes the current stability status of the feature you\u0027re using. Before using any experimental functionality in IntelliJ IDEA,you\u0027ll need to enable it explicitly in Settings | Advanced Settings | Kotlin | Experimental Multiplatform.\n- Visit the Kotlin blog to learn more about the Kotlin Multiplatform stabilization and future plans.\n- Check out the Multiplatform compatibility guide to see what significant changes were made on the way to stabilization.\n- Read about the mechanism of expected and actual declarations, an important part of Kotlin Multiplatform that was also partially stabilized in this release.\n","pageTitle":"Kotlin Multiplatform is Stable","metaDescription":"","type":"Documentation","breadcrumbs":"What\u0027s new in Kotlin///Earlier versions","root":0,"depth":2}