{"objectID":"_whatsnew1820.html#new_jvm_incremental_compilation_by_default_in_gradle","parent":"_whatsnew1820.html#ide_support","pageViews":0,"url":"https://kotlinlang.org/docs/whatsnew1820.html#new-jvm-incremental-compilation-by-default-in-gradle","mainTitle":"What\u0027s new in Kotlin 1.8.20","product":"","headings":"What\u0027s new in Kotlin 1.8.20,New JVM incremental compilation by default in Gradle","content":"The new approach to incremental compilation, which has been available since Kotlin 1.7.0, now works by default. You no longer need to specify kotlin.incremental.useClasspathSnapshot\u003dtrue in your gradle.properties to enable it.\nWe would appreciate your feedback on this. You can file an issue in YouTrack.\n","pageTitle":"New JVM incremental compilation by default in Gradle","metaDescription":"","type":"Documentation","breadcrumbs":"What\u0027s new in Kotlin///Earlier versions","root":0,"depth":2}