{"objectID":"_whatsnew1530.html#kotlin_js","parent":"_whatsnew1530.html#language_features","pageViews":0,"url":"https://kotlinlang.org/docs/whatsnew1530.html#kotlin-js","mainTitle":"What\u0027s new in Kotlin 1.5.30","product":"","headings":"What\u0027s new in Kotlin 1.5.30,Kotlin/JS","content":"Two major improvements are coming to Kotlin/JS with 1.5.30:\n- JS IR compiler backend reaches Beta\n- Better debugging experience for applications with the Kotlin/JS IR backend\n","pageTitle":"Kotlin/JS","metaDescription":"","type":"Documentation","breadcrumbs":"What\u0027s new in Kotlin///Earlier versions","root":0,"depth":2}