{"objectID":"_whatsnew1420.html#extensions_for_java_nio_file_path","parent":"_whatsnew1420.html#kotlin_jvm","pageViews":0,"url":"https://kotlinlang.org/docs/whatsnew1420.html#extensions-for-java-nio-file-path","mainTitle":"What\u0027s new in Kotlin 1.4.20","product":"","headings":"What\u0027s new in Kotlin 1.4.20,Extensions for java.nio.file.Path","content":"Extensions for java.nio.file.Path are Experimental. They may be dropped or changed at any time. Opt-in is required (see details below). Use them only for evaluation purposes. We appreciate your feedback on them in YouTrack.\nNow the standard library provides experimental extensions for java.nio.file.Path. Working with the modern JVM file API in an idiomatic Kotlin way is now similar to working with java.io.File extensions from the kotlin.io package.\n// construct path with the div (/) operator\nval baseDir \u003d Path(\"/base\")\nval subDir \u003d baseDir / \"subdirectory\" \n\n// list files in a directory\nval kotlinFiles: List\u0026lt;Path\u0026gt; \u003d Path(\"/home/user\").listDirectoryEntries(\"*.kt\")\nThe extensions are available in the kotlin.io.path package in the kotlin-stdlib-jdk7 module. To use the extensions, opt-in to the experimental annotation @ExperimentalPathApi.\n","pageTitle":"Extensions for java.nio.file.Path","metaDescription":"","type":"Documentation","breadcrumbs":"What\u0027s new in Kotlin///Earlier versions","root":0,"depth":2}