{"objectID":"_whatsnew_eap.html#separated_npm_dependencies","parent":"_whatsnew_eap.html#ide_support","pageViews":0,"url":"https://kotlinlang.org/docs/whatsnew-eap.html#separated-npm-dependencies","mainTitle":"What\u0027s new in Kotlin 2.2.20-Beta2","product":"","headings":"What\u0027s new in Kotlin 2.2.20-Beta2,Separated npm dependencies","content":"Previously, in your Kotlin/Wasm projects, all npm dependencies were installed together in your project folder. It included both your own dependencies and Kotlin tooling dependencies. These dependencies were also recorded together in your project\u0027s lock files (package-lock.json or yarn.lock).\nAs a result, whenever Kotlin tooling dependencies were updated, you had to update your lock files even if you didn\u0027t add or change anything.\nStarting from Kotlin 2.2.20-Beta2, the Kotlin tooling npm dependencies are installed outside your project. Now, the tooling and the user dependencies have separate directories:\n- Tooling dependencies\u0027 directory:\n\u0026lt;kotlin-user-home\u0026gt;/kotlin-npm-tooling/\u0026lt;yarn|npm\u0026gt;/hash/node_modules\n- User dependencies\u0027 directory:\nbuild/wasm/node_modules\nAlso, the lock files inside the project directory contain only user-defined dependencies.\nThis improvement keeps your lock files focused only on your own dependencies, helps maintain a cleaner project, and reduces unnecessary changes to your files.\nThis change is enabled by default for the wasm-js target. The change is not yet implemented for the js target. While there are plans to implement it in future releases, the behavior of the npm dependencies remains the same for the js target in Kotlin 2.2.20-Beta2.\n","pageTitle":"Separated npm dependencies","metaDescription":"","type":"Documentation","breadcrumbs":"What\u0027s new in Kotlin","root":0,"depth":1}