{"objectID":"_whatsnew21.html#iosarm64_promoted_to_tier_1","parent":"_whatsnew21.html#ide_support","pageViews":0,"url":"https://kotlinlang.org/docs/whatsnew21.html#iosarm64-promoted-to-tier-1","mainTitle":"What\u0027s new in Kotlin 2.1.0","product":"","headings":"What\u0027s new in Kotlin 2.1.0,iosArm64 promoted to Tier 1","content":"The iosArm64 target, which is crucial for Kotlin Multiplatform development, has been promoted to Tier 1. This is the highest level of support in the Kotlin/Native compiler.\nThis means the target is regularly tested on the CI pipeline to ensure that it\u0027s able to compile and run. We also provide source and binary compatibility between compiler releases for the target.\nFor more information on target tiers, see Kotlin/Native target support.\n","pageTitle":"iosArm64 promoted to Tier 1","metaDescription":"","type":"Documentation","breadcrumbs":"What\u0027s new in Kotlin///Earlier versions","root":0,"depth":2}