{"objectID":"_whatsnew17.html#removed_jvm_target_version_1_6","parent":"_whatsnew17.html#new_kotlin_k2_compiler_for_the_jvm_in_alpha","pageViews":0,"url":"https://kotlinlang.org/docs/whatsnew17.html#removed-jvm-target-version-1-6","mainTitle":"What\u0027s new in Kotlin 1.7.0","product":"","headings":"What\u0027s new in Kotlin 1.7.0,Removed JVM target version 1.6","content":"The default target version for Kotlin/JVM compilations is 1.8. The 1.6 target has been removed.\nPlease migrate to JVM target 1.8 or above. Learn how to update the JVM target version for:\n- Gradle\n- Maven\n- The command-line compiler\n","pageTitle":"Removed JVM target version 1.6","metaDescription":"","type":"Documentation","breadcrumbs":"What\u0027s new in Kotlin///Earlier versions","root":0,"depth":2}