{"objectID":"_whatsnew14.html#type_annotations_in_the_jvm_bytecode","parent":"_whatsnew14.html#language_features_and_improvements","pageViews":0,"url":"https://kotlinlang.org/docs/whatsnew14.html#type-annotations-in-the-jvm-bytecode","mainTitle":"What\u0027s new in Kotlin 1.4.0","product":"","headings":"What\u0027s new in Kotlin 1.4.0,Type annotations in the JVM bytecode","content":"Kotlin can now generate type annotations in the JVM bytecode (target version 1.8+), so that they become available in Java reflection at runtime. To emit the type annotation in the bytecode, follow these steps:\n2. Make sure that your declared annotation has a proper annotation target (Java\u0027s ElementType.TYPE_USE or Kotlin\u0027s AnnotationTarget.TYPE) and retention (AnnotationRetention.RUNTIME).\n4. Compile the annotation class declaration to JVM bytecode target version 1.8+. You can specify it with -jvm-target\u003d1.8 compiler option.\n6. Compile the code that uses the annotation to JVM bytecode target version 1.8+ (-jvm-target\u003d1.8) and add the -Xemit-jvm-type-annotations compiler option.\nNote that the type annotations from the standard library aren\u0027t emitted in the bytecode for now because the standard library is compiled with the target version 1.6.\nSo far, only the basic cases are supported:\n- Type annotations on method parameters, method return types and property types;\n- Invariant projections of type arguments, such as Smth\u0026lt;@Ann Foo\u0026gt;, Array\u0026lt;@Ann Foo\u0026gt;.\nIn the following example, the @Foo annotation on the String type can be emitted to the bytecode and then used by the library code:\n@Target(AnnotationTarget.TYPE)\nannotation class Foo\n\nclass A {\n    fun foo(): @Foo String \u003d \"OK\"\n}\n","pageTitle":"Type annotations in the JVM bytecode","metaDescription":"","type":"Documentation","breadcrumbs":"What\u0027s new in Kotlin///Earlier versions","root":0,"depth":2}