{"objectID":"_whatsnew22.html#flexibility_to_configure_different_compiler_versions_from_kotlin","parent":"_whatsnew22.html#ide_support","pageViews":0,"url":"https://kotlinlang.org/docs/whatsnew22.html#flexibility-to-configure-different-compiler-versions-from-kotlin","mainTitle":"What\u0027s new in Kotlin 2.2.0","product":"","headings":"What\u0027s new in Kotlin 2.2.0,Flexibility to configure different compiler versions from Kotlin","content":"Sometimes you might want to use a newer Kotlin compiler version in your code while keeping the KGP on an older one – for example, to try new language features while still working through build script deprecations. Or you might want to update the version of the KGP but keep an older Kotlin compiler version.\nThe BTA makes this possible. Here\u0027s how you can configure it in your build.gradle.kts file:\n// build.gradle.kts\nimport org.jetbrains.kotlin.buildtools.api.ExperimentalBuildToolsApi\nimport org.jetbrains.kotlin.gradle.ExperimentalKotlinGradlePluginApi\n\nplugins { \n    kotlin(\"jvm\") version \"2.2.0\"\n}\n\ngroup \u003d \"org.jetbrains.example\"\nversion \u003d \"1.0-SNAPSHOT\"\n\nrepositories { \n    mavenCentral()\n}\n\nkotlin { \n    jvmToolchain(8)\n    @OptIn(ExperimentalBuildToolsApi::class, ExperimentalKotlinGradlePluginApi::class) \n    compilerVersion.set(\"2.1.21\") // Different version than 2.2.0\n}\n\nThe BTA supports configuring the KGP and Kotlin compiler versions with the three previous major versions and one subsequent major version. So in KGP 2.2.0, Kotlin compiler versions 2.1.x, 2.0.x, and 1.9.25 are supported. KGP 2.2.0 is also compatible with future Kotlin compiler versions 2.2.x and 2.3.x.\nHowever, keep in mind that using different compiler versions together with compiler plugins may lead to Kotlin compiler exceptions. The Kotlin team plans to address these kinds of problems in future releases.\nTry out the BTA with these plugins and send us your feedback in the dedicated YouTrack tickets for the KGP and the Maven plugin.\n","pageTitle":"Flexibility to configure different compiler versions from Kotlin","metaDescription":"","type":"Documentation","breadcrumbs":"What\u0027s new in Kotlin","root":0,"depth":1}