{"objectID":"_whatsnew13.html#jvmstatic_and_jvmfield_in_companions_of_interfaces","parent":"_whatsnew13.html#coroutines_release","pageViews":0,"url":"https://kotlinlang.org/docs/whatsnew13.html#jvmstatic-and-jvmfield-in-companions-of-interfaces","mainTitle":"What\u0027s new in Kotlin 1.3","product":"","headings":"What\u0027s new in Kotlin 1.3,@JvmStatic and @JvmField in companions of interfaces","content":"With Kotlin 1.3, it is possible to mark members of a companion object of interfaces with annotations @JvmStatic and @JvmField. In the classfile, such members will be lifted to the corresponding interface and marked as static.\nFor example, the following Kotlin code:\ninterface Foo {\n    companion object {\n        @JvmField\n        val answer: Int \u003d 42\n\n        @JvmStatic\n        fun sayHello() {\n            println(\"Hello, world!\")\n        }\n    }\n}\nIt is equivalent to this Java code:\ninterface Foo {\n    public static int answer \u003d 42;\n    public static void sayHello() {\n        // ...\n    }\n}\n","pageTitle":"@JvmStatic and @JvmField in companions of interfaces","metaDescription":"","type":"Documentation","breadcrumbs":"What\u0027s new in Kotlin///Earlier versions","root":0,"depth":2}