{"objectID":"_whatsnew2120.html#lombok_compiler_plugin_support_for_superbuilder_and_updates_on_builder","parent":"_whatsnew2120.html#ide_support","pageViews":0,"url":"https://kotlinlang.org/docs/whatsnew2120.html#lombok-compiler-plugin-support-for-superbuilder-and-updates-on-builder","mainTitle":"What\u0027s new in Kotlin 2.1.20","product":"","headings":"What\u0027s new in Kotlin 2.1.20,Lombok compiler plugin: support for  and updates on","content":"The Kotlin Lombok compiler plugin now supports the @SuperBuilder annotation, making it easier to create builders for class hierarchies. Previously, developers using Lombok in Kotlin had to manually define builders when working with inheritance. With @SuperBuilder, the builder automatically inherits superclass fields, allowing you to initialize them when constructing an object.\nAdditionally, this update includes several improvements and bug fixes:\n- The @Builder annotation now works on constructors, allowing more flexible object creation. For more details, see the corresponding YouTrack issue.\n- Several issues related to Lombok\u0027s code generation in Kotlin have been resolved, improving overall compatibility. For more details, see the GitHub changelog.\nFor more information about the @SuperBuilder annotation, see the official Lombok documentation.\n","pageTitle":"Lombok compiler plugin: support for  and updates on","metaDescription":"","type":"Documentation","breadcrumbs":"What\u0027s new in Kotlin","root":0,"depth":1}