{"objectID":"_whatsnew_eap.html#support_for_rich_output_in_console_for_kotlin_gradle_plugin","parent":"_whatsnew_eap.html#ide_support","pageViews":0,"url":"https://kotlinlang.org/docs/whatsnew-eap.html#support-for-rich-output-in-console-for-kotlin-gradle-plugin","mainTitle":"What\u0027s new in Kotlin 2.2.0-RC3","product":"","headings":"What\u0027s new in Kotlin 2.2.0-RC3,Support for rich output in console for Kotlin Gradle plugin","content":"In Kotlin 2.2.0-RC3, we support color and other rich output in the console during the Gradle build process, making it easier to read and understand the reported diagnostics. Rich output is available in supported terminal emulators for Linux and macOS. We\u0027re working on adding support for Windows.\nGradle console This feature is enabled by default, but if you want to override it, add the following Gradle property to your gradle.properties file:\norg.gradle.console\u003dplain\nFor more information about this property and its options, see Gradle\u0027s documentation on Customizing log format.\n","pageTitle":"Support for rich output in console for Kotlin Gradle plugin","metaDescription":"","type":"Documentation","breadcrumbs":"What\u0027s new in Kotlin","root":0,"depth":1}