{"objectID":"_whatsnew1420.html#updated_structure_of_multiplatform_library_publications","parent":"_whatsnew1420.html#kotlin_jvm","pageViews":0,"url":"https://kotlinlang.org/docs/whatsnew1420.html#updated-structure-of-multiplatform-library-publications","mainTitle":"What\u0027s new in Kotlin 1.4.20","product":"","headings":"What\u0027s new in Kotlin 1.4.20,Updated structure of multiplatform library publications","content":"Starting from Kotlin 1.4.20, there is no longer a separate metadata publication. Metadata artifacts are now included in the root publication which stands for the whole library and is automatically resolved to the appropriate platform-specific artifacts when added as a dependency to the common source set.\nLearn more about publishing a multiplatform library.\n","pageTitle":"Updated structure of multiplatform library publications","metaDescription":"","type":"Documentation","breadcrumbs":"What\u0027s new in Kotlin///Earlier versions","root":0,"depth":2}