{"objectID":"_whatsnew21.html#how_to_set_up_your_project","parent":"_whatsnew21.html#ide_support","pageViews":0,"url":"https://kotlinlang.org/docs/whatsnew21.html#how-to-set-up-your-project","mainTitle":"What\u0027s new in Kotlin 2.1.0","product":"","headings":"What\u0027s new in Kotlin 2.1.0,How to set up your project","content":"By default, Kotlin compilation and linking tasks are now configured to use the new non-packed artifacts.\nIf you have set up custom build logic for resolving klibs and want to use the new unpacked artifacts, you need to explicitly specify the preferred variant of klib package resolution in your Gradle build file:\n// build.gradle.kts\nimport org.jetbrains.kotlin.gradle.plugin.attributes.KlibPackaging\n// ...\nval resolvableConfiguration \u003d configurations.resolvable(\"resolvable\") {\n\n    // For the new non-packed configuration:\n    attributes.attribute(KlibPackaging.ATTRIBUTE, project.objects.named(KlibPackaging.NON_PACKED))\n\n    // For the previous packed configuration:\n    attributes.attribute(KlibPackaging.ATTRIBUTE, project.objects.named(KlibPackaging.PACKED))\n}\nNon-packed .klib files are generated at the same path in your project\u0027s build directory as the packed ones previously were. In turn, packed klibs are now located in the build/libs directory.\nIf no attribute is specified, the packed variant is used. You can check the list of available attributes and variants with the following console command:\n./gradlew outgoingVariants\nWe would appreciate your feedback on this feature in YouTrack.\n","pageTitle":"How to set up your project","metaDescription":"","type":"Documentation","breadcrumbs":"What\u0027s new in Kotlin///Earlier versions","root":0,"depth":2}