{"objectID":"_whatsnew1920.html#new_wasm_wasi_target_and_the_renaming_of_the_wasm_target_to_wasm_js","parent":"_whatsnew1920.html#ide_support","pageViews":0,"url":"https://kotlinlang.org/docs/whatsnew1920.html#new-wasm-wasi-target-and-the-renaming-of-the-wasm-target-to-wasm-js","mainTitle":"What\u0027s new in Kotlin 1.9.20","product":"","headings":"What\u0027s new in Kotlin 1.9.20,New wasm-wasi target, and the renaming of the wasm target to wasm-js","content":"In this release, we\u0027re introducing a new target for Kotlin/Wasm – wasm-wasi. We\u0027re also renaming the wasm target to wasm-js. In the Gradle DSL, these targets are available as wasmWasi {} and wasmJs {}, respectively.\nTo use these targets in your project, update the build.gradle.kts file:\nkotlin {\n    wasmWasi {\n        // ...\n    }\n    wasmJs {\n        // ...\n    }\n}\nThe previously introduced wasm {} block has been deprecated in favor of wasmJs {}.\nTo migrate your existing Kotlin/Wasm project, do the following:\n- In the build.gradle.kts file, rename the wasm {} block to wasmJs {}.\n- In your project structure, rename the wasmMain directory to wasmJsMain.\n","pageTitle":"New wasm-wasi target, and the renaming of the wasm target to wasm-js","metaDescription":"","type":"Documentation","breadcrumbs":"What\u0027s new in Kotlin///Earlier versions","root":0,"depth":2}