{"objectID":"_whatsnew20.html#support_for_named_export","parent":"_whatsnew20.html#ide_support","pageViews":0,"url":"https://kotlinlang.org/docs/whatsnew20.html#support-for-named-export","mainTitle":"What\u0027s new in Kotlin 2.0.0","product":"","headings":"What\u0027s new in Kotlin 2.0.0,Support for named export","content":"Previously, all exported declarations from Kotlin/Wasm were imported into JavaScript using default export:\n//JavaScript:\nimport Module from \"./index.mjs\"\n\nModule.add()\nNow, you can import each Kotlin declaration marked with @JsExport by name:\n// Kotlin:\n@JsExport\nfun add(a: Int, b: Int) \u003d a + b\n//JavaScript:\nimport { add } from \"./index.mjs\"\nNamed exports make it easier to share code between Kotlin and JavaScript modules. They improve readability and help you manage dependencies between modules.\n","pageTitle":"Support for named export","metaDescription":"","type":"Documentation","breadcrumbs":"What\u0027s new in Kotlin///Earlier versions","root":0,"depth":2}