{"objectID":"_whatsnew22.html#improved_in_process_compiler_execution_strategy","parent":"_whatsnew22.html#ide_support","pageViews":0,"url":"https://kotlinlang.org/docs/whatsnew22.html#improved-in-process-compiler-execution-strategy","mainTitle":"What\u0027s new in Kotlin 2.2.0","product":"","headings":"What\u0027s new in Kotlin 2.2.0,Improved \"in process\" compiler execution strategy","content":"The KGP supports three Kotlin compiler execution strategies. The \u0026quot;in process\u0026quot; strategy, which runs the compiler inside the Gradle daemon process, previously didn\u0027t support incremental compilation.\nNow, using the BTA, the \u0026quot;in-process\u0026quot; strategy does support incremental compilation. To use it, add the following property to your gradle.properties file:\nkotlin.compiler.execution.strategy\u003din-process\n","pageTitle":"Improved \"in process\" compiler execution strategy","metaDescription":"","type":"Documentation","breadcrumbs":"What\u0027s new in Kotlin","root":0,"depth":1}