{"objectID":"_whatsnew2020.html#ability_to_create_kotlin_collections_from_javascript","parent":"_whatsnew2020.html#ide_support","pageViews":0,"url":"https://kotlinlang.org/docs/whatsnew2020.html#ability-to-create-kotlin-collections-from-javascript","mainTitle":"What\u0027s new in Kotlin 2.0.20","product":"","headings":"What\u0027s new in Kotlin 2.0.20,Ability to create Kotlin collections from JavaScript","content":"This feature is Experimental. It may be dropped or changed at any time. Use it only for evaluation purposes. We would appreciate your feedback on it in YouTrack.\nKotlin 2.0.0 introduced the ability to export Kotlin collections to JavaScript (and TypeScript). Now, the JetBrains team is taking another step to improve collection interoperability. Starting with Kotlin 2.0.20, it\u0027s possible to create Kotlin collections directly from the JavaScript/TypeScript side.\nYou can create Kotlin collections from JavaScript and pass them as arguments to the exported constructors or functions. As soon as you mention a collection inside an exported declaration, Kotlin generates a factory for the collection that is available in JavaScript/TypeScript.\nTake a look at the following exported function:\n// Kotlin\n@JsExport\nfun consumeMutableMap(map: MutableMap\u0026lt;String, Int\u0026gt;)\nSince the MutableMap collection is mentioned, Kotlin generates an object with a factory method available from JavaScript/TypeScript. This factory method then creates a MutableMap from a JavaScript Map:\n// JavaScript\nimport { consumeMutableMap } from \"an-awesome-kotlin-module\"\nimport { KtMutableMap } from \"an-awesome-kotlin-module/kotlin-kotlin-stdlib\"\n\nconsumeMutableMap(\n    KtMutableMap.fromJsMap(new Map([[\"First\", 1], [\"Second\", 2]]))\n)\nThis feature is available for the Set, Map, and List Kotlin collection types and their mutable counterparts.\n","pageTitle":"Ability to create Kotlin collections from JavaScript","metaDescription":"","type":"Documentation","breadcrumbs":"What\u0027s new in Kotlin///Earlier versions","root":0,"depth":2}