{"objectID":"_whatsnew22.html#preview_of_features_for_annotation_use_site_targets","parent":"_whatsnew22.html#ide_support","pageViews":0,"url":"https://kotlinlang.org/docs/whatsnew22.html#preview-of-features-for-annotation-use-site-targets","mainTitle":"What\u0027s new in Kotlin 2.2.0","product":"","headings":"What\u0027s new in Kotlin 2.2.0,Preview of features for annotation use-site targets","content":"Kotlin 2.2.0 introduces a couple of features that make working with annotation use-site targets more convenient.\n","pageTitle":"Preview of features for annotation use-site targets","metaDescription":"","type":"Documentation","breadcrumbs":"What\u0027s new in Kotlin","root":0,"depth":1}