{"objectID":"_whatsnew17.html#standard_library","parent":"_whatsnew17.html#new_kotlin_k2_compiler_for_the_jvm_in_alpha","pageViews":0,"url":"https://kotlinlang.org/docs/whatsnew17.html#standard-library","mainTitle":"What\u0027s new in Kotlin 1.7.0","product":"","headings":"What\u0027s new in Kotlin 1.7.0,Standard library","content":"In Kotlin 1.7.0, the standard library has received a range of changes and improvements. They introduce new features, stabilize experimental ones, and unify support for named capturing groups for Native, JS, and the JVM:\n- min() and max() collection functions return as non-nullable\n- Regular expression matching at specific indices\n- Extended support of previous language and API versions\n- Access to annotations via reflection\n- Stable deep recursive functions\n- Time marks based on inline classes for default time source\n- New experimental extension functions for Java Optionals\n- Support for named capturing groups in JS and Native\n","pageTitle":"Standard library","metaDescription":"","type":"Documentation","breadcrumbs":"What\u0027s new in Kotlin///Earlier versions","root":0,"depth":2}