{"objectID":"_whatsnew1720.html#freezing","parent":"_whatsnew1720.html#support_for_kotlin_k2_compiler_plugins","pageViews":0,"url":"https://kotlinlang.org/docs/whatsnew1720.html#freezing","mainTitle":"What\u0027s new in Kotlin 1.7.20","product":"","headings":"What\u0027s new in Kotlin 1.7.20,Freezing","content":"In the new memory manager, freezing is deprecated. Don\u0027t use it unless you need your code to work with the legacy manager (where freezing is still required). This may be helpful for library authors that need to maintain support for the legacy memory manager or developers who want to have a fallback if they encounter issues with the new memory manager.\nIn such cases, you can temporarily support code for both new and legacy memory managers. To ignore deprecation warnings, do one of the following:\n- Annotate usages of the deprecated API with @OptIn(FreezingIsDeprecated::class).\n- Apply languageSettings.optIn(\u0026quot;kotlin.native.FreezingIsDeprecated\u0026quot;) to all the Kotlin source sets in Gradle.\n- Pass the compiler flag -opt-in\u003dkotlin.native.FreezingIsDeprecated.\n","pageTitle":"Freezing","metaDescription":"","type":"Documentation","breadcrumbs":"What\u0027s new in Kotlin///Earlier versions","root":0,"depth":2}