{"objectID":"_whatsnew22.html#compose_compiler","parent":"_whatsnew22.html#ide_support","pageViews":0,"url":"https://kotlinlang.org/docs/whatsnew22.html#compose-compiler","mainTitle":"What\u0027s new in Kotlin 2.2.0","product":"","headings":"What\u0027s new in Kotlin 2.2.0,Compose compiler","content":"In this release, the Compose compiler introduces support for composable function references and changes defaults for several feature flags.\n","pageTitle":"Compose compiler","metaDescription":"","type":"Documentation","breadcrumbs":"What\u0027s new in Kotlin","root":0,"depth":1}