{"objectID":"_whatsnew1420.html#invokedynamic_string_concatenation","parent":"_whatsnew1420.html#kotlin_jvm","pageViews":0,"url":"https://kotlinlang.org/docs/whatsnew1420.html#invokedynamic-string-concatenation","mainTitle":"What\u0027s new in Kotlin 1.4.20","product":"","headings":"What\u0027s new in Kotlin 1.4.20,invokedynamic string concatenation","content":"invokedynamic string concatenation is Experimental. It may be dropped or changed at any time. Opt-in is required (see details below). Use it only for evaluation purposes. We appreciate your feedback on it in YouTrack.\nKotlin 1.4.20 can compile string concatenations into dynamic invocations on JVM 9+ targets, therefore improving the performance.\nCurrently, this feature is experimental and covers the following cases:\n- String.plus in the operator (a + b), explicit (a.plus(b)), and reference ((a::plus)(b)) form.\n- toString on inline and data classes.\n- string templates except for ones with a single non-constant argument (see KT-42457).\nTo enable invokedynamic string concatenation, add the -Xstring-concat compiler option with one of the following values:\n- indy-with-constants to perform invokedynamic concatenation on strings with StringConcatFactory.makeConcatWithConstants().\n- indy to perform invokedynamic concatenation on strings with StringConcatFactory.makeConcat().\n- inline to switch back to the classic concatenation via StringBuilder.append().\n","pageTitle":"invokedynamic string concatenation","metaDescription":"","type":"Documentation","breadcrumbs":"What\u0027s new in Kotlin///Earlier versions","root":0,"depth":2}