{"objectID":"_whatsnew1720.html#improved_string_representations_for_singletons_and_sealed_class_hierarchies_with_data_objects","parent":"_whatsnew1720.html#support_for_kotlin_k2_compiler_plugins","pageViews":0,"url":"https://kotlinlang.org/docs/whatsnew1720.html#improved-string-representations-for-singletons-and-sealed-class-hierarchies-with-data-objects","mainTitle":"What\u0027s new in Kotlin 1.7.20","product":"","headings":"What\u0027s new in Kotlin 1.7.20,Improved string representations for singletons and sealed class hierarchies with data objects","content":"Data objects are Experimental, and have limited support in the IDE at the moment.\nThis release introduces a new type of object declaration for you to use: data object. Data object behaves conceptually identical to a regular object declaration but comes with a clean toString representation out of the box.\npackage org.example\nobject MyObject\ndata object MyDataObject\n\nfun main() {\n    println(MyObject) // org.example.MyObject@1f32e575\n    println(MyDataObject) // MyDataObject\n}\nThis makes data object declarations perfect for sealed class hierarchies, where you may use them alongside data class declarations. In this snippet, declaring EndOfFile as a data object instead of a plain object means that it will get a pretty toString without the need to override it manually, maintaining symmetry with the accompanying data class definitions:\nsealed class ReadResult {\n    data class Number(val value: Int) : ReadResult()\n    data class Text(val value: String) : ReadResult()\n    data object EndOfFile : ReadResult()\n}\n\nfun main() {\n    println(ReadResult.Number(1)) // Number(value\u003d1)\n    println(ReadResult.Text(\"Foo\")) // Text(value\u003dFoo)\n    println(ReadResult.EndOfFile) // EndOfFile\n}\n","pageTitle":"Improved string representations for singletons and sealed class hierarchies with data objects","metaDescription":"","type":"Documentation","breadcrumbs":"What\u0027s new in Kotlin///Earlier versions","root":0,"depth":2}