{"objectID":"_whatsnew12.html#deprecation_single_named_argument_for_vararg","parent":"_whatsnew12.html#table_of_contents","pageViews":0,"url":"https://kotlinlang.org/docs/whatsnew12.html#deprecation-single-named-argument-for-vararg","mainTitle":"What\u0027s new in Kotlin 1.2","product":"","headings":"What\u0027s new in Kotlin 1.2,Deprecation: single named argument for vararg","content":"For consistency with array literals in annotations, passing a single item for a vararg parameter in the named form (foo(items \u003d i)) has been deprecated. Please use the spread operator with the corresponding array factory functions:\nfoo(items \u003d *arrayOf(1))\nThere is an optimization that removes redundant arrays creation in such cases, which prevents performance degradation. The single-argument form produces warnings in Kotlin 1.2 and is to be dropped in Kotlin 1.3.\n","pageTitle":"Deprecation: single named argument for vararg","metaDescription":"","type":"Documentation","breadcrumbs":"What\u0027s new in Kotlin///Earlier versions","root":0,"depth":2}