{"objectID":"_whatsnew11.html#coroutines_experimental","parent":"_whatsnew11.html#table_of_contents","pageViews":0,"url":"https://kotlinlang.org/docs/whatsnew11.html#coroutines-experimental","mainTitle":"What\u0027s new in Kotlin 1.1","product":"","headings":"What\u0027s new in Kotlin 1.1,Coroutines (experimental)","content":"The key new feature in Kotlin 1.1 is coroutines, bringing the support of async/await, yield, and similar programming patterns. The key feature of Kotlin\u0027s design is that the implementation of coroutine execution is part of the libraries, not the language, so you aren\u0027t bound to any specific programming paradigm or concurrency library.\nA coroutine is effectively a light-weight thread that can be suspended and resumed later. Coroutines are supported through suspending functions: a call to such a function can potentially suspend a coroutine, and to start a new coroutine we usually use an anonymous suspending functions (i.e. suspending lambdas).\nLet\u0027s look at async/await which is implemented in an external library, kotlinx.coroutines:\n// runs the code in the background thread pool\nfun asyncOverlay() \u003d async(CommonPool) {\n    // start two async operations\n    val original \u003d asyncLoadImage(\"original\")\n    val overlay \u003d asyncLoadImage(\"overlay\")\n    // and then apply overlay to both results\n    applyOverlay(original.await(), overlay.await())\n}\n\n// launches new coroutine in UI context\nlaunch(UI) {\n    // wait for async overlay to complete\n    val image \u003d asyncOverlay().await()\n    // and then show it in UI\n    showImage(image)\n}\nHere, async { ... } starts a coroutine and, when we use await(), the execution of the coroutine is suspended while the operation being awaited is executed, and is resumed (possibly on a different thread) when the operation being awaited completes.\nThe standard library uses coroutines to support lazily generated sequences with yield and yieldAll functions. In such a sequence, the block of code that returns sequence elements is suspended after each element has been retrieved, and resumed when the next element is requested. Here\u0027s an example:\nimport kotlin.coroutines.experimental.*\n\nfun main(args: Array\u0026lt;String\u0026gt;) {\n    val seq \u003d buildSequence {\n      for (i in 1..5) {\n          // yield a square of i\n          yield(i * i)\n      }\n      // yield a range\n      yieldAll(26..28)\n    }\n\n    // print the sequence\n    println(seq.toList())\n}\nRun the code above to see the result. Feel free to edit it and run again!\nFor more information, please refer to the coroutines documentation and tutorial.\nNote that coroutines are currently considered an experimental feature, meaning that the Kotlin team is not committing to supporting the backwards compatibility of this feature after the final 1.1 release.\n","pageTitle":"Coroutines (experimental)","metaDescription":"","type":"Documentation","breadcrumbs":"What\u0027s new in Kotlin///Earlier versions","root":0,"depth":2}