{"objectID":"_whatsnew16.html#unified_compiler_plugin_abi_with_jvm_and_js_ir_backends","parent":"_whatsnew16.html#language","pageViews":0,"url":"https://kotlinlang.org/docs/whatsnew16.html#unified-compiler-plugin-abi-with-jvm-and-js-ir-backends","mainTitle":"What\u0027s new in Kotlin 1.6.0","product":"","headings":"What\u0027s new in Kotlin 1.6.0,Unified compiler plugin ABI with JVM and JS IR backends","content":"The option to use the common IR compiler plugin ABI for Kotlin/Native is Experimental. It may be dropped or changed at any time. Opt-in is required (see details below), and you should use it only for evaluation purposes. We would appreciate your feedback on it in YouTrack.\nIn previous versions, authors of compiler plugins had to provide separate artifacts for Kotlin/Native because of the differences in the ABI.\nStarting from 1.6.0, the Kotlin Multiplatform Gradle plugin is able to use the embeddable compiler jar – the one used for the JVM and JS IR backends – for Kotlin/Native. This is a step toward unification of the compiler plugin development experience, as you can now use the same compiler plugin artifacts for Native and other supported platforms.\nThis is a preview version of such support, and it requires an opt-in. To start using generic compiler plugin artifacts for Kotlin/Native, add the following line to gradle.properties: kotlin.native.useEmbeddableCompilerJar\u003dtrue.\nWe\u0027re planning to use the embeddable compiler jar for Kotlin/Native by default in the future, so it\u0027s vital for us to hear how the preview works for you.\nIf you are an author of a compiler plugin, please try this mode and check if it works for your plugin. Note that depending on your plugin\u0027s structure, migration steps may be required. See this YouTrack issue for migration instructions and leave your feedback in the comments.\n","pageTitle":"Unified compiler plugin ABI with JVM and JS IR backends","metaDescription":"","type":"Documentation","breadcrumbs":"What\u0027s new in Kotlin///Earlier versions","root":0,"depth":2}