{"objectID":"_whatsnew2020.html#new_location_of_experimentalwasmdsl_annotation","parent":"_whatsnew2020.html#ide_support","pageViews":0,"url":"https://kotlinlang.org/docs/whatsnew2020.html#new-location-of-experimentalwasmdsl-annotation","mainTitle":"What\u0027s new in Kotlin 2.0.20","product":"","headings":"What\u0027s new in Kotlin 2.0.20,New location of ExperimentalWasmDsl annotation","content":"Previously, the @ExperimentalWasmDsl annotation for WebAssembly (Wasm) features was placed in this location within the Kotlin Gradle plugin:\norg.jetbrains.kotlin.gradle.targets.js.dsl.ExperimentalWasmDsl\nIn 2.0.20, the @ExperimentalWasmDsl annotation has been relocated to:\norg.jetbrains.kotlin.gradle.ExperimentalWasmDsl\nThe previous location is now deprecated and might lead to build failures with unresolved references.\nTo reflect the new location of the @ExperimentalWasmDsl annotation, update the import statement in your Gradle build scripts. Use an explicit import for the new @ExperimentalWasmDsl location:\nimport org.jetbrains.kotlin.gradle.ExperimentalWasmDsl\nAlternatively, remove this star import statement from the old package:\nimport org.jetbrains.kotlin.gradle.targets.js.dsl.*\n","pageTitle":"New location of ExperimentalWasmDsl annotation","metaDescription":"","type":"Documentation","breadcrumbs":"What\u0027s new in Kotlin///Earlier versions","root":0,"depth":2}