{"objectID":"_whatsnew1720.html#language","parent":"_whatsnew1720.html#support_for_kotlin_k2_compiler_plugins","pageViews":0,"url":"https://kotlinlang.org/docs/whatsnew1720.html#language","mainTitle":"What\u0027s new in Kotlin 1.7.20","product":"","headings":"What\u0027s new in Kotlin 1.7.20,Language","content":"Kotlin 1.7.20 introduces preview versions for new language features, as well as puts restrictions on builder type inference:\n- Preview of the ..\u0026lt; operator for creating open-ended ranges\n- New data object declarations\n- Builder type inference restrictions\n","pageTitle":"Language","metaDescription":"","type":"Documentation","breadcrumbs":"What\u0027s new in Kotlin///Earlier versions","root":0,"depth":2}