{"objectID":"_whatsnew1420.html#kotlin_jvm","parent":"_whatsnew1420.html#kotlin_jvm","pageViews":0,"url":"https://kotlinlang.org/docs/whatsnew1420.html#kotlin-jvm","mainTitle":"What\u0027s new in Kotlin 1.4.20","product":"","headings":"What\u0027s new in Kotlin 1.4.20,Kotlin/JVM","content":"Improvements of Kotlin/JVM are intended to keep it up with the features of modern Java versions:\n- Java 15 target\n- invokedynamic string concatenation\n","pageTitle":"Kotlin/JVM","metaDescription":"","type":"Documentation","breadcrumbs":"What\u0027s new in Kotlin///Earlier versions","root":0,"depth":2}