{"objectID":"_whatsnew1820.html#support_for_base64_encoding","parent":"_whatsnew1820.html#ide_support","pageViews":0,"url":"https://kotlinlang.org/docs/whatsnew1820.html#support-for-base64-encoding","mainTitle":"What\u0027s new in Kotlin 1.8.20","product":"","headings":"What\u0027s new in Kotlin 1.8.20,Support for Base64 encoding","content":"The new encoding and decoding functionality is Experimental, and to use it, you need to opt in with @OptIn(ExperimentalEncodingApi::class) or the compiler argument -opt-in\u003dkotlin.io.encoding.ExperimentalEncodingApi.\nWe\u0027ve added support for Base64 encoding and decoding. We provide 3 class instances, each using different encoding schemes and displaying different behaviors. Use the Base64.Default instance for the standard Base64 encoding scheme.\nUse the Base64.UrlSafe instance for the \u0026quot;URL and Filename safe\u0026quot; encoding scheme.\nUse the Base64.Mime instance for the MIME encoding scheme. When you use the Base64.Mime instance, all encoding functions insert a line separator every 76 characters. In the case of decoding, any illegal characters are skipped and don\u0027t throw an exception.\nThe Base64.Default instance is the companion object of the Base64 class. As a result, you can call its functions via Base64.encode() and Base64.decode() instead of Base64.Default.encode() and Base64.Default.decode().\nval foBytes \u003d \"fo\".map { it.code.toByte() }.toByteArray()\nBase64.Default.encode(foBytes) // \"Zm8\u003d\"\n// Alternatively:\n// Base64.encode(foBytes)\n\nval foobarBytes \u003d \"foobar\".map { it.code.toByte() }.toByteArray()\nBase64.UrlSafe.encode(foobarBytes) // \"Zm9vYmFy\"\n\nBase64.Default.decode(\"Zm8\u003d\") // foBytes\n// Alternatively:\n// Base64.decode(\"Zm8\u003d\")\n\nBase64.UrlSafe.decode(\"Zm9vYmFy\") // foobarBytes\nYou can use additional functions to encode or decode bytes into an existing buffer, as well as to append the encoding result to a provided Appendable type object.\nIn Kotlin/JVM, we\u0027ve also added the extension functions encodingWith() and decodingWith() to enable you to perform Base64 encoding and decoding with input and output streams.\n","pageTitle":"Support for Base64 encoding","metaDescription":"","type":"Documentation","breadcrumbs":"What\u0027s new in Kotlin///Earlier versions","root":0,"depth":2}