{"objectID":"_whatsnew1820.html#support_for_the_jvm_ir_backend_in_kapt_stub_generating_task_by_default","parent":"_whatsnew1820.html#ide_support","pageViews":0,"url":"https://kotlinlang.org/docs/whatsnew1820.html#support-for-the-jvm-ir-backend-in-kapt-stub-generating-task-by-default","mainTitle":"What\u0027s new in Kotlin 1.8.20","product":"","headings":"What\u0027s new in Kotlin 1.8.20,Support for the JVM IR backend in kapt stub generating task by default","content":"In Kotlin 1.7.20, we introduced support for the JVM IR backend in the kapt stub generating task. Starting with this release, this support works by default. You no longer need to specify kapt.use.jvm.ir\u003dtrue in your gradle.properties to enable it. We would appreciate your feedback on this feature in YouTrack.\n","pageTitle":"Support for the JVM IR backend in kapt stub generating task by default","metaDescription":"","type":"Documentation","breadcrumbs":"What\u0027s new in Kotlin///Earlier versions","root":0,"depth":2}