{"objectID":"_whatsnew18.html#error_handling","parent":"_whatsnew18.html#ide_support","pageViews":0,"url":"https://kotlinlang.org/docs/whatsnew18.html#error-handling","mainTitle":"What\u0027s new in Kotlin 1.8.0","product":"","headings":"What\u0027s new in Kotlin 1.8.0,Error handling","content":"Using copyToRecursively(), you can define what should happen if an exception occurs while copying, by overloading the onError lambda function:\nsourceRoot.copyToRecursively(destinationRoot, followLinks \u003d false,\n    onError \u003d { source, target, exception -\u0026gt;\n        logger.logError(exception, \"Failed to copy $source to $target\")\n        OnErrorResult.TERMINATE\n    })\nWhen you use deleteRecursively(), if an exception occurs while deleting a file or folder, then the file or folder is skipped. Once the deletion has completed, deleteRecursively() throws an IOException containing all the exceptions that occurred as suppressed exceptions.\n","pageTitle":"Error handling","metaDescription":"","type":"Documentation","breadcrumbs":"What\u0027s new in Kotlin///Earlier versions","root":0,"depth":2}