{"objectID":"_whatsnew22.html#windows_7_target_deprecated","parent":"_whatsnew22.html#ide_support","pageViews":0,"url":"https://kotlinlang.org/docs/whatsnew22.html#windows-7-target-deprecated","mainTitle":"What\u0027s new in Kotlin 2.2.0","product":"","headings":"What\u0027s new in Kotlin 2.2.0,Windows 7 target deprecated","content":"Starting with Kotlin 2.2.0, the minimal supported Windows version has been raised from Windows 7 to Windows 10. Since Microsoft ended support for Windows 7 in January 2025, we also decided to deprecate this legacy target.\nFor more information, see .\n","pageTitle":"Windows 7 target deprecated","metaDescription":"","type":"Documentation","breadcrumbs":"What\u0027s new in Kotlin","root":0,"depth":1}