{"objectID":"_whatsnew2120.html#standard_library","parent":"_whatsnew2120.html#ide_support","pageViews":0,"url":"https://kotlinlang.org/docs/whatsnew2120.html#standard-library","mainTitle":"What\u0027s new in Kotlin 2.1.20","product":"","headings":"What\u0027s new in Kotlin 2.1.20,Standard library","content":"This release brings new Experimental features to the standard library: common atomic types, improved support for UUIDs, and new time-tracking functionality.\n","pageTitle":"Standard library","metaDescription":"","type":"Documentation","breadcrumbs":"What\u0027s new in Kotlin","root":0,"depth":1}