{"objectID":"_whatsnew11.html#local_delegated_properties","parent":"_whatsnew11.html#table_of_contents","pageViews":0,"url":"https://kotlinlang.org/docs/whatsnew11.html#local-delegated-properties","mainTitle":"What\u0027s new in Kotlin 1.1","product":"","headings":"What\u0027s new in Kotlin 1.1,Local delegated properties","content":"You can now use the delegated property syntax with local variables. One possible use is defining a lazily evaluated local variable:\nimport java.util.Random\n\nfun needAnswer() \u003d Random().nextBoolean()\n\nfun main(args: Array\u0026lt;String\u0026gt;) {\n//sampleStart\n    val answer by lazy {\n        println(\"Calculating the answer...\")\n        42\n    }\n    if (needAnswer()) {                     // returns the random value\n        println(\"The answer is $answer.\")   // answer is calculated at this point\n    }\n    else {\n        println(\"Sometimes no answer is the answer...\")\n    }\n//sampleEnd\n}\nRead the KEEP for more details.\n","pageTitle":"Local delegated properties","metaDescription":"","type":"Documentation","breadcrumbs":"What\u0027s new in Kotlin///Earlier versions","root":0,"depth":2}