{"objectID":"_whatsnew1920.html#custom_message_for_linker_errors","parent":"_whatsnew1920.html#ide_support","pageViews":0,"url":"https://kotlinlang.org/docs/whatsnew1920.html#custom-message-for-linker-errors","mainTitle":"What\u0027s new in Kotlin 1.9.20","product":"","headings":"What\u0027s new in Kotlin 1.9.20,Custom message for linker errors","content":"If you\u0027re a library author, you can now help your users resolve linker errors with custom messages.\nIf your Kotlin library depends on C or Objective-C libraries, for example, using the CocoaPods integration, its users need to have these dependent libraries locally on the machine or configure them explicitly in the project build script. If this was not the case, users used to get a confusing \u0026quot;Framework not found\u0026quot; message.\nYou can now provide a specific instruction or a link in the compilation failure message. To do that, pass the -Xuser-setup-hint compiler option to cinterop or add a userSetupHint\u003dmessage property to your .def file.\n","pageTitle":"Custom message for linker errors","metaDescription":"","type":"Documentation","breadcrumbs":"What\u0027s new in Kotlin///Earlier versions","root":0,"depth":2}