{"objectID":"_whatsnew1520.html#kotlin_js","parent":"_whatsnew1520.html#kotlin_jvm","pageViews":0,"url":"https://kotlinlang.org/docs/whatsnew1520.html#kotlin-js","mainTitle":"What\u0027s new in Kotlin 1.5.20","product":"","headings":"What\u0027s new in Kotlin 1.5.20,Kotlin/JS","content":"With 1.5.20, we\u0027re publishing a guide that will help you migrate your projects to the new IR-based backend for Kotlin/JS.\n","pageTitle":"Kotlin/JS","metaDescription":"","type":"Documentation","breadcrumbs":"What\u0027s new in Kotlin///Earlier versions","root":0,"depth":2}