{"objectID":"_whatsnew12.html#windowed_chunked_zipwithnext","parent":"_whatsnew12.html#table_of_contents","pageViews":0,"url":"https://kotlinlang.org/docs/whatsnew12.html#windowed-chunked-zipwithnext","mainTitle":"What\u0027s new in Kotlin 1.2","product":"","headings":"What\u0027s new in Kotlin 1.2,windowed, chunked, zipWithNext","content":"New extensions for Iterable\u0026lt;T\u0026gt;, Sequence\u0026lt;T\u0026gt;, and CharSequence cover such use cases as buffering or batch processing (chunked), sliding window and computing sliding average (windowed) , and processing pairs of subsequent items (zipWithNext):\nfun main(args: Array\u0026lt;String\u0026gt;) {\n//sampleStart\n    val items \u003d (1..9).map { it * it }\n\n    val chunkedIntoLists \u003d items.chunked(4)\n    val points3d \u003d items.chunked(3) { (x, y, z) -\u0026gt; Triple(x, y, z) }\n    val windowed \u003d items.windowed(4)\n    val slidingAverage \u003d items.windowed(4) { it.average() }\n    val pairwiseDifferences \u003d items.zipWithNext { a, b -\u0026gt; b - a }\n//sampleEnd\n\n    println(\"items: $items\\n\")\n\n    println(\"chunked into lists: $chunkedIntoLists\")\n    println(\"3D points: $points3d\")\n    println(\"windowed by 4: $windowed\")\n    println(\"sliding average by 4: $slidingAverage\")\n    println(\"pairwise differences: $pairwiseDifferences\")\n}\n","pageTitle":"windowed, chunked, zipWithNext","metaDescription":"","type":"Documentation","breadcrumbs":"What\u0027s new in Kotlin///Earlier versions","root":0,"depth":2}