{"objectID":"_whatsnew20.html#support_for_unsigned_primitive_types_in_functions_with_jsexport","parent":"_whatsnew20.html#ide_support","pageViews":0,"url":"https://kotlinlang.org/docs/whatsnew20.html#support-for-unsigned-primitive-types-in-functions-with-jsexport","mainTitle":"What\u0027s new in Kotlin 2.0.0","product":"","headings":"What\u0027s new in Kotlin 2.0.0,Support for unsigned primitive types in functions with @JsExport","content":"Starting from Kotlin 2.0.0, you can use unsigned primitive types inside external declarations and functions with the @JsExport annotation that makes Kotlin/Wasm functions available in JavaScript code.\nThis helps to mitigate the previous limitation that prevented the unsigned primitives from being used directly inside exported and external declarations. Now you can export functions with unsigned primitives as a return or parameter type and consume external declarations that return or consume unsigned primitives.\nFor more information on Kotlin/Wasm interoperability with JavaScript, see the documentation.\n","pageTitle":"Support for unsigned primitive types in functions with @JsExport","metaDescription":"","type":"Documentation","breadcrumbs":"What\u0027s new in Kotlin///Earlier versions","root":0,"depth":2}