{"objectID":"_whatsnew1920.html#how_to_enable_the_enumentries_function","parent":"_whatsnew1920.html#ide_support","pageViews":0,"url":"https://kotlinlang.org/docs/whatsnew1920.html#how-to-enable-the-enumentries-function","mainTitle":"What\u0027s new in Kotlin 1.9.20","product":"","headings":"What\u0027s new in Kotlin 1.9.20,How to enable the enumEntries function","content":"To try this feature, opt in with @OptIn(ExperimentalStdlibApi) and use language version 1.9 or later. If you use the latest version of the Kotlin Gradle plugin, you don\u0027t need to specify the language version to test the feature.\n","pageTitle":"How to enable the enumEntries function","metaDescription":"","type":"Documentation","breadcrumbs":"What\u0027s new in Kotlin///Earlier versions","root":0,"depth":2}