{"objectID":"_whatsnew13.html#kotlinx_serialization","parent":"_whatsnew13.html#coroutines_release","pageViews":0,"url":"https://kotlinlang.org/docs/whatsnew13.html#kotlinx-serialization","mainTitle":"What\u0027s new in Kotlin 1.3","product":"","headings":"What\u0027s new in Kotlin 1.3,kotlinx.serialization","content":"kotlinx.serialization is a library which provides multiplatform support for (de)serializing objects in Kotlin. Previously, it was a separate project, but since Kotlin 1.3, it ships with the Kotlin compiler distribution on par with the other compiler plugins. The main difference is that you don\u0027t need to manually watch out for the Serialization IDE Plugin being compatible with the Kotlin IDE plugin version you\u0027re using: now the Kotlin IDE plugin already includes serialization!\nSee here for details.\nEven though kotlinx.serialization now ships with the Kotlin Compiler distribution, it is still considered to be an experimental feature in Kotlin 1.3.\n","pageTitle":"kotlinx.serialization","metaDescription":"","type":"Documentation","breadcrumbs":"What\u0027s new in Kotlin///Earlier versions","root":0,"depth":2}