{"objectID":"_whatsnew19.html#compatibility_guide_for_kotlin_1_9_0","parent":"_whatsnew19.html#ide_support","pageViews":0,"url":"https://kotlinlang.org/docs/whatsnew19.html#compatibility-guide-for-kotlin-1-9-0","mainTitle":"What\u0027s new in Kotlin 1.9.0","product":"","headings":"What\u0027s new in Kotlin 1.9.0,Compatibility guide for Kotlin 1.9.0","content":"Kotlin 1.9.0 is a feature release and can, therefore, bring changes that are incompatible with your code written for earlier versions of the language. Find the detailed list of these changes in the Compatibility guide for Kotlin 1.9.0.\n","pageTitle":"Compatibility guide for Kotlin 1.9.0","metaDescription":"","type":"Documentation","breadcrumbs":"What\u0027s new in Kotlin///Earlier versions","root":0,"depth":2}