{"objectID":"_whatsnew18.html#timeunit_conversion_between_java_and_kotlin","parent":"_whatsnew18.html#ide_support","pageViews":0,"url":"https://kotlinlang.org/docs/whatsnew18.html#timeunit-conversion-between-java-and-kotlin","mainTitle":"What\u0027s new in Kotlin 1.8.0","product":"","headings":"What\u0027s new in Kotlin 1.8.0,TimeUnit conversion between Java and Kotlin","content":"The toTimeUnit() and toDurationUnit() functions in kotlin.time are now Stable. Introduced as Experimental in Kotlin 1.6.0, these functions improve interoperability between Kotlin and Java. You can now easily convert between Java java.util.concurrent.TimeUnit and Kotlin kotlin.time.DurationUnit. These functions are supported on the JVM only.\nimport kotlin.time.*\n\n// For use from Java\nfun wait(timeout: Long, unit: TimeUnit) {\n    val duration: Duration \u003d timeout.toDuration(unit.toDurationUnit())\n    ...\n}\n","pageTitle":"TimeUnit conversion between Java and Kotlin","metaDescription":"","type":"Documentation","breadcrumbs":"What\u0027s new in Kotlin///Earlier versions","root":0,"depth":2}