{"objectID":"_whatsnew14.html#new_compiler","parent":"_whatsnew14.html#language_features_and_improvements","pageViews":0,"url":"https://kotlinlang.org/docs/whatsnew14.html#new-compiler","mainTitle":"What\u0027s new in Kotlin 1.4.0","product":"","headings":"What\u0027s new in Kotlin 1.4.0,New compiler","content":"The new Kotlin compiler is going to be really fast; it will unify all the supported platforms and provide an API for compiler extensions. It\u0027s a long-term project, and we\u0027ve already completed several steps in Kotlin 1.4.0:\n- New, more powerful type inference algorithm is enabled by default.\n- New JVM and JS IR backends. They will become the default once we stabilize them.\n","pageTitle":"New compiler","metaDescription":"","type":"Documentation","breadcrumbs":"What\u0027s new in Kotlin///Earlier versions","root":0,"depth":2}