{"objectID":"_whatsnew1420.html#kotlin_js","parent":"_whatsnew1420.html#kotlin_jvm","pageViews":0,"url":"https://kotlinlang.org/docs/whatsnew1420.html#kotlin-js","mainTitle":"What\u0027s new in Kotlin 1.4.20","product":"","headings":"What\u0027s new in Kotlin 1.4.20,Kotlin/JS","content":"Kotlin/JS keeps evolving fast, and in 1.4.20 you can find a number experimental features and improvements:\n- Gradle DSL changes\n- New Wizard templates\n- Ignoring compilation errors with IR compiler\n","pageTitle":"Kotlin/JS","metaDescription":"","type":"Documentation","breadcrumbs":"What\u0027s new in Kotlin///Earlier versions","root":0,"depth":2}