{"objectID":"_whatsnew11.html#also_takeif_and_takeunless","parent":"_whatsnew11.html#table_of_contents","pageViews":0,"url":"https://kotlinlang.org/docs/whatsnew11.html#also-takeif-and-takeunless","mainTitle":"What\u0027s new in Kotlin 1.1","product":"","headings":"What\u0027s new in Kotlin 1.1,also(), takeIf(), and takeUnless()","content":"These are three general-purpose extension functions applicable to any receiver.\nalso is like apply: it takes the receiver, does some action on it, and returns that receiver. The difference is that in the block inside apply the receiver is available as this, while in the block inside also it\u0027s available as it (and you can give it another name if you want). This comes handy when you do not want to shadow this from the outer scope:\nclass Block {\n    lateinit var content: String\n}\n\n//sampleStart\nfun Block.copy() \u003d Block().also {\n    it.content \u003d this.content\n}\n//sampleEnd\n\n// using \u0027apply\u0027 instead\nfun Block.copy1() \u003d Block().apply {\n    this.content \u003d this@copy1.content\n}\n\nfun main(args: Array\u0026lt;String\u0026gt;) {\n    val block \u003d Block().apply { content \u003d \"content\" }\n    val copy \u003d block.copy()\n    println(\"Testing the content was copied:\")\n    println(block.content \u003d\u003d copy.content)\n}\ntakeIf is like filter for a single value. It checks whether the receiver meets the predicate, and returns the receiver, if it does or null if it doesn\u0027t. Combined with an elvis operator (?:) and early returns it allows writing constructs like:\nval outDirFile \u003d File(outputDir.path).takeIf { it.exists() } ?: return false\n// do something with existing outDirFile\nfun main(args: Array\u0026lt;String\u0026gt;) {\n    val input \u003d \"Kotlin\"\n    val keyword \u003d \"in\"\n\n//sampleStart\n    val index \u003d input.indexOf(keyword).takeIf { it \u0026gt;\u003d 0 } ?: error(\"keyword not found\")\n    // do something with index of keyword in input string, given that it\u0027s found\n//sampleEnd\n    \n    println(\"\u0027$keyword\u0027 was found in \u0027$input\u0027\")\n    println(input)\n    println(\" \".repeat(index) + \"^\")\n}\ntakeUnless is the same as takeIf, but it takes the inverted predicate. It returns the receiver when it doesn\u0027t meet the predicate and null otherwise. So one of the examples above could be rewritten with takeUnless as following:\nval index \u003d input.indexOf(keyword).takeUnless { it \u0026lt; 0 } ?: error(\"keyword not found\")\nIt is also convenient to use when you have a callable reference instead of the lambda:\nprivate fun testTakeUnless(string: String) {\n//sampleStart\n    val result \u003d string.takeUnless(String::isEmpty)\n//sampleEnd\n\n    println(\"string \u003d \\\"$string\\\"; result \u003d \\\"$result\\\"\")\n}\n\nfun main(args: Array\u0026lt;String\u0026gt;) {\n    testTakeUnless(\"\")\n    testTakeUnless(\"abc\")\n}\n","pageTitle":"also(), takeIf(), and takeUnless()","metaDescription":"","type":"Documentation","breadcrumbs":"What\u0027s new in Kotlin///Earlier versions","root":0,"depth":2}