{"objectID":"_whatsnew1620.html#instantiation_of_annotation_classes","parent":"_whatsnew1620.html#language","pageViews":0,"url":"https://kotlinlang.org/docs/whatsnew1620.html#instantiation-of-annotation-classes","mainTitle":"What\u0027s new in Kotlin 1.6.20","product":"","headings":"What\u0027s new in Kotlin 1.6.20,Instantiation of annotation classes","content":"In Kotlin 1.6.0, instantiation of annotation classes became Stable for Kotlin/JVM and Kotlin/JS. The 1.6.20 version delivers support for Kotlin/Native.\nLearn more about instantiation of annotation classes.\n","pageTitle":"Instantiation of annotation classes","metaDescription":"","type":"Documentation","breadcrumbs":"What\u0027s new in Kotlin///Earlier versions","root":0,"depth":2}