{"objectID":"_whatsnew1530.html#suspending_functions_as_supertypes","parent":"_whatsnew1530.html#language_features","pageViews":0,"url":"https://kotlinlang.org/docs/whatsnew1530.html#suspending-functions-as-supertypes","mainTitle":"What\u0027s new in Kotlin 1.5.30","product":"","headings":"What\u0027s new in Kotlin 1.5.30,Suspending functions as supertypes","content":"Support for suspending functions as supertypes is Experimental. It may be dropped or changed at any time. Opt-in is required (see the details below), and you should use it only for evaluation purposes. We would appreciate your feedback on it in YouTrack.\nKotlin 1.5.30 provides a preview of the ability to use a suspend functional type as a supertype with some limitations.\nclass MyClass: suspend () -\u0026gt; Unit {\n    override suspend fun invoke() { TODO() }\n}\nUse the -language-version 1.6 compiler option to enable the feature:\n\u003cb\u003eKotlin\u003c/b\u003e kotlin {\n    sourceSets.all {\n        languageSettings.apply {\n            languageVersion \u003d \"1.6\"\n        }\n    }\n}\n\u003cb\u003eGroovy\u003c/b\u003e kotlin {\n    sourceSets.all {\n        languageSettings {\n            languageVersion \u003d \u00271.6\u0027\n        }\n    }\n}\nThe feature has the following restrictions:\n- You can\u0027t mix an ordinary functional type and a suspend functional type as supertype. This is because of the implementation details of suspend functional types in the JVM backend. They are represented in it as ordinary functional types with a marker interface. Because of the marker interface, there is no way to tell which of the superinterfaces are suspended and which are ordinary.\n- You can\u0027t use multiple suspend functional supertypes. If there are type checks, you also can\u0027t use multiple ordinary functional supertypes.\n","pageTitle":"Suspending functions as supertypes","metaDescription":"","type":"Documentation","breadcrumbs":"What\u0027s new in Kotlin///Earlier versions","root":0,"depth":2}