{"objectID":"_whatsnew16.html#stable_collection_builders","parent":"_whatsnew16.html#language","pageViews":0,"url":"https://kotlinlang.org/docs/whatsnew16.html#stable-collection-builders","mainTitle":"What\u0027s new in Kotlin 1.6.0","product":"","headings":"What\u0027s new in Kotlin 1.6.0,Stable collection builders","content":"In Kotlin 1.6.0, collection builder functions have been promoted to Stable. Collections returned by collection builders are now serializable in their read-only state.\nYou can now use buildMap(), buildList(), and buildSet() without the opt-in annotation:\nfun main() {\n//sampleStart\n    val x \u003d listOf(\u0027b\u0027, \u0027c\u0027)\n    val y \u003d buildList {\n        add(\u0027a\u0027)\n        addAll(x)\n        add(\u0027d\u0027)\n    }\n    println(y)  // [a, b, c, d]\n//sampleEnd\n}\n","pageTitle":"Stable collection builders","metaDescription":"","type":"Documentation","breadcrumbs":"What\u0027s new in Kotlin///Earlier versions","root":0,"depth":2}