{"objectID":"_whatsnew2020.html#fix_for_the_unnecessary_recompositions_issue_introduced_in_2_0_0","parent":"_whatsnew2020.html#ide_support","pageViews":0,"url":"https://kotlinlang.org/docs/whatsnew2020.html#fix-for-the-unnecessary-recompositions-issue-introduced-in-2-0-0","mainTitle":"What\u0027s new in Kotlin 2.0.20","product":"","headings":"What\u0027s new in Kotlin 2.0.20,Fix for the unnecessary recompositions issue introduced in 2.0.0","content":"Compose compiler 2.0.0 has an issue where it sometimes incorrectly infers the stability of types in multiplatform projects with non-JVM targets. This can lead to unnecessary (or even endless) recompositions. We strongly recommended updating your Compose apps made for Kotlin 2.0.0 to version 2.0.10 or newer.\nIf your app is built with Compose compiler 2.0.10 or newer but uses dependencies built with version 2.0.0, these older dependencies may still cause recomposition issues. To prevent this, update your dependencies to versions built with the same Compose compiler as your app.\n","pageTitle":"Fix for the unnecessary recompositions issue introduced in 2.0.0","metaDescription":"","type":"Documentation","breadcrumbs":"What\u0027s new in Kotlin///Earlier versions","root":0,"depth":2}