{"objectID":"_whatsnew21.html#extra_compiler_checks","parent":"_whatsnew21.html#ide_support","pageViews":0,"url":"https://kotlinlang.org/docs/whatsnew21.html#extra-compiler-checks","mainTitle":"What\u0027s new in Kotlin 2.1.0","product":"","headings":"What\u0027s new in Kotlin 2.1.0,Extra compiler checks","content":"With Kotlin 2.1.0, you can now enable additional checks in the K2 compiler. These are extra declaration, expression, and type checks that are usually not crucial for compilation but can still be useful if you want to validate the following cases:\nCheck type Comment\nREDUNDANT_NULLABLE Boolean?? is used instead of Boolean?\nPLATFORM_CLASS_MAPPED_TO_KOTLIN java.lang.String is used instead of kotlin.String\nARRAY_EQUALITY_OPERATOR_CAN_BE_REPLACED_WITH_EQUALS arrayOf(\u0026quot;\u0026quot;) \u003d\u003d arrayOf(\u0026quot;\u0026quot;) is used instead of arrayOf(\u0026quot;\u0026quot;).contentEquals(arrayOf(\u0026quot;\u0026quot;))\nREDUNDANT_CALL_OF_CONVERSION_METHOD 42.toInt() is used instead of 42\nUSELESS_CALL_ON_NOT_NULL \u0026quot;\u0026quot;.orEmpty() is used instead of \u0026quot;\u0026quot;\nREDUNDANT_SINGLE_EXPRESSION_STRING_TEMPLATE \u0026quot;$string\u0026quot; is used instead of string\nUNUSED_ANONYMOUS_PARAMETER A parameter is passed in the lambda expression but never used\nREDUNDANT_VISIBILITY_MODIFIER public class Klass is used instead of class Klass\nREDUNDANT_MODALITY_MODIFIER final class Klass is used instead of class Klass\nREDUNDANT_SETTER_PARAMETER_TYPE set(value: Int) is used instead of set(value)\nCAN_BE_VAL var local \u003d 0 is defined but never reassigned, can be val local \u003d 42 instead\nASSIGNED_VALUE_IS_NEVER_READ val local \u003d 42 is defined but never used afterward in the code\nUNUSED_VARIABLE val local \u003d 0 is defined but never used in the code\nREDUNDANT_RETURN_UNIT_TYPE fun foo(): Unit {} is used instead of fun foo() {}\nUNREACHABLE_CODE Code statement is present but can never be executed\nIf the check is true, you\u0027ll receive a compiler warning with a suggestion on how to fix the problem.\nExtra checks are disabled by default. To enable them, use the -Wextra compiler option in the command line or specify extraWarnings in the compilerOptions {} block of your Gradle build file:\n// build.gradle.kts\nkotlin {\n    compilerOptions {\n        extraWarnings.set(true)\n    }\n}\nFor more information on how to define and use compiler options, see Compiler options in the Kotlin Gradle plugin.\n","pageTitle":"Extra compiler checks","metaDescription":"","type":"Documentation","breadcrumbs":"What\u0027s new in Kotlin///Earlier versions","root":0,"depth":2}