{"objectID":"_whatsnew14.html#new_jvm_ir_backend","parent":"_whatsnew14.html#language_features_and_improvements","pageViews":0,"url":"https://kotlinlang.org/docs/whatsnew14.html#new-jvm-ir-backend","mainTitle":"What\u0027s new in Kotlin 1.4.0","product":"","headings":"What\u0027s new in Kotlin 1.4.0,New JVM IR backend","content":"Along with Kotlin/JS, we are migrating Kotlin/JVM to the unified IR backend, which allows us to implement most features and bug fixes once for all platforms. You will also be able to benefit from this by creating multiplatform extensions that will work for all platforms.\nKotlin 1.4.0 does not provide a public API for such extensions yet, but we are working closely with our partners, including Jetpack Compose, who are already building their compiler plugins using our new backend.\nWe encourage you to try out the new Kotlin/JVM backend, which is currently in Alpha, and to file any issues and feature requests to our issue tracker. This will help us to unify the compiler pipelines and bring compiler extensions like Jetpack Compose to the Kotlin community more quickly.\nTo enable the new JVM IR backend, specify an additional compiler option in your Gradle build script:\nkotlinOptions.useIR \u003d true\nIf you enable Jetpack Compose, you will automatically be opted in to the new JVM backend without needing to specify the compiler option in kotlinOptions.\nWhen using the command-line compiler, add the compiler option -Xuse-ir.\nYou can use code compiled by the new JVM IR backend only if you\u0027ve enabled the new backend. Otherwise, you will get an error. Considering this, we don\u0027t recommend that library authors switch to the new backend in production.\n","pageTitle":"New JVM IR backend","metaDescription":"","type":"Documentation","breadcrumbs":"What\u0027s new in Kotlin///Earlier versions","root":0,"depth":2}