{"objectID":"_whatsnew17.html#updates_in_the_kotlin_gradle_plugin_api","parent":"_whatsnew17.html#new_kotlin_k2_compiler_for_the_jvm_in_alpha","pageViews":0,"url":"https://kotlinlang.org/docs/whatsnew17.html#updates-in-the-kotlin-gradle-plugin-api","mainTitle":"What\u0027s new in Kotlin 1.7.0","product":"","headings":"What\u0027s new in Kotlin 1.7.0,Updates in the Kotlin Gradle plugin API","content":"The Kotlin Gradle plugin API artifact has received several improvements:\n- There are new interfaces for Kotlin/JVM and Kotlin/kapt tasks with user-configurable inputs.\n- There is a new KotlinBasePlugin interface that all Kotlin plugins inherit from. Use this interface when you want to trigger some configuration action whenever any Kotlin Gradle plugin (JVM, JS, Multiplatform, Native, and other platforms) is applied:\nproject.plugins.withType\u0026lt;org.jetbrains.kotlin.gradle.plugin.KotlinBasePlugin\u0026gt;() {\n    // Configure your action here\n}\nYou can leave your feedback about the KotlinBasePlugin in this YouTrack ticket.\n- We\u0027ve laid the groundwork for the Android Gradle plugin to configure Kotlin compilation within itself, meaning you won\u0027t need to add the Kotlin Android Gradle plugin to your build. Follow Android Gradle Plugin release announcements to learn about the added support and try it out!\n","pageTitle":"Updates in the Kotlin Gradle plugin API","metaDescription":"","type":"Documentation","breadcrumbs":"What\u0027s new in Kotlin///Earlier versions","root":0,"depth":2}