{"objectID":"_whatsnew1820.html#set_up_your_project","parent":"_whatsnew1820.html#ide_support","pageViews":0,"url":"https://kotlinlang.org/docs/whatsnew1820.html#set-up-your-project","mainTitle":"What\u0027s new in Kotlin 1.8.20","product":"","headings":"What\u0027s new in Kotlin 1.8.20,Set up your project","content":"Consider this example of a simple multiplatform mobile app:\n@OptIn(ExperimentalKotlinGradlePluginApi::class)\nkotlin {\n    // Enable the default target hierarchy:\n    targetHierarchy.default()\n\n    android()\n    iosArm64()\n    iosSimulatorArm64()\n}\nYou can think of the default target hierarchy as a template for all possible targets and their shared source sets. When you declare the final targets android, iosArm64, and iosSimulatorArm64 in your code, the Kotlin Gradle plugin finds suitable shared source sets from the template and creates them for you. The resulting hierarchy looks like this:\nAn example of using the default target hierarchy Green source sets are actually created and present in the project, while gray ones from the default template are ignored. As you can see, the Kotlin Gradle plugin hasn\u0027t created the watchos source set, for example, because there are no watchOS targets in the project.\nIf you add a watchOS target, such as watchosArm64, the watchos source set is created, and the code from the apple, native, and common source sets is compiled to watchosArm64, as well.\nYou can find the complete scheme for the default target hierarchy in the documentation.\nIn this example, the apple and native source sets compile only to the iosArm64 and iosSimulatorArm64 targets. Therefore, despite their names, they have access to the full iOS API. This might be counter-intuitive for source sets like native, as you may expect that only APIs available on all native targets are accessible in this source set. This behavior may change in the future.\n","pageTitle":"Set up your project","metaDescription":"","type":"Documentation","breadcrumbs":"What\u0027s new in Kotlin///Earlier versions","root":0,"depth":2}