{"objectID":"_whatsnew14.html#module_info_descriptors_for_stdlib_artifacts","parent":"_whatsnew14.html#language_features_and_improvements","pageViews":0,"url":"https://kotlinlang.org/docs/whatsnew14.html#module-info-descriptors-for-stdlib-artifacts","mainTitle":"What\u0027s new in Kotlin 1.4.0","product":"","headings":"What\u0027s new in Kotlin 1.4.0,module-info descriptors for stdlib artifacts","content":"Kotlin 1.4.0 adds module-info.java module information to default standard library artifacts. This lets you use them with jlink tool, which generates custom Java runtime images containing only the platform modules that are required for your app. You could already use jlink with Kotlin standard library artifacts, but you had to use separate artifacts to do so – the ones with the \u0026quot;modular\u0026quot; classifier – and the whole setup wasn\u0027t straightforward.In Android, make sure you use the Android Gradle plugin version 3.2 or higher, which can correctly process jar files with module-info.\n","pageTitle":"module-info descriptors for stdlib artifacts","metaDescription":"","type":"Documentation","breadcrumbs":"What\u0027s new in Kotlin///Earlier versions","root":0,"depth":2}