{"objectID":"_whatsnew1920.html#preview_kapt_compiler_plugin_with_k2","parent":"_whatsnew1920.html#ide_support","pageViews":0,"url":"https://kotlinlang.org/docs/whatsnew1920.html#preview-kapt-compiler-plugin-with-k2","mainTitle":"What\u0027s new in Kotlin 1.9.20","product":"","headings":"What\u0027s new in Kotlin 1.9.20,Preview kapt compiler plugin with K2","content":"Support for K2 in the kapt compiler plugin is Experimental. Opt-in is required (see details below), and you should use it only for evaluation purposes.\nIn 1.9.20, you can try using the kapt compiler plugin with the K2 compiler. To use the K2 compiler in your project, add the following options to your gradle.properties file:\nkotlin.experimental.tryK2\u003dtrue\nkapt.use.k2\u003dtrue\nAlternatively, you can enable K2 for kapt by completing the following steps:\n2. In your build.gradle.kts file, set the language version to 2.0.\n4. In your gradle.properties file, add kapt.use.k2\u003dtrue.\nIf you encounter any issues when using kapt with the K2 compiler, please report them to our issue tracker.\n","pageTitle":"Preview kapt compiler plugin with K2","metaDescription":"","type":"Documentation","breadcrumbs":"What\u0027s new in Kotlin///Earlier versions","root":0,"depth":2}