{"objectID":"_whatsnew1430.html#improved_inline_classes","parent":"_whatsnew1430.html#language_features","pageViews":0,"url":"https://kotlinlang.org/docs/whatsnew1430.html#improved-inline-classes","mainTitle":"What\u0027s new in Kotlin 1.4.30","product":"","headings":"What\u0027s new in Kotlin 1.4.30,Improved inline classes","content":"Inline value classes are in Beta. They are almost stable, but migration steps may be required in the future. We\u0027ll do our best to minimize any changes you have to make. We would appreciate your feedback on the inline classes feature in YouTrack.\nKotlin 1.4.30 promotes inline classes to Beta and brings the following features and improvements to them:\n- Since inline classes are value-based, you can define them using the value modifier. The inline and value modifiers are now equivalent to each other. In future Kotlin versions, we\u0027re planning to deprecate the inline modifier.\nFrom now on, Kotlin requires the @JvmInline annotation before a class declaration for the JVM backend:\ninline class Name(private val s: String)\n\nvalue class Name(private val s: String)\n\n// For JVM backends\n@JvmInline\nvalue class Name(private val s: String)\n- Inline classes can have init blocks. You can add code to be executed right after the class is instantiated:\n@JvmInline\nvalue class Negative(val x: Int) {\n  init {\n      require(x \u0026lt; 0) { }\n  }\n}\n- Calling functions with inline classes from Java code: before Kotlin 1.4.30, you couldn\u0027t call functions that accept inline classes from Java because of mangling. From now on, you can disable mangling manually. To call such functions from Java code, you should add the @JvmName annotation before the function declaration:\ninline class UInt(val x: Int)\n\nfun compute(x: Int) { }\n\n@JvmName(\"computeUInt\")\nfun compute(x: UInt) { }\n- In this release, we\u0027ve changed the mangling scheme for functions to fix the incorrect behavior. These changes led to ABI changes.\nStarting with 1.4.30, the Kotlin compiler uses a new mangling scheme by default. Use the -Xuse-14-inline-classes-mangling-scheme compiler flag to force the compiler to use the old 1.4.0 mangling scheme and preserve binary compatibility.\nKotlin 1.4.30 promotes inline classes to Beta and we are planning to make them Stable in future releases. We\u0027d be very grateful if you would share your feedback with us using this YouTrack ticket.\nTo try the preview version of inline classes, add the compiler option -Xinline-classes or -language-version 1.5.\nLearn more about the mangling algorithm in KEEP.\nLearn more about inline classes.\n","pageTitle":"Improved inline classes","metaDescription":"","type":"Documentation","breadcrumbs":"What\u0027s new in Kotlin///Earlier versions","root":0,"depth":2}