{"objectID":"_whatsnew1920.html#kotlin_native","parent":"_whatsnew1920.html#ide_support","pageViews":0,"url":"https://kotlinlang.org/docs/whatsnew1920.html#kotlin-native","mainTitle":"What\u0027s new in Kotlin 1.9.20","product":"","headings":"What\u0027s new in Kotlin 1.9.20,Kotlin/Native","content":"Kotlin 1.9.20 includes a Stable memory manager with the new memory allocator enabled by default, performance improvements for the garbage collector, and other updates:\n- Custom memory allocator enabled by default\n- Performance improvements for the garbage collector\n- Incremental compilation of klib artifacts\n- Managing library linkage issues\n- Companion object initialization on class constructor calls\n- Opt-in requirement for all cinterop declarations\n- Custom message for linker errors\n- Removal of the legacy memory manager\n- Change to our target tiers policy\n","pageTitle":"Kotlin/Native","metaDescription":"","type":"Documentation","breadcrumbs":"What\u0027s new in Kotlin///Earlier versions","root":0,"depth":2}