{"objectID":"_whatsnew16.html#preview_of_the_new_memory_manager","parent":"_whatsnew16.html#language","pageViews":0,"url":"https://kotlinlang.org/docs/whatsnew16.html#preview-of-the-new-memory-manager","mainTitle":"What\u0027s new in Kotlin 1.6.0","product":"","headings":"What\u0027s new in Kotlin 1.6.0,Preview of the new memory manager","content":"The new Kotlin/Native memory manager is Experimental. It may be dropped or changed at any time. Opt-in is required (see details below), and you should use it only for evaluation purposes. We would appreciate your feedback on it in YouTrack.\nWith Kotlin 1.6.0, you can try the development preview of the new Kotlin/Native memory manager. It moves us closer to eliminating the differences between the JVM and Native platforms to provide a consistent developer experience in multiplatform projects.\nOne of the notable changes is the lazy initialization of top-level properties, like in Kotlin/JVM. A top-level property gets initialized when a top-level property or function from the same file is accessed for the first time. This mode also includes global interprocedural optimization (enabled only for release binaries), which removes redundant initialization checks.\nWe\u0027ve recently published a blog post about the new memory manager. Read it to learn about the current state of the new memory manager and find some demo projects, or jump right to the migration instructions to try it yourself. Please check how the new memory manager works on your projects and share feedback in our issue tracker, YouTrack.\n","pageTitle":"Preview of the new memory manager","metaDescription":"","type":"Documentation","breadcrumbs":"What\u0027s new in Kotlin///Earlier versions","root":0,"depth":2}