{"objectID":"_whatsnew1530.html#js_ir_compiler_backend_reaches_beta","parent":"_whatsnew1530.html#language_features","pageViews":0,"url":"https://kotlinlang.org/docs/whatsnew1530.html#js-ir-compiler-backend-reaches-beta","mainTitle":"What\u0027s new in Kotlin 1.5.30","product":"","headings":"What\u0027s new in Kotlin 1.5.30,JS IR compiler backend reaches Beta","content":"The IR-based compiler backend for Kotlin/JS, which was introduced in 1.4.0 in Alpha, has reached Beta.\nPreviously, we published the migration guide for the JS IR backend to help you migrate your projects to the new backend. Now we would like to present the Kotlin/JS Inspection Pack IDE plugin, which displays the required changes directly in IntelliJ IDEA.\n","pageTitle":"JS IR compiler backend reaches Beta","metaDescription":"","type":"Documentation","breadcrumbs":"What\u0027s new in Kotlin///Earlier versions","root":0,"depth":2}