{"objectID":"_whatsnew16.html#performance_improvements","parent":"_whatsnew16.html#language","pageViews":0,"url":"https://kotlinlang.org/docs/whatsnew16.html#performance-improvements","mainTitle":"What\u0027s new in Kotlin 1.6.0","product":"","headings":"What\u0027s new in Kotlin 1.6.0,Performance improvements","content":"Kotlin/Native 1.6.0 delivers the following performance improvements:\n- Compilation time: compiler caches are enabled by default for linuxX64 and iosArm64 targets. This speeds up most compilations in debug mode (except the first one). Measurements showed about a 200% speed increase on our test projects. The compiler caches have been available for these targets since Kotlin 1.5.0 with additional Gradle properties; you can remove them now.\n- Runtime: iterating over arrays with for loops is now up to 12% faster thanks to optimizations in the produced LLVM code.\n","pageTitle":"Performance improvements","metaDescription":"","type":"Documentation","breadcrumbs":"What\u0027s new in Kotlin///Earlier versions","root":0,"depth":2}