{"objectID":"_whatsnew12.html#math_operations_in_kotlin_stdlib","parent":"_whatsnew12.html#table_of_contents","pageViews":0,"url":"https://kotlinlang.org/docs/whatsnew12.html#math-operations-in-kotlin-stdlib","mainTitle":"What\u0027s new in Kotlin 1.2","product":"","headings":"What\u0027s new in Kotlin 1.2,Math operations in kotlin-stdlib","content":"Satisfying the longstanding request, Kotlin 1.2 adds the kotlin.math API for math operations that is common for JVM and JS and contains the following:\n- Constants: PI and E\n- Trigonometric: cos, sin, tan and inverse of them: acos, asin, atan, atan2\n- Hyperbolic: cosh, sinh, tanh and their inverse: acosh, asinh, atanh\n- Exponentation: pow (an extension function), sqrt, hypot, exp, expm1\n- Logarithms: log, log2, log10, ln, ln1p\n- Rounding:\n- ceil, floor, truncate, round (half to even) functions\n- roundToInt, roundToLong (half to integer) extension functions\n- Sign and absolute value:\n- abs and sign functions\n- absoluteValue and sign extension properties\n- withSign extension function\n- max and min of two values\n- Binary representation:\n- ulp extension property\n- nextUp, nextDown, nextTowards extension functions\n- toBits, toRawBits, Double.fromBits (these are in the kotlin package)\nThe same set of functions (but without constants) is also available for Float arguments.\n","pageTitle":"Math operations in kotlin-stdlib","metaDescription":"","type":"Documentation","breadcrumbs":"What\u0027s new in Kotlin///Earlier versions","root":0,"depth":2}