{"objectID":"_whatsnew2120.html#support_for_default_arguments_in_open_composable_functions","parent":"_whatsnew2120.html#ide_support","pageViews":0,"url":"https://kotlinlang.org/docs/whatsnew2120.html#support-for-default-arguments-in-open-composable-functions","mainTitle":"What\u0027s new in Kotlin 2.1.20","product":"","headings":"What\u0027s new in Kotlin 2.1.20,Support for default arguments in open  functions","content":"The compiler previously restricted default arguments in open @Composable functions due to incorrect compiler output, which would result in crashes at runtime. The underlying issue is now resolved, and default arguments are fully supported when used with Kotlin 2.1.20 or newer.\nCompose compiler allowed default arguments in open functions before version 1.5.8, so the support depends on project configuration:\n- If an open composable function is compiled with Kotlin version 2.1.20 or newer, the compiler generates correct wrappers for default arguments. This includes wrappers compatible with pre-1.5.8 binaries, meaning that downstream libraries will also be able to use this open function.\n- If the open composable function is compiled with Kotlin older than 2.1.20, Compose uses a compatibility mode, which might result in runtime crashes. When using the compatibility mode, the compiler emits a warning to highlight potential problems.\n","pageTitle":"Support for default arguments in open  functions","metaDescription":"","type":"Documentation","breadcrumbs":"What\u0027s new in Kotlin///Earlier versions","root":0,"depth":2}