{"objectID":"_whatsnew16.html#repeatable_annotations_with_runtime_retention_for_1_8_jvm_target","parent":"_whatsnew16.html#language","pageViews":0,"url":"https://kotlinlang.org/docs/whatsnew16.html#repeatable-annotations-with-runtime-retention-for-1-8-jvm-target","mainTitle":"What\u0027s new in Kotlin 1.6.0","product":"","headings":"What\u0027s new in Kotlin 1.6.0,Repeatable annotations with runtime retention for 1.8 JVM target","content":"Java 8 introduced repeatable annotations, which can be applied multiple times to a single code element. The feature requires two declarations to be present in the Java code: the repeatable annotation itself marked with @java.lang.annotation.Repeatable and the containing annotation to hold its values.\nKotlin also has repeatable annotations, but requires only @kotlin.annotation.Repeatable to be present on an annotation declaration to make it repeatable. Before 1.6.0, the feature supported only SOURCE retention and was incompatible with Java\u0027s repeatable annotations. Kotlin 1.6.0 removes these limitations. @kotlin.annotation.Repeatable now accepts any retention and makes the annotation repeatable both in Kotlin and Java. Java\u0027s repeatable annotations are now also supported from the Kotlin side.\nWhile you can declare a containing annotation, it\u0027s not necessary. For example:\n- If an annotation @Tag is marked with @kotlin.annotation.Repeatable, the Kotlin compiler automatically generates a containing annotation class under the name of @Tag.Container:\n@Repeatable \nannotation class Tag(val name: String)\n\n// The compiler generates @Tag.Container containing annotation\n- To set a custom name for a containing annotation, apply the @kotlin.jvm.JvmRepeatable meta-annotation and pass the explicitly declared containing annotation class as an argument:\n@JvmRepeatable(Tags::class)\nannotation class Tag(val name: String)\n\nannotation class Tags(val value: Array\u0026lt;Tag\u0026gt;)\nKotlin reflection now supports both Kotlin\u0027s and Java\u0027s repeatable annotations via a new function, KAnnotatedElement.findAnnotations().\nLearn more about Kotlin repeatable annotations in this KEEP.\n","pageTitle":"Repeatable annotations with runtime retention for 1.8 JVM target","metaDescription":"","type":"Documentation","breadcrumbs":"What\u0027s new in Kotlin///Earlier versions","root":0,"depth":2}