{"objectID":"_whatsnew12.html#deprecation_nested_types_in_enum_entries","parent":"_whatsnew12.html#table_of_contents","pageViews":0,"url":"https://kotlinlang.org/docs/whatsnew12.html#deprecation-nested-types-in-enum-entries","mainTitle":"What\u0027s new in Kotlin 1.2","product":"","headings":"What\u0027s new in Kotlin 1.2,Deprecation: nested types in enum entries","content":"Inside enum entries, defining a nested type that is not an inner class has been deprecated due to issues in the initialization logic. This causes a warning in Kotlin 1.2 and will become an error in Kotlin 1.3.\n","pageTitle":"Deprecation: nested types in enum entries","metaDescription":"","type":"Documentation","breadcrumbs":"What\u0027s new in Kotlin///Earlier versions","root":0,"depth":2}