{"objectID":"_whatsnew1720.html#documentation_updates","parent":"_whatsnew1720.html#support_for_kotlin_k2_compiler_plugins","pageViews":0,"url":"https://kotlinlang.org/docs/whatsnew1720.html#documentation-updates","mainTitle":"What\u0027s new in Kotlin 1.7.20","product":"","headings":"What\u0027s new in Kotlin 1.7.20,Documentation updates","content":"Since the previous release, the Kotlin documentation has received some notable changes:\n","pageTitle":"Documentation updates","metaDescription":"","type":"Documentation","breadcrumbs":"What\u0027s new in Kotlin///Earlier versions","root":0,"depth":2}