{"objectID":"_whatsnew1520.html#kotlin_native","parent":"_whatsnew1520.html#kotlin_jvm","pageViews":0,"url":"https://kotlinlang.org/docs/whatsnew1520.html#kotlin-native","mainTitle":"What\u0027s new in Kotlin 1.5.20","product":"","headings":"What\u0027s new in Kotlin 1.5.20,Kotlin/Native","content":"Kotlin/Native 1.5.20 offers a preview of the new feature and the tooling improvements:\n- Opt-in export of KDoc comments to generated Objective-C headers\n- Compiler bug fixes\n- Improved performance of Array.copyInto() inside one array\n","pageTitle":"Kotlin/Native","metaDescription":"","type":"Documentation","breadcrumbs":"What\u0027s new in Kotlin///Earlier versions","root":0,"depth":2}