{"objectID":"_whatsnew19.html#standard_library","parent":"_whatsnew19.html#ide_support","pageViews":0,"url":"https://kotlinlang.org/docs/whatsnew19.html#standard-library","mainTitle":"What\u0027s new in Kotlin 1.9.0","product":"","headings":"What\u0027s new in Kotlin 1.9.0,Standard library","content":"Kotlin 1.9.0 has some great improvements for the standard library:\n- The ..\u0026lt; operator and time API are Stable.\n- The Kotlin/Native standard library has been thoroughly reviewed and updated\n- The @Volatile annotation can be used on more platforms\n- There\u0027s a common function to get a regex capture group by name\n- The HexFormat class has been introduced to format and parse hexadecimals\n","pageTitle":"Standard library","metaDescription":"","type":"Documentation","breadcrumbs":"What\u0027s new in Kotlin///Earlier versions","root":0,"depth":2}