{"objectID":"_whatsnew14.html#improved_gradle_kts_support_in_the_ide","parent":"_whatsnew14.html#language_features_and_improvements","pageViews":0,"url":"https://kotlinlang.org/docs/whatsnew14.html#improved-gradle-kts-support-in-the-ide","mainTitle":"What\u0027s new in Kotlin 1.4.0","product":"","headings":"What\u0027s new in Kotlin 1.4.0,Improved *.gradle.kts support in the IDE","content":"In 1.4.0, we continued improving the IDE support for Gradle Kotlin DSL scripts (*.gradle.kts files). Here is what the new version brings:\n- Explicit loading of script configurations for better performance. Previously, the changes you make to the build script were loaded automatically in the background. To improve the performance, we\u0027ve disabled the automatic loading of build script configuration in 1.4.0. Now the IDE loads the changes only when you explicitly apply them.\nIn Gradle versions earlier than 6.0, you need to manually load the script configuration by clicking Load Configuration in the editor.\n*.gradle.kts – Load ConfigurationIn Gradle 6.0 and above, you can explicitly apply changes by clicking Load Gradle Changes or by reimporting the Gradle project.\nWe\u0027ve added one more action in IntelliJ IDEA 2020.1 with Gradle 6.0 and above – Load Script Configurations, which loads changes to the script configurations without updating the whole project. This takes much less time than reimporting the whole project.\n*.gradle.kts – Load Script Changes and Load Gradle ChangesYou should also Load Script Configurations for newly created scripts or when you open a project with new Kotlin plugin for the first time.\nWith Gradle 6.0 and above, you are now able to load all scripts at once as opposed to the previous implementation where they were loaded individually. Since each request requires the Gradle configuration phase to be executed, this could be resource-intensive for large Gradle projects.\nCurrently, such loading is limited to build.gradle.kts and settings.gradle.kts files (please vote for the related issue). To enable highlighting for init.gradle.kts or applied script plugins, use the old mechanism – adding them to standalone scripts. Configuration for that scripts will be loaded separately when you need it. You can also enable auto-reload for such scripts.\n*.gradle.kts – Add to standalone scripts - Better error reporting. Previously you could only see errors from the Gradle Daemon in separate log files. Now the Gradle Daemon returns all the information about errors directly and shows it in the Build tool window. This saves you both time and effort.\n","pageTitle":"Improved *.gradle.kts support in the IDE","metaDescription":"","type":"Documentation","breadcrumbs":"What\u0027s new in Kotlin///Earlier versions","root":0,"depth":2}