{"objectID":"_whatsnew17.html#kotlin_jvm","parent":"_whatsnew17.html#new_kotlin_k2_compiler_for_the_jvm_in_alpha","pageViews":0,"url":"https://kotlinlang.org/docs/whatsnew17.html#kotlin-jvm","mainTitle":"What\u0027s new in Kotlin 1.7.0","product":"","headings":"What\u0027s new in Kotlin 1.7.0,Kotlin/JVM","content":"This release brings performance improvements for the Kotlin/JVM compiler and a new compiler option. Additionally, callable references to functional interface constructors have become Stable. Note that since 1.7.0, the default target version for Kotlin/JVM compilations is 1.8.\n- Compiler performance optimizations\n- New compiler option -Xjdk-release\n- Stable callable references to functional interface constructors\n- Removed the JVM target version 1.6\n","pageTitle":"Kotlin/JVM","metaDescription":"","type":"Documentation","breadcrumbs":"What\u0027s new in Kotlin///Earlier versions","root":0,"depth":2}