{"objectID":"_whatsnew20.html#current_k2_compiler_limitations","parent":"_whatsnew20.html#ide_support","pageViews":0,"url":"https://kotlinlang.org/docs/whatsnew20.html#current-k2-compiler-limitations","mainTitle":"What\u0027s new in Kotlin 2.0.0","product":"","headings":"What\u0027s new in Kotlin 2.0.0,Current K2 compiler limitations","content":"Enabling K2 in your Gradle project comes with certain limitations that can affect projects using Gradle versions below 8.3 in the following cases:\n- Compilation of source code from buildSrc.\n- Compilation of Gradle plugins in included builds.\n- Compilation of other Gradle plugins if they are used in projects with Gradle versions below 8.3.\n- Building Gradle plugin dependencies.\nIf you encounter any of the problems mentioned above, you can take the following steps to address them:\n- Set the language version for buildSrc, any Gradle plugins, and their dependencies:\nkotlin {\n    compilerOptions {\n        languageVersion.set(org.jetbrains.kotlin.gradle.dsl.KotlinVersion.KOTLIN_1_9)\n        apiVersion.set(org.jetbrains.kotlin.gradle.dsl.KotlinVersion.KOTLIN_1_9)\n    }\n}\nIf you configure language and API versions for specific tasks, these values will override the values set by the compilerOptions extension. In this case, language and API versions should not be higher than 1.9.\n- Update the Gradle version in your project to 8.3 or later.\n","pageTitle":"Current K2 compiler limitations","metaDescription":"","type":"Documentation","breadcrumbs":"What\u0027s new in Kotlin///Earlier versions","root":0,"depth":2}