{"objectID":"_whatsnew19.html#configure_gradle_settings","parent":"_whatsnew19.html#ide_support","pageViews":0,"url":"https://kotlinlang.org/docs/whatsnew19.html#configure-gradle-settings","mainTitle":"What\u0027s new in Kotlin 1.9.0","product":"","headings":"What\u0027s new in Kotlin 1.9.0,Configure Gradle settings","content":"To download Kotlin artifacts and dependencies, update your settings.gradle(.kts) file to use the Maven Central repository:\npluginManagement {\n    repositories {\n        mavenCentral()\n        gradlePluginPortal()\n    }\n}\nIf the repository is not specified, Gradle uses the sunset JCenter repository, which could lead to issues with Kotlin artifacts.\n","pageTitle":"Configure Gradle settings","metaDescription":"","type":"Documentation","breadcrumbs":"What\u0027s new in Kotlin///Earlier versions","root":0,"depth":2}