{"objectID":"_whatsnew1620.html#better_stack_traces_with_libbacktrace","parent":"_whatsnew1620.html#language","pageViews":0,"url":"https://kotlinlang.org/docs/whatsnew1620.html#better-stack-traces-with-libbacktrace","mainTitle":"What\u0027s new in Kotlin 1.6.20","product":"","headings":"What\u0027s new in Kotlin 1.6.20,Better stack traces with libbacktrace","content":"Using libbacktrace for resolving source locations is Experimental. It may be dropped or changed at any time. You should use it only for evaluation purposes. We would appreciate your feedback on it in YouTrack.\nKotlin/Native is now able to produce detailed stack traces with file locations and line numbers for better debugging of linux* (except linuxMips32 and linuxMipsel32) and androidNative* targets.\nThis feature uses the libbacktrace library under the hood. Take a look at the following code to see an example of the difference:\nfun main() \u003d bar()\nfun bar() \u003d baz()\ninline fun baz() {\n    error(\"\")\n}\n- Before 1.6.20:\nUncaught Kotlin exception: kotlin.IllegalStateException:\n   at 0   example.kexe        0x227190       kfun:kotlin.Throwable#\u0026lt;init\u0026gt;(kotlin.String?){} + 96\n   at 1   example.kexe        0x221e4c       kfun:kotlin.Exception#\u0026lt;init\u0026gt;(kotlin.String?){} + 92\n   at 2   example.kexe        0x221f4c       kfun:kotlin.RuntimeException#\u0026lt;init\u0026gt;(kotlin.String?){} + 92\n   at 3   example.kexe        0x22234c       kfun:kotlin.IllegalStateException#\u0026lt;init\u0026gt;(kotlin.String?){} + 92\n   at 4   example.kexe        0x25d708       kfun:#bar(){} + 104\n   at 5   example.kexe        0x25d68c       kfun:#main(){} + 12\n- 1.6.20 with libbacktrace:\nUncaught Kotlin exception: kotlin.IllegalStateException:\n   at 0   example.kexe        0x229550    kfun:kotlin.Throwable#\u0026lt;init\u0026gt;(kotlin.String?){} + 96 (/opt/buildAgent/work/c3a91df21e46e2c8/kotlin/kotlin-native/runtime/src/main/kotlin/kotlin/Throwable.kt:24:37)\n   at 1   example.kexe        0x22420c    kfun:kotlin.Exception#\u0026lt;init\u0026gt;(kotlin.String?){} + 92 (/opt/buildAgent/work/c3a91df21e46e2c8/kotlin/kotlin-native/runtime/src/main/kotlin/kotlin/Exceptions.kt:23:44)\n   at 2   example.kexe        0x22430c    kfun:kotlin.RuntimeException#\u0026lt;init\u0026gt;(kotlin.String?){} + 92 (/opt/buildAgent/work/c3a91df21e46e2c8/kotlin/kotlin-native/runtime/src/main/kotlin/kotlin/Exceptions.kt:34:44)\n   at 3   example.kexe        0x22470c    kfun:kotlin.IllegalStateException#\u0026lt;init\u0026gt;(kotlin.String?){} + 92 (/opt/buildAgent/work/c3a91df21e46e2c8/kotlin/kotlin-native/runtime/src/main/kotlin/kotlin/Exceptions.kt:70:44)\n   at 4   example.kexe        0x25fac8    kfun:#bar(){} + 104 [inlined] (/opt/buildAgent/work/c3a91df21e46e2c8/kotlin/libraries/stdlib/src/kotlin/util/Preconditions.kt:143:56)\n   at 5   example.kexe        0x25fac8    kfun:#bar(){} + 104 [inlined] (/private/tmp/backtrace/src/commonMain/kotlin/app.kt:4:5)\n   at 6   example.kexe        0x25fac8    kfun:#bar(){} + 104 (/private/tmp/backtrace/src/commonMain/kotlin/app.kt:2:13)\n   at 7   example.kexe        0x25fa4c    kfun:#main(){} + 12 (/private/tmp/backtrace/src/commonMain/kotlin/app.kt:1:14)\nOn Apple targets, which already had file locations and line numbers in stack traces, libbacktrace provides more details for inline function calls:\n- Before 1.6.20:\nUncaught Kotlin exception: kotlin.IllegalStateException:\n   at 0   example.kexe    0x10a85a8f8    kfun:kotlin.Throwable#\u0026lt;init\u0026gt;(kotlin.String?){} + 88 (/opt/buildAgent/work/c3a91df21e46e2c8/kotlin/kotlin-native/runtime/src/main/kotlin/kotlin/Throwable.kt:24:37)\n   at 1   example.kexe    0x10a855846    kfun:kotlin.Exception#\u0026lt;init\u0026gt;(kotlin.String?){} + 86 (/opt/buildAgent/work/c3a91df21e46e2c8/kotlin/kotlin-native/runtime/src/main/kotlin/kotlin/Exceptions.kt:23:44)\n   at 2   example.kexe    0x10a855936    kfun:kotlin.RuntimeException#\u0026lt;init\u0026gt;(kotlin.String?){} + 86 (/opt/buildAgent/work/c3a91df21e46e2c8/kotlin/kotlin-native/runtime/src/main/kotlin/kotlin/Exceptions.kt:34:44)\n   at 3   example.kexe    0x10a855c86    kfun:kotlin.IllegalStateException#\u0026lt;init\u0026gt;(kotlin.String?){} + 86 (/opt/buildAgent/work/c3a91df21e46e2c8/kotlin/kotlin-native/runtime/src/main/kotlin/kotlin/Exceptions.kt:70:44)\n   at 4   example.kexe    0x10a8489a5    kfun:#bar(){} + 117 (/private/tmp/backtrace/src/commonMain/kotlin/app.kt:2:1)\n   at 5   example.kexe    0x10a84891c    kfun:#main(){} + 12 (/private/tmp/backtrace/src/commonMain/kotlin/app.kt:1:14)\n...\n- 1.6.20 with libbacktrace:\nUncaught Kotlin exception: kotlin.IllegalStateException:\n   at 0   example.kexe    0x10669bc88    kfun:kotlin.Throwable#\u0026lt;init\u0026gt;(kotlin.String?){} + 88 (/opt/buildAgent/work/c3a91df21e46e2c8/kotlin/kotlin-native/runtime/src/main/kotlin/kotlin/Throwable.kt:24:37)\n   at 1   example.kexe    0x106696bd6    kfun:kotlin.Exception#\u0026lt;init\u0026gt;(kotlin.String?){} + 86 (/opt/buildAgent/work/c3a91df21e46e2c8/kotlin/kotlin-native/runtime/src/main/kotlin/kotlin/Exceptions.kt:23:44)\n   at 2   example.kexe    0x106696cc6    kfun:kotlin.RuntimeException#\u0026lt;init\u0026gt;(kotlin.String?){} + 86 (/opt/buildAgent/work/c3a91df21e46e2c8/kotlin/kotlin-native/runtime/src/main/kotlin/kotlin/Exceptions.kt:34:44)\n   at 3   example.kexe    0x106697016    kfun:kotlin.IllegalStateException#\u0026lt;init\u0026gt;(kotlin.String?){} + 86 (/opt/buildAgent/work/c3a91df21e46e2c8/kotlin/kotlin-native/runtime/src/main/kotlin/kotlin/Exceptions.kt:70:44)\n   at 4   example.kexe    0x106689d35    kfun:#bar(){} + 117 [inlined] (/opt/buildAgent/work/c3a91df21e46e2c8/kotlin/libraries/stdlib/src/kotlin/util/Preconditions.kt:143:56)\n\u0026gt;\u0026gt;  at 5   example.kexe    0x106689d35    kfun:#bar(){} + 117 [inlined] (/private/tmp/backtrace/src/commonMain/kotlin/app.kt:4:5)\n   at 6   example.kexe    0x106689d35    kfun:#bar(){} + 117 (/private/tmp/backtrace/src/commonMain/kotlin/app.kt:2:13)\n   at 7   example.kexe    0x106689cac    kfun:#main(){} + 12 (/private/tmp/backtrace/src/commonMain/kotlin/app.kt:1:14)\n...\nTo produce better stack traces with libbacktrace, add the following line to gradle.properties:\n# gradle.properties\nkotlin.native.binary.sourceInfoType\u003dlibbacktrace\nPlease tell us how debugging Kotlin/Native with libbacktrace works for you in this YouTrack issue.\n","pageTitle":"Better stack traces with libbacktrace","metaDescription":"","type":"Documentation","breadcrumbs":"What\u0027s new in Kotlin///Earlier versions","root":0,"depth":2}