{"objectID":"_whatsnew20.html#new_compose_compiler_gradle_plugin","parent":"_whatsnew20.html#ide_support","pageViews":0,"url":"https://kotlinlang.org/docs/whatsnew20.html#new-compose-compiler-gradle-plugin","mainTitle":"What\u0027s new in Kotlin 2.0.0","product":"","headings":"What\u0027s new in Kotlin 2.0.0,New Compose compiler Gradle plugin","content":"The Jetpack Compose compiler, which translates composables into Kotlin code, has now been merged into the Kotlin repository. This will help transition Compose projects to Kotlin 2.0.0, as the Compose compiler will always ship simultaneously with Kotlin. This also bumps the Compose compiler version to 2.0.0.\nTo use the new Compose compiler in your projects, apply the org.jetbrains.kotlin.plugin.compose Gradle plugin in your build.gradle(.kts) file and set its version equal to Kotlin 2.0.0.\nTo learn more about this change and see the migration instructions, see the Compose compiler documentation.\n","pageTitle":"New Compose compiler Gradle plugin","metaDescription":"","type":"Documentation","breadcrumbs":"What\u0027s new in Kotlin///Earlier versions","root":0,"depth":2}