{"objectID":"_whatsnew2120.html#support_for_xcode_16_3","parent":"_whatsnew2120.html#ide_support","pageViews":0,"url":"https://kotlinlang.org/docs/whatsnew2120.html#support-for-xcode-16-3","mainTitle":"What\u0027s new in Kotlin 2.1.20","product":"","headings":"What\u0027s new in Kotlin 2.1.20,Support for Xcode 16.3","content":"Starting with Kotlin 2.1.21, the Kotlin/Native compiler supports Xcode 16.3 – the latest stable version of Xcode. Feel free to update your Xcode and continue working on your Kotlin projects for Apple operating systems.\nThe 2.1.21 release also fixes the related cinterop issue that caused compilation failures in Kotlin Multiplatform projects.\n","pageTitle":"Support for Xcode 16.3","metaDescription":"","type":"Documentation","breadcrumbs":"What\u0027s new in Kotlin///Earlier versions","root":0,"depth":2}