{"objectID":"_whatsnew11.html#interception_of_delegated_property_binding","parent":"_whatsnew11.html#table_of_contents","pageViews":0,"url":"https://kotlinlang.org/docs/whatsnew11.html#interception-of-delegated-property-binding","mainTitle":"What\u0027s new in Kotlin 1.1","product":"","headings":"What\u0027s new in Kotlin 1.1,Interception of delegated property binding","content":"For delegated properties, it is now possible to intercept delegate to property binding using the provideDelegate operator. For example, if we want to check the property name before binding, we can write something like this:\nclass ResourceLoader\u0026lt;T\u0026gt;(id: ResourceID\u0026lt;T\u0026gt;) {\n    operator fun provideDelegate(thisRef: MyUI, prop: KProperty\u0026lt;*\u0026gt;): ReadOnlyProperty\u0026lt;MyUI, T\u0026gt; {\n        checkProperty(thisRef, prop.name)\n        ... // property creation\n    }\n\n    private fun checkProperty(thisRef: MyUI, name: String) { ... }\n}\n\nfun \u0026lt;T\u0026gt; bindResource(id: ResourceID\u0026lt;T\u0026gt;): ResourceLoader\u0026lt;T\u0026gt; { ... }\n\nclass MyUI {\n    val image by bindResource(ResourceID.image_id)\n    val text by bindResource(ResourceID.text_id)\n}\nThe provideDelegate method will be called for each property during the creation of a MyUI instance, and it can perform the necessary validation right away.\nRead the delegated properties documentation for more details.\n","pageTitle":"Interception of delegated property binding","metaDescription":"","type":"Documentation","breadcrumbs":"What\u0027s new in Kotlin///Earlier versions","root":0,"depth":2}