{"objectID":"_whatsnew11.html#map_minus_key","parent":"_whatsnew11.html#table_of_contents","pageViews":0,"url":"https://kotlinlang.org/docs/whatsnew11.html#map-minus-key","mainTitle":"What\u0027s new in Kotlin 1.1","product":"","headings":"What\u0027s new in Kotlin 1.1,Map.minus(key)","content":"The operator plus provides a way to add key-value pair(s) to a read-only map producing a new map, however there was not a simple way to do the opposite: to remove a key from the map you have to resort to less straightforward ways to like Map.filter() or Map.filterKeys(). Now the operator minus fills this gap. There are 4 overloads available: for removing a single key, a collection of keys, a sequence of keys and an array of keys.\nfun main(args: Array\u0026lt;String\u0026gt;) {\n//sampleStart\n    val map \u003d mapOf(\"key\" to 42)\n    val emptyMap \u003d map - \"key\"\n//sampleEnd\n    \n    println(\"map: $map\")\n    println(\"emptyMap: $emptyMap\")\n}\n","pageTitle":"Map.minus(key)","metaDescription":"","type":"Documentation","breadcrumbs":"What\u0027s new in Kotlin///Earlier versions","root":0,"depth":2}