{"objectID":"_whatsnew11.html#improved_import_handling","parent":"_whatsnew11.html#table_of_contents","pageViews":0,"url":"https://kotlinlang.org/docs/whatsnew11.html#improved-import-handling","mainTitle":"What\u0027s new in Kotlin 1.1","product":"","headings":"What\u0027s new in Kotlin 1.1,Improved import handling","content":"You can now describe declarations which should be imported from JavaScript modules more precisely. If you add the @JsModule(\u0026quot;\u0026lt;module-name\u0026gt;\u0026quot;) annotation on an external declaration it will be properly imported to a module system (either CommonJS or AMD) during the compilation. For example, with CommonJS the declaration will be imported via require(...) function. Additionally, if you want to import a declaration either as a module or as a global JavaScript object, you can use the @JsNonModule annotation.\nFor example, here\u0027s how you can import JQuery into a Kotlin module:\nexternal interface JQuery {\n    fun toggle(duration: Int \u003d definedExternally): JQuery\n    fun click(handler: (Event) -\u0026gt; Unit): JQuery\n}\n\n@JsModule(\"jquery\")\n@JsNonModule\n@JsName(\"$\")\nexternal fun jquery(selector: String): JQuery\nIn this case, JQuery will be imported as a module named jquery. Alternatively, it can be used as a $-object, depending on what module system Kotlin compiler is configured to use.\nYou can use these declarations in your application like this:\nfun main(args: Array\u0026lt;String\u0026gt;) {\n    jquery(\".toggle-button\").click {\n        jquery(\".toggle-panel\").toggle(300)\n    }\n}\n","pageTitle":"Improved import handling","metaDescription":"","type":"Documentation","breadcrumbs":"What\u0027s new in Kotlin///Earlier versions","root":0,"depth":2}