{"objectID":"_whatsnew1720.html#target_configuration","parent":"_whatsnew1720.html#support_for_kotlin_k2_compiler_plugins","pageViews":0,"url":"https://kotlinlang.org/docs/whatsnew1720.html#target-configuration","mainTitle":"What\u0027s new in Kotlin 1.7.20","product":"","headings":"What\u0027s new in Kotlin 1.7.20,Target configuration","content":"- org.jetbrains.kotlin.gradle.dsl.SingleTargetExtension now has a generic parameter, SingleTargetExtension\u0026lt;T : KotlinTarget\u0026gt;.\n- The kotlin.targets.fromPreset() convention has been deprecated. Instead, you can still use kotlin.targets { fromPreset() }, but we recommend setting up targets explicitly.\n- Target accessors auto-generated by Gradle are no longer available inside the kotlin.targets { } block. Please use the findByName(\u0026quot;targetName\u0026quot;) method instead.\nNote that such accessors are still available in the case of kotlin.targets, for example, kotlin.targets.linuxX64.\n","pageTitle":"Target configuration","metaDescription":"","type":"Documentation","breadcrumbs":"What\u0027s new in Kotlin///Earlier versions","root":0,"depth":2}