{"objectID":"_whatsnew20.html#new_gradle_dsl_for_compiler_options_in_multiplatform_projects","parent":"_whatsnew20.html#ide_support","pageViews":0,"url":"https://kotlinlang.org/docs/whatsnew20.html#new-gradle-dsl-for-compiler-options-in-multiplatform-projects","mainTitle":"What\u0027s new in Kotlin 2.0.0","product":"","headings":"What\u0027s new in Kotlin 2.0.0,New Gradle DSL for compiler options in multiplatform projects","content":"This feature is Experimental. It may be dropped or changed at any time. Use it only for evaluation purposes. We would appreciate your feedback on it in YouTrack.\nPrior to Kotlin 2.0.0, configuring compiler options in a multiplatform project with Gradle was only possible at a low level, such as per task, compilation, or source set. To make it easier to configure compiler options more generally in your projects, Kotlin 2.0.0 comes with a new Gradle DSL.\nWith this new DSL, you can configure compiler options at the extension level for all the targets and shared source sets like commonMain and at a target level for a specific target:\nkotlin {\n    compilerOptions {\n        // Extension-level common compiler options that are used as defaults\n        // for all targets and shared source sets\n        allWarningsAsErrors.set(true)\n    }\n    jvm {\n        compilerOptions {\n            // Target-level JVM compiler options that are used as defaults\n            // for all compilations in this target\n            noJdk.set(true)\n        }\n    }\n}\nThe overall project configuration now has three layers. The highest is the extension level, then the target level and the lowest is the compilation unit (which is usually a compilation task):\nKotlin compiler options levels The settings at a higher level are used as a convention (default) for a lower level:\n- The values of extension compiler options are the default for target compiler options, including shared source sets, like commonMain, nativeMain, and commonTest.\n- The values of target compiler options are used as the default for compilation unit (task) compiler options, for example, compileKotlinJvm and compileTestKotlinJvm tasks.\nIn turn, configurations made at a lower level override related settings at a higher level:\n- Task-level compiler options override related configurations at the target or the extension level.\n- Target-level compiler options override related configurations at the extension level.\nWhen configuring your project, keep in mind that some old ways of setting up compiler options have been deprecated.\nWe encourage you to try the new DSL out in your multiplatform projects and leave feedback in YouTrack, as we plan to make this DSL the recommended approach for configuring compiler options.\n","pageTitle":"New Gradle DSL for compiler options in multiplatform projects","metaDescription":"","type":"Documentation","breadcrumbs":"What\u0027s new in Kotlin///Earlier versions","root":0,"depth":2}