{"objectID":"_whatsnew2020.html#added_task_dependency_for_rare_cases_when_the_compile_task_lacks_one_on_an_artifact","parent":"_whatsnew2020.html#ide_support","pageViews":0,"url":"https://kotlinlang.org/docs/whatsnew2020.html#added-task-dependency-for-rare-cases-when-the-compile-task-lacks-one-on-an-artifact","mainTitle":"What\u0027s new in Kotlin 2.0.20","product":"","headings":"What\u0027s new in Kotlin 2.0.20,Added task dependency for rare cases when the compile task lacks one on an artifact","content":"Prior to 2.0.20, we found that there were scenarios where a compile task was missing a task dependency for one of its artifact inputs. This meant that the result of the dependent compile task was unstable, as sometimes the artifact had been generated in time, but sometimes, it hadn\u0027t.\nTo fix this issue, the Kotlin Gradle plugin now automatically adds the required task dependency in these scenarios.\nIn very rare cases, we\u0027ve found that this new behavior can cause a circular dependency error. For example, if you have multiple compilations where one compilation can see all internal declarations of the other, and the generated artifact relies on the output of both compilation tasks, you could see an error like:\nFAILURE: Build failed with an exception.\n\nWhat went wrong:\nCircular dependency between the following tasks:\n:lib:compileKotlinJvm\n--- :lib:jvmJar\n     \\--- :lib:compileKotlinJvm (*)\n(*) - details omitted (listed previously)\nTo fix this circular dependency error, we\u0027ve added a Gradle property: archivesTaskOutputAsFriendModule.\nBy default, this property is set to true to track the task dependency. To disable the use of the artifact in the compilation task, so that no task dependency is required, add the following in your gradle.properties file:\nkotlin.build.archivesTaskOutputAsFriendModule\u003dfalse\nFor more information, see the issue in YouTrack.\n","pageTitle":"Added task dependency for rare cases when the compile task lacks one on an artifact","metaDescription":"","type":"Documentation","breadcrumbs":"What\u0027s new in Kotlin///Earlier versions","root":0,"depth":2}