{"objectID":"_whatsnew1720.html#leave_your_feedback","parent":"_whatsnew1720.html#support_for_kotlin_k2_compiler_plugins","pageViews":0,"url":"https://kotlinlang.org/docs/whatsnew1720.html#leave-your-feedback","mainTitle":"What\u0027s new in Kotlin 1.7.20","product":"","headings":"What\u0027s new in Kotlin 1.7.20,Leave your feedback","content":"This is a significant change to our ecosystem. We would appreciate your feedback to help make it even better.\nTry the new memory manager on your projects and share feedback in our issue tracker, YouTrack.\n","pageTitle":"Leave your feedback","metaDescription":"","type":"Documentation","breadcrumbs":"What\u0027s new in Kotlin///Earlier versions","root":0,"depth":2}