{"objectID":"_whatsnew1620.html#leave_your_feedback","parent":"_whatsnew1620.html#language","pageViews":0,"url":"https://kotlinlang.org/docs/whatsnew1620.html#leave-your-feedback","mainTitle":"What\u0027s new in Kotlin 1.6.20","product":"","headings":"What\u0027s new in Kotlin 1.6.20,Leave your feedback","content":"This is a significant change to the whole ecosystem. We would appreciate your feedback to help make it even better.\nTry it now and report any difficulties you encounter to our issue tracker.\n","pageTitle":"Leave your feedback","metaDescription":"","type":"Documentation","breadcrumbs":"What\u0027s new in Kotlin///Earlier versions","root":0,"depth":2}