{"objectID":"_whatsnew1420.html#escape_analysis","parent":"_whatsnew1420.html#kotlin_jvm","pageViews":0,"url":"https://kotlinlang.org/docs/whatsnew1420.html#escape-analysis","mainTitle":"What\u0027s new in Kotlin 1.4.20","product":"","headings":"What\u0027s new in Kotlin 1.4.20,Escape analysis","content":"The escape analysis mechanism is Experimental. It may be dropped or changed at any time. Use it only for evaluation purposes. We appreciate your feedback on it in YouTrack.\nKotlin/Native receives a prototype of the new escape analysis mechanism. It improves the runtime performance by allocating certain objects on the stack instead of the heap. This mechanism shows a 10% average performance increase on our benchmarks, and we continue improving it so that it speeds up the program even more.\nThe escape analysis runs in a separate compilation phase for the release builds (with the -opt compiler option).\nIf you want to disable the escape analysis phase, use the -Xdisable-phases\u003dEscapeAnalysis compiler option.\n","pageTitle":"Escape analysis","metaDescription":"","type":"Documentation","breadcrumbs":"What\u0027s new in Kotlin///Earlier versions","root":0,"depth":2}