{"objectID":"_whatsnew12.html#multiplatform_projects_experimental","parent":"_whatsnew12.html#table_of_contents","pageViews":0,"url":"https://kotlinlang.org/docs/whatsnew12.html#multiplatform-projects-experimental","mainTitle":"What\u0027s new in Kotlin 1.2","product":"","headings":"What\u0027s new in Kotlin 1.2,Multiplatform projects (experimental)","content":"Multiplatform projects are a new experimental feature in Kotlin 1.2, allowing you to reuse code between target platforms supported by Kotlin – JVM, JavaScript, and (in the future) Native. In a multiplatform project, you have three kinds of modules:\n- A common module contains code that is not specific to any platform, as well as declarations without implementation of platform-dependent APIs.\n- A platform module contains implementations of platform-dependent declarations in the common module for a specific platform, as well as other platform-dependent code.\n- A regular module targets a specific platform and can either be a dependency of platform modules or depend on platform modules.\nWhen you compile a multiplatform project for a specific platform, the code for both the common and platform-specific parts is generated.\nA key feature of the multiplatform project support is the possibility to express dependencies of common code on platform-specific parts through expected and actual declarations. An expected declaration specifies an API (class, interface, annotation, top-level declaration etc.). An actual declaration is either a platform-dependent implementation of the API or a type alias referring to an existing implementation of the API in an external library. Here\u0027s an example:\nIn the common code:\n// expected platform-specific API:\nexpect fun hello(world: String): String\n\nfun greet() {\n    // usage of the expected API:\n    val greeting \u003d hello(\"multiplatform world\")\n    println(greeting)\n}\n\nexpect class URL(spec: String) {\n    open fun getHost(): String\n    open fun getPath(): String\n}\nIn the JVM platform code:\nactual fun hello(world: String): String \u003d\n    \"Hello, $world, on the JVM platform!\"\n\n// using existing platform-specific implementation:\nactual typealias URL \u003d java.net.URL\nSee the multiplatform programming documentation for details and steps to build a multiplatform project.\n","pageTitle":"Multiplatform projects (experimental)","metaDescription":"","type":"Documentation","breadcrumbs":"What\u0027s new in Kotlin///Earlier versions","root":0,"depth":2}