{"objectID":"_whatsnew19.html#changed_default_destination_of_js_production_distribution","parent":"_whatsnew19.html#ide_support","pageViews":0,"url":"https://kotlinlang.org/docs/whatsnew19.html#changed-default-destination-of-js-production-distribution","mainTitle":"What\u0027s new in Kotlin 1.9.0","product":"","headings":"What\u0027s new in Kotlin 1.9.0,Changed default destination of JS production distribution","content":"Prior to Kotlin 1.9.0, the distribution target directory was build/distributions. However, this is a common directory for Gradle archives. To resolve this issue, we\u0027ve changed the default distribution target directory in Kotlin 1.9.0 to: build/dist/\u0026lt;targetName\u0026gt;/\u0026lt;binaryName\u0026gt;.\nFor example, productionExecutable was in build/distributions. In Kotlin 1.9.0, it\u0027s in build/dist/js/productionExecutable.\nIf you have a pipeline in place that uses the results of these builds, make sure to update the directory.\n","pageTitle":"Changed default destination of JS production distribution","metaDescription":"","type":"Documentation","breadcrumbs":"What\u0027s new in Kotlin///Earlier versions","root":0,"depth":2}