{"objectID":"_whatsnew13.html#progressive_mode","parent":"_whatsnew13.html#coroutines_release","pageViews":0,"url":"https://kotlinlang.org/docs/whatsnew13.html#progressive-mode","mainTitle":"What\u0027s new in Kotlin 1.3","product":"","headings":"What\u0027s new in Kotlin 1.3,Progressive mode","content":"Kotlin cares a lot about stability and backward compatibility of code: Kotlin compatibility policy says that breaking changes (e.g., a change which makes the code that used to compile fine, not compile anymore) can be introduced only in the major releases (1.2, 1.3, etc.).\nWe believe that a lot of users could use a much faster cycle where critical compiler bug fixes arrive immediately, making the code more safe and correct. So, Kotlin 1.3 introduces the progressive compiler mode, which can be enabled by passing the argument -progressive to the compiler.\nIn the progressive mode, some fixes in language semantics can arrive immediately. All these fixes have two important properties:\n- They preserve backward compatibility of source code with older compilers, meaning that all the code which is compilable by the progressive compiler will be compiled fine by non-progressive one.\n- They only make code safer in some sense — e.g., some unsound smartcast can be forbidden, behavior of the generated code may be changed to be more predictable/stable, and so on.\nEnabling the progressive mode can require you to rewrite some of your code, but it shouldn\u0027t be too much — all the fixes enabled under progressive are carefully handpicked, reviewed, and provided with tooling migration assistance. We expect that the progressive mode will be a nice choice for any actively maintained codebases which are updated to the latest language versions quickly.\n","pageTitle":"Progressive mode","metaDescription":"","type":"Documentation","breadcrumbs":"What\u0027s new in Kotlin///Earlier versions","root":0,"depth":2}