{"objectID":"_whatsnew1920.html#easier_configuration_of_new_standard_library_versions_in_gradle","parent":"_whatsnew1920.html#ide_support","pageViews":0,"url":"https://kotlinlang.org/docs/whatsnew1920.html#easier-configuration-of-new-standard-library-versions-in-gradle","mainTitle":"What\u0027s new in Kotlin 1.9.20","product":"","headings":"What\u0027s new in Kotlin 1.9.20,Easier configuration of new standard library versions in Gradle","content":"When you create a multiplatform project, a dependency for the standard library (stdlib) is added automatically to each source set. This is the easiest way to get started with your multiplatform projects.\nPreviously, if you wanted to configure a dependency on the standard library manually, you needed to configure it for each source set individually. From kotlin-stdlib:1.9.20 onward, you only need to configure the dependency once in the commonMain root source set:\nStandard library version 1.9.10 and earlier Standard library version 1.9.20\nkotlin {\n    sourceSets {\n        // For the common source set\n        val commonMain by getting {\n            dependencies {\n                implementation(\"org.jetbrains.kotlin:kotlin-stdlib-common:1.9.10\")\n            }\n        }\n\n        // For the JVM source set\n        val jvmMain by getting {\n            dependencies {\n                implementation(\"org.jetbrains.kotlin:kotlin-stdlib:1.9.10\")\n            }\n        }\n\n        // For the JS source set\n        val jsMain by getting {\n            dependencies {\n                implementation(\"org.jetbrains.kotlin:kotlin-stdlib-js:1.9.10\")\n            }\n        }\n    }\n}\nkotlin {\n    sourceSets {\n        commonMain {\n            dependencies {\n                implementation(\"org.jetbrains.kotlin:kotlin-stdlib:1.9.20\")\n            }\n        }\n    }\n}\nThis change was made possible by including new information in the Gradle metadata of the standard library. This allows Gradle to automatically resolve the correct standard library artifacts for the other source sets.\n","pageTitle":"Easier configuration of new standard library versions in Gradle","metaDescription":"","type":"Documentation","breadcrumbs":"What\u0027s new in Kotlin///Earlier versions","root":0,"depth":2}