{"objectID":"_whatsnew20.html#compiler_plugins_support","parent":"_whatsnew20.html#ide_support","pageViews":0,"url":"https://kotlinlang.org/docs/whatsnew20.html#compiler-plugins-support","mainTitle":"What\u0027s new in Kotlin 2.0.0","product":"","headings":"What\u0027s new in Kotlin 2.0.0,Compiler plugins support","content":"Currently, the Kotlin K2 compiler supports the following Kotlin compiler plugins:\n- all-open\n- AtomicFU\n- jvm-abi-gen\n- js-plain-objects\n- kapt\n- Lombok\n- no-arg\n- Parcelize\n- SAM with receiver\n- serialization\n- Power-assert\nIn addition, the Kotlin K2 compiler supports:\n- The Jetpack Compose compiler plugin 2.0.0, which was moved into the Kotlin repository.\n- The Kotlin Symbol Processing (KSP) plugin since KSP2.\nIf you use any additional compiler plugins, check their documentation to see if they are compatible with K2.\n","pageTitle":"Compiler plugins support","metaDescription":"","type":"Documentation","breadcrumbs":"What\u0027s new in Kotlin///Earlier versions","root":0,"depth":2}