{"objectID":"_whatsnew20.html#common_protected_property_abstractmutablelist_modcount","parent":"_whatsnew20.html#ide_support","pageViews":0,"url":"https://kotlinlang.org/docs/whatsnew20.html#common-protected-property-abstractmutablelist-modcount","mainTitle":"What\u0027s new in Kotlin 2.0.0","product":"","headings":"What\u0027s new in Kotlin 2.0.0,Common protected property AbstractMutableList.modCount","content":"In this release, the modCount protectedproperty of the AbstractMutableList interface becomes common. Previously, the modCount property was available on each platform but not for the common target. Now, you can create custom implementations of AbstractMutableList and access the property in common code.\nThe property keeps track of the number of structural modifications made to the collection. This includes operations that change the collection size or alter the list in a way that may cause iterations in progress to return incorrect results.\nYou can use the modCount property to register and detect concurrent modifications when implementing a custom list.\n","pageTitle":"Common protected property AbstractMutableList.modCount","metaDescription":"","type":"Documentation","breadcrumbs":"What\u0027s new in Kotlin///Earlier versions","root":0,"depth":2}