{"objectID":"_whatsnew22.html#share_your_feedback","parent":"_whatsnew22.html#ide_support","pageViews":0,"url":"https://kotlinlang.org/docs/whatsnew22.html#share-your-feedback","mainTitle":"What\u0027s new in Kotlin 2.2.0","product":"","headings":"What\u0027s new in Kotlin 2.2.0,Share your feedback","content":"Nested type aliases are currently in Beta. Please report any problems to our issue tracker, YouTrack. For more information about this feature, read this KEEP proposal.\n","pageTitle":"Share your feedback","metaDescription":"","type":"Documentation","breadcrumbs":"What\u0027s new in Kotlin","root":0,"depth":1}