{"objectID":"_whatsnew2020.html#option_to_share_jvm_artifacts_between_projects_as_class_files","parent":"_whatsnew2020.html#ide_support","pageViews":0,"url":"https://kotlinlang.org/docs/whatsnew2020.html#option-to-share-jvm-artifacts-between-projects-as-class-files","mainTitle":"What\u0027s new in Kotlin 2.0.20","product":"","headings":"What\u0027s new in Kotlin 2.0.20,Option to share JVM artifacts between projects as class files","content":"This feature is Experimental. It may be dropped or changed at any time. Use it only for evaluation purposes. We would appreciate your feedback on it in YouTrack. Opt-in is required (see details below).\nIn Kotlin 2.0.20, we introduce a new approach that changes the way the outputs of Kotlin/JVM compilations, such as JAR files, are shared between projects. With this approach, Gradle\u0027s apiElements configuration now has a secondary variant that provides access to the directory containing compiled .class files. When configured, your project uses this directory instead of requesting the compressed JAR artifact during compilation. This reduces the number of times JAR files are compressed and decompressed, especially for incremental builds.\nOur testing shows that this new approach can provide build performance improvements for Linux and macOS hosts. However, on Windows hosts, we have seen a degradation in performance due to how Windows handles I/O operations when working with files.\nTo try this new approach, add the following property to your gradle.properties file:\nkotlin.jvm.addClassesVariant\u003dtrue\nBy default, this property is set to false and the apiElements variant in Gradle requests the compressed JAR artifact.\nGradle has a related property that you can use in your Java-only projects to only expose the compressed JAR artifact during compilation instead of the directories containing compiled .class files:\norg.gradle.java.compile-classpath-packaging\u003dtrue\nFor more information on this property and its purpose, see Gradle\u0027s documentation on the Significant build performance drop on Windows for huge multi-projects.\nWe would appreciate your feedback on this new approach. Have you noticed any performance improvements while using it? Let us know by adding a comment in YouTrack.\n","pageTitle":"Option to share JVM artifacts between projects as class files","metaDescription":"","type":"Documentation","breadcrumbs":"What\u0027s new in Kotlin///Earlier versions","root":0,"depth":2}