{"objectID":"_whatsnew18.html#new_approach_to_adding_css_support_to_your_project","parent":"_whatsnew18.html#ide_support","pageViews":0,"url":"https://kotlinlang.org/docs/whatsnew18.html#new-approach-to-adding-css-support-to-your-project","mainTitle":"What\u0027s new in Kotlin 1.8.0","product":"","headings":"What\u0027s new in Kotlin 1.8.0,New approach to adding CSS support to your project","content":"This release provides a new approach to adding CSS support to your project. We assume that this will affect a lot of projects, so don\u0027t forget to update your Gradle build script files as described below.\nBefore Kotlin 1.8.0, the cssSupport.enabled property was used to add CSS support:\nbrowser {\n    commonWebpackConfig {\n        cssSupport.enabled \u003d true\n    }\n}\nNow you should use the enabled.set() method in the cssSupport {} block:\nbrowser {\n    commonWebpackConfig {\n        cssSupport {\n            enabled.set(true)\n        }\n    }\n}\n","pageTitle":"New approach to adding CSS support to your project","metaDescription":"","type":"Documentation","breadcrumbs":"What\u0027s new in Kotlin///Earlier versions","root":0,"depth":2}