{"objectID":"_whatsnew16.html#concat_match_and_matches_string_functions","parent":"_whatsnew16.html#language","pageViews":0,"url":"https://kotlinlang.org/docs/whatsnew16.html#concat-match-and-matches-string-functions","mainTitle":"What\u0027s new in Kotlin 1.6.0","product":"","headings":"What\u0027s new in Kotlin 1.6.0,concat(), match(), and matches() string functions","content":"- To concatenate the string with the string representation of a given other object, use plus() instead of concat().\n- To find all occurrences of a regular expression within the input, use findAll() of the Regex class instead of String.match(regex: String).\n- To check if the regular expression matches the entire input, use matches() of the Regex class instead of String.matches(regex: String).\n","pageTitle":"concat(), match(), and matches() string functions","metaDescription":"","type":"Documentation","breadcrumbs":"What\u0027s new in Kotlin///Earlier versions","root":0,"depth":2}