{"objectID":"_whatsnew1520.html#unification_of_char_islowercase_isuppercase_implementations_across_platforms","parent":"_whatsnew1520.html#kotlin_jvm","pageViews":0,"url":"https://kotlinlang.org/docs/whatsnew1520.html#unification-of-char-islowercase-isuppercase-implementations-across-platforms","mainTitle":"What\u0027s new in Kotlin 1.5.20","product":"","headings":"What\u0027s new in Kotlin 1.5.20,Unification of Char.isLowerCase()/isUpperCase() implementations across platforms","content":"The functions Char.isUpperCase() and Char.isLowerCase() return a boolean value depending on the case of the character. For Kotlin/JVM, the implementation checks both the General_Category and the Other_Uppercase/Other_Lowercase Unicode properties.\nPrior to 1.5.20, implementations for other platforms worked differently and considered only the general category. In 1.5.20, implementations are unified across platforms and use both properties to determine the character case:\nfun main() {\n//sampleStart\n    val latinCapitalA \u003d \u0027A\u0027 // has \"Lu\" general category\n    val circledLatinCapitalA \u003d \u0027Ⓐ\u0027 // has \"Other_Uppercase\" property\n    println(latinCapitalA.isUpperCase() \u0026\u0026 circledLatinCapitalA.isUpperCase())\n//sampleEnd\n}\n","pageTitle":"Unification of Char.isLowerCase()/isUpperCase() implementations across platforms","metaDescription":"","type":"Documentation","breadcrumbs":"What\u0027s new in Kotlin///Earlier versions","root":0,"depth":2}