{"objectID":"_whatsnew1720.html#configuration_and_setup","parent":"_whatsnew1720.html#support_for_kotlin_k2_compiler_plugins","pageViews":0,"url":"https://kotlinlang.org/docs/whatsnew1720.html#configuration-and-setup","mainTitle":"What\u0027s new in Kotlin 1.7.20","product":"","headings":"What\u0027s new in Kotlin 1.7.20,Configuration and setup","content":"Starting with Kotlin 1.7.20, the new memory manager is the default. Not much additional setup is required.\nIf you\u0027ve already turned it on manually, you can remove the kotlin.native.binary.memoryModel\u003dexperimental option from your gradle.properties or binaryOptions[\u0026quot;memoryModel\u0026quot;] \u003d \u0026quot;experimental\u0026quot; from the build.gradle(.kts) file.\nIf necessary, you can switch back to the legacy memory manager with the kotlin.native.binary.memoryModel\u003dstrict option in your gradle.properties. However, compiler cache support is no longer available for the legacy memory manager, so compilation times might worsen.\n","pageTitle":"Configuration and setup","metaDescription":"","type":"Documentation","breadcrumbs":"What\u0027s new in Kotlin///Earlier versions","root":0,"depth":2}