{"objectID":"_whatsnew19.html#stable_data_objects_for_symmetry_with_data_classes","parent":"_whatsnew19.html#ide_support","pageViews":0,"url":"https://kotlinlang.org/docs/whatsnew19.html#stable-data-objects-for-symmetry-with-data-classes","mainTitle":"What\u0027s new in Kotlin 1.9.0","product":"","headings":"What\u0027s new in Kotlin 1.9.0,Stable data objects for symmetry with data classes","content":"Data object declarations, which were introduced in Kotlin 1.8.20, are now Stable. This includes the functions added for symmetry with data classes: toString(), equals(), and hashCode().\nThis feature is particularly useful with sealed hierarchies (like a sealed class or sealed interface hierarchy), because data object declarations can be used conveniently alongside data class declarations. In this example, declaring EndOfFile as a data object instead of a plain object means that it automatically has a toString() function without the need to override it manually. This maintains symmetry with the accompanying data class definitions.\nsealed interface ReadResult\ndata class Number(val number: Int) : ReadResult\ndata class Text(val text: String) : ReadResult\ndata object EndOfFile : ReadResult\n\nfun main() {\n    println(Number(7)) // Number(number\u003d7)\n    println(EndOfFile) // EndOfFile\n}\nFor more information, see What\u0027s new in Kotlin 1.8.20.\n","pageTitle":"Stable data objects for symmetry with data classes","metaDescription":"","type":"Documentation","breadcrumbs":"What\u0027s new in Kotlin///Earlier versions","root":0,"depth":2}