{"objectID":"_whatsnew11.html#constant_inlining","parent":"_whatsnew11.html#table_of_contents","pageViews":0,"url":"https://kotlinlang.org/docs/whatsnew11.html#constant-inlining","mainTitle":"What\u0027s new in Kotlin 1.1","product":"","headings":"What\u0027s new in Kotlin 1.1,Constant inlining","content":"The compiler now inlines values of const val properties into the locations where they are used.\n","pageTitle":"Constant inlining","metaDescription":"","type":"Documentation","breadcrumbs":"What\u0027s new in Kotlin///Earlier versions","root":0,"depth":2}