{"objectID":"_whatsnew1430.html#package_wide_sealed_class_hierarchies","parent":"_whatsnew1430.html#language_features","pageViews":0,"url":"https://kotlinlang.org/docs/whatsnew1430.html#package-wide-sealed-class-hierarchies","mainTitle":"What\u0027s new in Kotlin 1.4.30","product":"","headings":"What\u0027s new in Kotlin 1.4.30,Package-wide sealed class hierarchies","content":"Package-wide hierarchies of sealed classes are Experimental. They may be dropped or changed at any time. Opt-in is required (see the details below), and you should use them only for evaluation purposes. We would appreciate your feedback on them in YouTrack.\nSealed classes can now form more flexible hierarchies. They can have subclasses in all files of the same compilation unit and the same package. Previously, all subclasses had to appear in the same file.\nDirect subclasses may be top-level or nested inside any number of other named classes, named interfaces, or named objects. The subclasses of a sealed class must have a name that is properly qualified – they cannot be local nor anonymous objects.\nTo try package-wide hierarchies of sealed classes, add the compiler option -language-version 1.5. We would be very grateful if you would share your feedback with us using this YouTrack ticket.\nLearn more about package-wide hierarchies of sealed classes.\n","pageTitle":"Package-wide sealed class hierarchies","metaDescription":"","type":"Documentation","breadcrumbs":"What\u0027s new in Kotlin///Earlier versions","root":0,"depth":2}