{"objectID":"_whatsnew19.html#restriction_of_dynamic_types","parent":"_whatsnew19.html#ide_support","pageViews":0,"url":"https://kotlinlang.org/docs/whatsnew19.html#restriction-of-dynamic-types","mainTitle":"What\u0027s new in Kotlin 1.9.0","product":"","headings":"What\u0027s new in Kotlin 1.9.0,Restriction of Dynamic types","content":"Starting with version 1.9.0, Kotlin no longer supports the use of Dynamic types in Kotlin/Wasm. This is now deprecated in favor of the new universal JsAny type, which facilitates JavaScript interoperability.\nFor more details, see the Kotlin/Wasm interoperability with JavaScript documentation.\n","pageTitle":"Restriction of Dynamic types","metaDescription":"","type":"Documentation","breadcrumbs":"What\u0027s new in Kotlin///Earlier versions","root":0,"depth":2}