{"objectID":"_whatsnew1720.html#support_for_kotlin_k2_compiler_plugins","parent":"_whatsnew1720.html#support_for_kotlin_k2_compiler_plugins","pageViews":0,"url":"https://kotlinlang.org/docs/whatsnew1720.html#support-for-kotlin-k2-compiler-plugins","mainTitle":"What\u0027s new in Kotlin 1.7.20","product":"","headings":"What\u0027s new in Kotlin 1.7.20,Support for Kotlin K2 compiler plugins","content":"The Kotlin team continues to stabilize the K2 compiler. K2 is still in Alpha (as announced in the Kotlin 1.7.0 release), but it now supports several compiler plugins. You can follow this YouTrack issue to get updates from the Kotlin team on the new compiler.\nStarting with this 1.7.20 release, the Kotlin K2 compiler supports the following plugins:\n- all-open\n- no-arg\n- SAM with receiver\n- Lombok\n- AtomicFU\n- jvm-abi-gen\nThe Alpha version of the new K2 compiler only works with JVM projects. It doesn\u0027t support Kotlin/JS, Kotlin/Native, or other multiplatform projects.\nLearn more about the new compiler and its benefits in the following videos:\n- The Road to the New Kotlin Compiler\n- K2 Compiler: a Top-Down View\n","pageTitle":"Support for Kotlin K2 compiler plugins","metaDescription":"","type":"Documentation","breadcrumbs":"What\u0027s new in Kotlin///Earlier versions","root":0,"depth":2}