{"objectID":"_whatsnew12.html#closeable_use_calls_throwable_addsuppressed_if_available","parent":"_whatsnew12.html#table_of_contents","pageViews":0,"url":"https://kotlinlang.org/docs/whatsnew12.html#closeable-use-calls-throwable-addsuppressed-if-available","mainTitle":"What\u0027s new in Kotlin 1.2","product":"","headings":"What\u0027s new in Kotlin 1.2,Closeable.use calls Throwable.addSuppressed if available","content":"The Closeable.use function calls Throwable.addSuppressed when an exception is thrown during closing the resource after some other exception.\nTo enable this behavior you need to have kotlin-stdlib-jdk7 in your dependencies.\n","pageTitle":"Closeable.use calls Throwable.addSuppressed if available","metaDescription":"","type":"Documentation","breadcrumbs":"What\u0027s new in Kotlin///Earlier versions","root":0,"depth":2}