{"objectID":"_whatsnew20.html#the_withwasm_function_is_split_into_js_and_wasi_variants","parent":"_whatsnew20.html#ide_support","pageViews":0,"url":"https://kotlinlang.org/docs/whatsnew20.html#the-withwasm-function-is-split-into-js-and-wasi-variants","mainTitle":"What\u0027s new in Kotlin 2.0.0","product":"","headings":"What\u0027s new in Kotlin 2.0.0,The withWasm() function is split into JS and WASI variants","content":"The withWasm() function, which used to provide Wasm targets for hierarchy templates, is deprecated in favor of specialized withWasmJs() and withWasmWasi() functions.\nNow you can separate the WASI and JS targets between different groups in the tree definition.\n","pageTitle":"The withWasm() function is split into JS and WASI variants","metaDescription":"","type":"Documentation","breadcrumbs":"What\u0027s new in Kotlin///Earlier versions","root":0,"depth":2}