{"objectID":"_whatsnew22.html#preview_of_context_sensitive_resolution","parent":"_whatsnew22.html#ide_support","pageViews":0,"url":"https://kotlinlang.org/docs/whatsnew22.html#preview-of-context-sensitive-resolution","mainTitle":"What\u0027s new in Kotlin 2.2.0","product":"","headings":"What\u0027s new in Kotlin 2.2.0,Preview of context-sensitive resolution","content":"Kotlin 2.2.0 introduces an implementation of context-sensitive resolution in preview.\nPreviously, you had to write the full name of enum entries or sealed class members, even when the type could be inferred from the context. For example:\nenum class Problem {\n    CONNECTION, AUTHENTICATION, DATABASE, UNKNOWN\n}\n\nfun message(problem: Problem): String \u003d when (problem) {\n    Problem.CONNECTION -\u0026gt; \"connection\"\n    Problem.AUTHENTICATION -\u0026gt; \"authentication\"\n    Problem.DATABASE -\u0026gt; \"database\"\n    Problem.UNKNOWN -\u0026gt; \"unknown\"\n}\nNow, with context-sensitive resolution, you can omit the type name in contexts where the expected type is known:\nenum class Problem {\n    CONNECTION, AUTHENTICATION, DATABASE, UNKNOWN\n}\n\n// Resolves enum entries based on the known type of problem\nfun message(problem: Problem): String \u003d when (problem) {\n    CONNECTION -\u0026gt; \"connection\"\n    AUTHENTICATION -\u0026gt; \"authentication\"\n    DATABASE -\u0026gt; \"database\"\n    UNKNOWN -\u0026gt; \"unknown\"\n}\nThe compiler uses this contextual type information to resolve the correct member. This information includes, among other things:\n- The subject of a when expression\n- An explicit return type\n- A declared variable type\n- Type checks (is) and casts (as)\n- The known type of a sealed class hierarchy\n- The declared type of a parameter\nContext-sensitive resolution doesn\u0027t apply to functions, properties with parameters, or extension properties with receivers.\nTo try out context-sensitive resolution in your project, use the following compiler option in the command line:\n-Xcontext-sensitive-resolution\nOr add it to the compilerOptions {} block of your Gradle build file:\n// build.gradle.kts\nkotlin {\n    compilerOptions {\n        freeCompilerArgs.add(\"-Xcontext-sensitive-resolution\")\n    }\n}\nWe plan to stabilize and improve this feature in future Kotlin releases and would appreciate your feedback on our issue tracker YouTrack.\n","pageTitle":"Preview of context-sensitive resolution","metaDescription":"","type":"Documentation","breadcrumbs":"What\u0027s new in Kotlin","root":0,"depth":1}