{"objectID":"_whatsnew12.html#support_for_foo_as_a_shorthand_for_this_foo","parent":"_whatsnew12.html#table_of_contents","pageViews":0,"url":"https://kotlinlang.org/docs/whatsnew12.html#support-for-foo-as-a-shorthand-for-this-foo","mainTitle":"What\u0027s new in Kotlin 1.2","product":"","headings":"What\u0027s new in Kotlin 1.2,Support for  ::foo as a shorthand for this::foo","content":"A bound callable reference to a member of this can now be written without explicit receiver, ::foo instead of this::foo. This also makes callable references more convenient to use in lambdas where you refer to a member of the outer receiver.\n","pageTitle":"Support for  ::foo as a shorthand for this::foo","metaDescription":"","type":"Documentation","breadcrumbs":"What\u0027s new in Kotlin///Earlier versions","root":0,"depth":2}