{"objectID":"_whatsnew12.html#deprecation_mutating_backing_field_of_a_read_only_property","parent":"_whatsnew12.html#table_of_contents","pageViews":0,"url":"https://kotlinlang.org/docs/whatsnew12.html#deprecation-mutating-backing-field-of-a-read-only-property","mainTitle":"What\u0027s new in Kotlin 1.2","product":"","headings":"What\u0027s new in Kotlin 1.2,Deprecation: mutating backing field of a read-only property","content":"Mutating the backing field of a read-only property by assigning field \u003d ... in the custom getter has been deprecated, with a warning in Kotlin 1.2 and an error in Kotlin 1.3.\n","pageTitle":"Deprecation: mutating backing field of a read-only property","metaDescription":"","type":"Documentation","breadcrumbs":"What\u0027s new in Kotlin///Earlier versions","root":0,"depth":2}