{"objectID":"_whatsnew15.html#standard_library","parent":"_whatsnew15.html#language_features","pageViews":0,"url":"https://kotlinlang.org/docs/whatsnew15.html#standard-library","mainTitle":"What\u0027s new in Kotlin 1.5.0","product":"","headings":"What\u0027s new in Kotlin 1.5.0,Standard library","content":"The standard library has received a range of changes and improvements, from stabilizing experimental parts to adding new features:\n- Stable unsigned integer types\n- Stable locale-agnostic API for uppercase/lowercase text\n- Stable Char-to-integer conversion API\n- Stable Path API\n- Floored division and the mod operator\n- Duration API changes\n- New API for getting a char category now available in multiplatform code\n- New collections function firstNotNullOf()\n- Strict version of String?.toBoolean()\nYou can learn more about the standard library changes in this blog post.\n","pageTitle":"Standard library","metaDescription":"","type":"Documentation","breadcrumbs":"What\u0027s new in Kotlin///Earlier versions","root":0,"depth":2}