{"objectID":"_whatsnew1720.html#new_builder_type_inference_restrictions","parent":"_whatsnew1720.html#support_for_kotlin_k2_compiler_plugins","pageViews":0,"url":"https://kotlinlang.org/docs/whatsnew1720.html#new-builder-type-inference-restrictions","mainTitle":"What\u0027s new in Kotlin 1.7.20","product":"","headings":"What\u0027s new in Kotlin 1.7.20,New builder type inference restrictions","content":"Kotlin 1.7.20 places some major restrictions on the use of builder type inference that could affect your code. These restrictions apply to code containing builder lambda functions, where it\u0027s impossible to derive the parameter without analyzing the lambda itself. The parameter is used as an argument. Now, the compiler will always show an error for such code and ask you to specify the type explicitly.\nThis is a breaking change, but our research shows that these cases are very rare, and the restrictions shouldn\u0027t affect your code. If they do, consider the following cases:\n- Builder inference with extension that hides members.\nIf your code contains an extension function with the same name that will be used during the builder inference, the compiler will show you an error:\nclass Data {\n    fun doSmth() {} // 1\n}\n\nfun \u0026lt;T\u0026gt; T.doSmth() {} // 2\n\nfun test() {\n    buildList {\n        this.add(Data())\n        this.get(0).doSmth() // Resolves to 2 and leads to error\n    }\n}\nTo fix the code, you should specify the type explicitly:\nclass Data {\n    fun doSmth() {} // 1\n}\n\nfun \u0026lt;T\u0026gt; T.doSmth() {} // 2\n\nfun test() {\n    buildList\u0026lt;Data\u0026gt; { // Type argument!\n        this.add(Data())\n        this.get(0).doSmth() // Resolves to 1\n    }\n}\n- Builder inference with multiple lambdas and the type arguments are not specified explicitly.\nIf there are two or more lambda blocks in builder inference, they affect the type. To prevent an error, the compiler requires you to specify the type:\nfun \u0026lt;T: Any\u0026gt; buildList(\n    first: MutableList\u0026lt;T\u0026gt;.() -\u0026gt; Unit, \n    second: MutableList\u0026lt;T\u0026gt;.() -\u0026gt; Unit\n): List\u0026lt;T\u0026gt; {\n    val list \u003d mutableListOf\u0026lt;T\u0026gt;()\n    list.first()\n    list.second()\n    return list \n}\n\nfun main() {\n    buildList(\n        first \u003d { // this: MutableList\u0026lt;String\u0026gt;\n            add(\"\")\n        },\n        second \u003d { // this: MutableList\u0026lt;Int\u0026gt; \n            val i: Int \u003d get(0)\n            println(i)\n        }\n    )\n}\nTo fix the error, you should specify the type explicitly and fix the type mismatch:\nfun main() {\n    buildList\u0026lt;Int\u0026gt;(\n        first \u003d { // this: MutableList\u0026lt;Int\u0026gt;\n            add(0)\n        },\n        second \u003d { // this: MutableList\u0026lt;Int\u0026gt;\n            val i: Int \u003d get(0)\n            println(i)\n        }\n    )\n}\nIf you haven\u0027t found your case mentioned above, file an issue to our team.\nSee this YouTrack issue for more information about this builder inference update.\n","pageTitle":"New builder type inference restrictions","metaDescription":"","type":"Documentation","breadcrumbs":"What\u0027s new in Kotlin///Earlier versions","root":0,"depth":2}