{"objectID":"_whatsnew22.html#multiplatform_limitations","parent":"_whatsnew22.html#ide_support","pageViews":0,"url":"https://kotlinlang.org/docs/whatsnew22.html#multiplatform-limitations","mainTitle":"What\u0027s new in Kotlin 2.2.0","product":"","headings":"What\u0027s new in Kotlin 2.2.0,Multiplatform limitations","content":"In multiplatform projects, if your host doesn\u0027t support cross-compilation for all targets, the KGP tries to infer the ABI changes for unsupported targets by checking the ABI dumps from other ones. This approach helps avoid false validation failures if you later switch to a host that can compile all targets.\nYou can change this default behavior so that the KGP doesn\u0027t infer ABI changes for unsupported targets by adding the following to your build.gradle.kts file:\n// build.gradle.kts\nkotlin {\n    @OptIn(org.jetbrains.kotlin.gradle.dsl.abi.ExperimentalAbiValidation::class)\n    abiValidation {\n        klib {\n            keepUnsupportedTargets \u003d false\n        }\n    }\n}\nHowever, if you have an unsupported target in your project, running the checkLegacyAbi task fails because the task can\u0027t create an ABI dump. This behavior may be desirable if it\u0027s more important for the check to fail than to miss an incompatible change due to inferred ABI changes from other targets.\n","pageTitle":"Multiplatform limitations","metaDescription":"","type":"Documentation","breadcrumbs":"What\u0027s new in Kotlin","root":0,"depth":1}