{"objectID":"_whatsnew1920.html#standard_library","parent":"_whatsnew1920.html#ide_support","pageViews":0,"url":"https://kotlinlang.org/docs/whatsnew1920.html#standard-library","mainTitle":"What\u0027s new in Kotlin 1.9.20","product":"","headings":"What\u0027s new in Kotlin 1.9.20,Standard library","content":"In Kotlin 1.9.20, the Kotlin/Native standard library becomes Stable, and there are some new features:\n- Replacement of the Enum class values generic function\n- Improved performance of HashMap operations in Kotlin/JS\n","pageTitle":"Standard library","metaDescription":"","type":"Documentation","breadcrumbs":"What\u0027s new in Kotlin///Earlier versions","root":0,"depth":2}