{"objectID":"_whatsnew22.html#support_for_jsexport_in_multiplatform_expect_declarations","parent":"_whatsnew22.html#ide_support","pageViews":0,"url":"https://kotlinlang.org/docs/whatsnew22.html#support-for-jsexport-in-multiplatform-expect-declarations","mainTitle":"What\u0027s new in Kotlin 2.2.0","product":"","headings":"What\u0027s new in Kotlin 2.2.0,Support for  in multiplatform  declarations","content":"When working with the expect/actual mechanism in Kotlin Multiplatform projects, it was not possible to use the @JsExport annotation for expect declarations in common code.\nStarting with this release, you can apply @JsExport directly to expect declarations:\n// commonMain\n\n// Produced error, but now works correctly \n@JsExport\nexpect class WindowManager {\n    fun close()\n}\n\n@JsExport\nfun acceptWindowManager(manager: WindowManager) {\n    ...\n}\n\n// jsMain\n\n@JsExport\nactual class WindowManager {\n    fun close() {\n        window.close()\n    }\n}\nYou must also annotate with @JsExport the corresponding actual implementation in the JavaScript source set, and it has to use only exportable types.\nThis fix allows shared code defined in commonMain to be correctly exported to JavaScript. You can now expose your multiplatform code to JavaScript consumers without having to use manual workarounds.\nThis change is enabled by default.\n","pageTitle":"Support for  in multiplatform  declarations","metaDescription":"","type":"Documentation","breadcrumbs":"What\u0027s new in Kotlin","root":0,"depth":1}