{"objectID":"_whatsnew1420.html#disabling_granular_workspaces","parent":"_whatsnew1420.html#kotlin_jvm","pageViews":0,"url":"https://kotlinlang.org/docs/whatsnew1420.html#disabling-granular-workspaces","mainTitle":"What\u0027s new in Kotlin 1.4.20","product":"","headings":"What\u0027s new in Kotlin 1.4.20,Disabling granular workspaces","content":"Disabling granular workspaces is Experimental. It may be dropped or changed at any time. Use it only for evaluation purposes. We appreciate your feedback on it in YouTrack.\nTo speed up build times, the Kotlin/JS Gradle plugin only installs the dependencies which are required for a particular Gradle task. For example, the webpack-dev-server package is only installed when you execute one of the *Run tasks, and not when you execute the assemble task. Such behavior can potentially bring problems when you run multiple Gradle processes in parallel. When the dependency requirements clash, the two installations of npm packages can cause errors.\nTo resolve this issue, Kotlin 1.4.20 includes an option to disable these so-called granular workspaces. This feature is currently available through the YarnRootExtension inside the YarnPlugin in Gradle. To use it, add the following snippet to your build.gradle.kts file:\nrootProject.plugins.withType\u0026lt;YarnPlugin\u0026gt; {\n    rootProject.the\u0026lt;YarnRootExtension\u0026gt;().disableGranularWorkspaces()\n}\n","pageTitle":"Disabling granular workspaces","metaDescription":"","type":"Documentation","breadcrumbs":"What\u0027s new in Kotlin///Earlier versions","root":0,"depth":2}