{"objectID":"_whatsnew20.html#kotlin_k2_compiler","parent":"_whatsnew20.html#ide_support","pageViews":0,"url":"https://kotlinlang.org/docs/whatsnew20.html#kotlin-k2-compiler","mainTitle":"What\u0027s new in Kotlin 2.0.0","product":"","headings":"What\u0027s new in Kotlin 2.0.0,Kotlin K2 compiler","content":"The road to the K2 compiler has been a long one, but now the JetBrains team is finally ready to announce its stabilization. In Kotlin 2.0.0, the new Kotlin K2 compiler is used by default and it is Stable for all target platforms: JVM, Native, Wasm, and JS. The new compiler brings major performance improvements, speeds up new language feature development, unifies all platforms that Kotlin supports, and provides a better architecture for multiplatform projects.\nThe JetBrains team has ensured the quality of the new compiler by successfully compiling 10 million lines of code from selected user and internal projects. 18,000 developers were involved in the stabilization process, testing the new K2 compiler across a total of 80,000 projects and reporting any problems they found.\nTo help make the migration process to the new compiler as smooth as possible, we\u0027ve created a K2 compiler migration guide. This guide explains the many benefits of the compiler, highlights any changes you might encounter, and describes how to roll back to the previous version if necessary.\nIn a blog post, we explored the performance of the K2 compiler in different projects. Check it out if you\u0027d like to see real data on how the K2 compiler performs and find instructions on how to collect performance benchmarks from your own projects.\nYou can also watch this talk from KotlinConf 2024, where Michail Zarečenskij, the lead language designer, discusses the feature evolution in Kotlin and the K2 compiler:\n","pageTitle":"Kotlin K2 compiler","metaDescription":"","type":"Documentation","breadcrumbs":"What\u0027s new in Kotlin///Earlier versions","root":0,"depth":2}