{"objectID":"_whatsnew17.html#a_new_approach_to_incremental_compilation","parent":"_whatsnew17.html#new_kotlin_k2_compiler_for_the_jvm_in_alpha","pageViews":0,"url":"https://kotlinlang.org/docs/whatsnew17.html#a-new-approach-to-incremental-compilation","mainTitle":"What\u0027s new in Kotlin 1.7.0","product":"","headings":"What\u0027s new in Kotlin 1.7.0,A new approach to incremental compilation","content":"The new approach to incremental compilation is Experimental. It may be dropped or changed at any time. Opt-in is required (see the details below). We encourage you to use it only for evaluation purposes, and we would appreciate your feedback in YouTrack.\nIn Kotlin 1.7.0, we\u0027ve reworked incremental compilation for cross-module changes. Now incremental compilation is also supported for changes made inside dependent non-Kotlin modules, and it is compatible with the Gradle build cache. Support for compilation avoidance has also been improved.\nWe expect you\u0027ll see the most significant benefit of the new approach if you use the build cache or frequently make changes in non-Kotlin Gradle modules. Our tests for the Kotlin project on the kotlin-gradle-plugin module show an improvement of greater than 80% for the changes after the cache hit.\nTo try this new approach, set the following option in your gradle.properties:\nkotlin.incremental.useClasspathSnapshot\u003dtrue\nThe new approach to incremental compilation is currently available for the JVM backend in the Gradle build system only.\nLearn how the new approach to incremental compilation is implemented under the hood in this blog post.\nOur plan is to stabilize this technology and add support for other backends (JS, for instance) and build systems. We\u0027d appreciate your reports in YouTrack about any issues or strange behavior you encounter in this compilation scheme. Thank you!\nThe Kotlin team is very grateful to Ivan Gavrilovic, Hung Nguyen, Cédric Champeau, and other external contributors for their help.\n","pageTitle":"A new approach to incremental compilation","metaDescription":"","type":"Documentation","breadcrumbs":"What\u0027s new in Kotlin///Earlier versions","root":0,"depth":2}