{"objectID":"_whatsnew18.html#kotlin_multiplatform_a_new_android_source_set_layout","parent":"_whatsnew18.html#ide_support","pageViews":0,"url":"https://kotlinlang.org/docs/whatsnew18.html#kotlin-multiplatform-a-new-android-source-set-layout","mainTitle":"What\u0027s new in Kotlin 1.8.0","product":"","headings":"What\u0027s new in Kotlin 1.8.0,Kotlin Multiplatform: A new Android source set layout","content":"Kotlin 1.8.0 introduces a new Android source set layout that replaces the previous naming schema for directories, which is confusing in multiple ways.\nConsider an example of two androidTest directories created in the current layout. One is for KotlinSourceSets and the other is for AndroidSourceSets:\n- They have different semantics: Kotlin\u0027s androidTest belongs to the unitTest type, whereas Android\u0027s belongs to the integrationTest type.\n- They create a confusing SourceDirectories layout, as src/androidTest/kotlin has a UnitTest and src/androidTest/java has an InstrumentedTest.\n- Both KotlinSourceSets and AndroidSourceSets use a similar naming schema for Gradle configurations, so the resulting configurations of androidTest for both Kotlin\u0027s and Android\u0027s source sets are the same: androidTestImplementation, androidTestApi, androidTestRuntimeOnly, and androidTestCompileOnly.\nTo address these and other existing issues, we\u0027ve introduced a new Android source set layout. Here are some of the key differences between the two layouts:\n","pageTitle":"Kotlin Multiplatform: A new Android source set layout","metaDescription":"","type":"Documentation","breadcrumbs":"What\u0027s new in Kotlin///Earlier versions","root":0,"depth":2}