{"objectID":"_whatsnew_eap.html#leave_feedback","parent":"_whatsnew_eap.html#ide_support","pageViews":0,"url":"https://kotlinlang.org/docs/whatsnew-eap.html#leave-feedback","mainTitle":"What\u0027s new in Kotlin 2.2.0-RC3","product":"","headings":"What\u0027s new in Kotlin 2.2.0-RC3,Leave feedback","content":"The new compiler option is still Experimental. Please report any problems to our issue tracker, YouTrack.\n","pageTitle":"Leave feedback","metaDescription":"","type":"Documentation","breadcrumbs":"What\u0027s new in Kotlin","root":0,"depth":1}