{"objectID":"_whatsnew20.html#support_for_createinstance","parent":"_whatsnew20.html#ide_support","pageViews":0,"url":"https://kotlinlang.org/docs/whatsnew20.html#support-for-createinstance","mainTitle":"What\u0027s new in Kotlin 2.0.0","product":"","headings":"What\u0027s new in Kotlin 2.0.0,Support for createInstance()","content":"Starting with Kotlin 2.0.0, you can use the createInstance() function from the Kotlin/JS target. Previously, it was only available on the JVM.\nThis function from the KClass interface creates a new instance of the specified class, which is useful for getting the runtime reference to a Kotlin class.\n","pageTitle":"Support for createInstance()","metaDescription":"","type":"Documentation","breadcrumbs":"What\u0027s new in Kotlin///Earlier versions","root":0,"depth":2}