{"objectID":"_whatsnew2020.html#kotlin_wasm","parent":"_whatsnew2020.html#ide_support","pageViews":0,"url":"https://kotlinlang.org/docs/whatsnew2020.html#kotlin-wasm","mainTitle":"What\u0027s new in Kotlin 2.0.20","product":"","headings":"What\u0027s new in Kotlin 2.0.20,Kotlin/Wasm","content":"In Kotlin 2.0.20, Kotlin/Wasm continues the migration towards named exports and relocates the @ExperimentalWasmDsl annotation.\n","pageTitle":"Kotlin/Wasm","metaDescription":"","type":"Documentation","breadcrumbs":"What\u0027s new in Kotlin///Earlier versions","root":0,"depth":2}