{"objectID":"_whatsnew16.html#stable_instantiation_of_annotation_classes","parent":"_whatsnew16.html#language","pageViews":0,"url":"https://kotlinlang.org/docs/whatsnew16.html#stable-instantiation-of-annotation-classes","mainTitle":"What\u0027s new in Kotlin 1.6.0","product":"","headings":"What\u0027s new in Kotlin 1.6.0,Stable instantiation of annotation classes","content":"Kotlin 1.5.30 introduced experimental support for instantiation of annotation classes on the JVM platform. With 1.6.0, the feature is available by default both for Kotlin/JVM and Kotlin/JS.\nLearn more about instantiation of annotation classes in this KEEP.\n","pageTitle":"Stable instantiation of annotation classes","metaDescription":"","type":"Documentation","breadcrumbs":"What\u0027s new in Kotlin///Earlier versions","root":0,"depth":2}