{"objectID":"_whatsnew13.html#scripting_update","parent":"_whatsnew13.html#coroutines_release","pageViews":0,"url":"https://kotlinlang.org/docs/whatsnew13.html#scripting-update","mainTitle":"What\u0027s new in Kotlin 1.3","product":"","headings":"What\u0027s new in Kotlin 1.3,Scripting update","content":"Scripting is Experimental. It may be dropped or changed at any time. Use it only for evaluation purposes. We appreciate your feedback on it in YouTrack.\nKotlin 1.3 continues to evolve and improve scripting API, introducing some experimental support for scripts customization, such as adding external properties, providing static or dynamic dependencies, and so on.\nFor additional details, please consult the KEEP-75.\n","pageTitle":"Scripting update","metaDescription":"","type":"Documentation","breadcrumbs":"What\u0027s new in Kotlin///Earlier versions","root":0,"depth":2}