{"objectID":"_whatsnew1820.html#kotlin_javascript","parent":"_whatsnew1820.html#ide_support","pageViews":0,"url":"https://kotlinlang.org/docs/whatsnew1820.html#kotlin-javascript","mainTitle":"What\u0027s new in Kotlin 1.8.20","product":"","headings":"What\u0027s new in Kotlin 1.8.20,Kotlin/JavaScript","content":"Kotlin 1.8.20 changes the ways TypeScript definitions can be generated. It also includes a change designed to improve your debugging experience:\n- Removal of Dukat integration from the Gradle plugin\n- Kotlin variable and function names in source maps\n- Opt in for generation of TypeScript definition files\n","pageTitle":"Kotlin/JavaScript","metaDescription":"","type":"Documentation","breadcrumbs":"What\u0027s new in Kotlin///Earlier versions","root":0,"depth":2}