{"objectID":"_whatsnew22.html#improved_support_for_annotating_jvm_records","parent":"_whatsnew22.html#ide_support","pageViews":0,"url":"https://kotlinlang.org/docs/whatsnew22.html#improved-support-for-annotating-jvm-records","mainTitle":"What\u0027s new in Kotlin 2.2.0","product":"","headings":"What\u0027s new in Kotlin 2.2.0,Improved support for annotating JVM records","content":"Kotlin has supported JVM records since Kotlin 1.5.0. Now, Kotlin 2.2.0 improves how Kotlin handles annotations on record components, particularly in relation to Java\u0027s RECORD_COMPONENT target.\nFirstly, if you want to use a RECORD_COMPONENT as an annotation target, you need to manually add annotations for Kotlin (@Target) and Java. This is because Kotlin\u0027s @Target annotation doesn\u0027t support RECORD_COMPONENT. For example:\n@Target(AnnotationTarget.CLASS, AnnotationTarget.PROPERTY)\n@java.lang.annotation.Target(ElementType.CLASS, ElementType.RECORD_COMPONENT)\nannotation class exampleClass\nMaintaining both lists manually can be error-prone, so Kotlin 2.2.0 introduces a compiler warning if the Kotlin and Java targets don\u0027t match. For instance, if you omit ElementType.CLASS in the Java target list, the compiler reports:\nIncompatible annotation targets: Java target \u0027CLASS\u0027 missing, corresponding to Kotlin targets \u0027CLASS\u0027.\nSecondly, Kotlin\u0027s behavior differs from Java when it comes to propagating annotations in records. In Java, annotations on a record component automatically apply to the backing field, getter, and constructor parameter. Kotlin doesn\u0027t do this by default, but you can now replicate the behavior using the @all: use-site target.\nFor example:\n@JvmRecord\ndata class Person(val name: String, @all:Positive val age: Int)\nWhen you use @JvmRecord with @all:, Kotlin now:\n- Propagates the annotation to the property, backing field, constructor parameter, and getter.\n- Applies the annotation to the record component, as well, if the annotation supports Java\u0027s RECORD_COMPONENT.\n","pageTitle":"Improved support for annotating JVM records","metaDescription":"","type":"Documentation","breadcrumbs":"What\u0027s new in Kotlin","root":0,"depth":1}