{"objectID":"_whatsnew16.html#","parent":"_whatsnew16.html#language","pageViews":0,"url":"https://kotlinlang.org/docs/whatsnew16.html","mainTitle":"What\u0027s new in Kotlin 1.6.0","product":"","headings":"What\u0027s new in Kotlin 1.6.0","content":"Released: 16 November 2021\nKotlin 1.6.0 introduces new language features, optimizations and improvements to existing features, and a lot of improvements to the Kotlin standard library.\nYou can also find an overview of the changes in the release blog post.\n","pageTitle":"What\u0027s new in Kotlin 1.6.0","metaDescription":"","type":"Documentation","breadcrumbs":"What\u0027s new in Kotlin///Earlier versions","root":0,"depth":2}