{"objectID":"_whatsnew1530.html#changing_duration_tostring_output","parent":"_whatsnew1530.html#language_features","pageViews":0,"url":"https://kotlinlang.org/docs/whatsnew1530.html#changing-duration-tostring-output","mainTitle":"What\u0027s new in Kotlin 1.5.30","product":"","headings":"What\u0027s new in Kotlin 1.5.30,Changing Duration.toString() output","content":"The Duration API is Experimental. It may be dropped or changed at any time. Use it only for evaluation purposes. We would appreciate hearing your feedback on it in YouTrack.\nBefore Kotlin 1.5.30, the Duration.toString() function would return a string representation of its argument expressed in the unit that yielded the most compact and readable number value. From now on, it will return a string value expressed as a combination of numeric components, each in its own unit. Each component is a number followed by the unit\u0027s abbreviated name: d, h, m, s. For example:\nExample of function call Previous output Current output\nDuration.days(45).toString() 45.0d 45d\nDuration.days(1.5).toString() 36.0h 1d 12h\nDuration.minutes(1230).toString() 20.5h 20h 30m\nDuration.minutes(2415).toString() 40.3h 1d 16h 15m\nDuration.minutes(920).toString() 920m 15h 20m\nDuration.seconds(1.546).toString() 1.55s 1.546s\nDuration.milliseconds(25.12).toString() 25.1ms 25.12ms\nThe way negative durations are represented has also been changed. A negative duration is prefixed with a minus sign (-), and if it consists of multiple components, it is surrounded with parentheses: -12m and -(1h 30m).\nNote that small durations of less than one second are represented as a single number with one of the subsecond units. For example, ms (milliseconds), us (microseconds), or ns (nanoseconds): 140.884ms, 500us, 24ns. Scientific notation is no longer used to represent them.\nIf you want to express duration in a single unit, use the overloaded Duration.toString(unit, decimals) function.\nWe recommend using Duration.toIsoString() in certain cases, including serialization and interchange. Duration.toIsoString() uses the stricter ISO-8601 format instead of Duration.toString().\n","pageTitle":"Changing Duration.toString() output","metaDescription":"","type":"Documentation","breadcrumbs":"What\u0027s new in Kotlin///Earlier versions","root":0,"depth":2}