{"objectID":"_whatsnew11.html#the_external_modifier","parent":"_whatsnew11.html#table_of_contents","pageViews":0,"url":"https://kotlinlang.org/docs/whatsnew11.html#the-external-modifier","mainTitle":"What\u0027s new in Kotlin 1.1","product":"","headings":"What\u0027s new in Kotlin 1.1,The external modifier","content":"If you need to access a class implemented in JavaScript from Kotlin in a typesafe way, you can write a Kotlin declaration using the external modifier. (In Kotlin 1.0, the @native annotation was used instead.) Unlike the JVM target, the JS one permits to use external modifier with classes and properties. For example, here\u0027s how you can declare the DOM Node class:\nexternal class Node {\n    val firstChild: Node\n\n    fun appendChild(child: Node): Node\n\n    fun removeChild(child: Node): Node\n\n    // etc\n}\n","pageTitle":"The external modifier","metaDescription":"","type":"Documentation","breadcrumbs":"What\u0027s new in Kotlin///Earlier versions","root":0,"depth":2}