{"objectID":"_whatsnew1620.html#gradle","parent":"_whatsnew1620.html#language","pageViews":0,"url":"https://kotlinlang.org/docs/whatsnew1620.html#gradle","mainTitle":"What\u0027s new in Kotlin 1.6.20","product":"","headings":"What\u0027s new in Kotlin 1.6.20,Gradle","content":"Kotlin 1.6.20 brings the following changes for the Kotlin Gradle Plugin:\n- New properties kotlin.compiler.execution.strategy and compilerExecutionStrategy for defining a Kotlin compiler execution strategy\n- Deprecation of the options kapt.use.worker.api, kotlin.experimental.coroutines, and kotlin.coroutines\n- Removal of the kotlin.parallel.tasks.in.project build option\n","pageTitle":"Gradle","metaDescription":"","type":"Documentation","breadcrumbs":"What\u0027s new in Kotlin///Earlier versions","root":0,"depth":2}