{"objectID":"_whatsnew1530.html#new_default_publishing_setup_for_android_artifacts","parent":"_whatsnew1530.html#language_features","pageViews":0,"url":"https://kotlinlang.org/docs/whatsnew1530.html#new-default-publishing-setup-for-android-artifacts","mainTitle":"What\u0027s new in Kotlin 1.5.30","product":"","headings":"What\u0027s new in Kotlin 1.5.30,New default publishing setup for Android artifacts","content":"Using the maven-publish Gradle plugin, you can publish your multiplatform library for the Android target by specifying Android variant names in the build script. The Kotlin Gradle plugin will generate publications automatically.\nBefore 1.5.30, the generated publication metadata included the build type attributes for every published Android variant, making it compatible only with the same build type used by the library consumer. Kotlin 1.5.30 introduces a new default publishing setup:\n- If all Android variants that the project publishes have the same build type attribute, then the published variants won\u0027t have the build type attribute and will be compatible with any build type.\n- If the published variants have different build type attributes, then only those with the release value will be published without the build type attribute. This makes the release variants compatible with any build type on the consumer side, while non-release variants will only be compatible with the matching consumer build types.\nTo opt-out and keep the build type attributes for all variants, you can set this Gradle property: kotlin.android.buildTypeAttribute.keep\u003dtrue.\n","pageTitle":"New default publishing setup for Android artifacts","metaDescription":"","type":"Documentation","breadcrumbs":"What\u0027s new in Kotlin///Earlier versions","root":0,"depth":2}