{"objectID":"_whatsnew16.html#coroutines_1_6_0_rc","parent":"_whatsnew16.html#language","pageViews":0,"url":"https://kotlinlang.org/docs/whatsnew16.html#coroutines-1-6-0-rc","mainTitle":"What\u0027s new in Kotlin 1.6.0","product":"","headings":"What\u0027s new in Kotlin 1.6.0,Coroutines 1.6.0-RC","content":"kotlinx.coroutines 1.6.0-RC is out with multiple features and improvements:\n- Support for the new Kotlin/Native memory manager\n- Introduction of dispatcher views API, which allows limiting parallelism without creating additional threads\n- Migrating from Java 6 to Java 8 target\n- kotlinx-coroutines-test with the new reworked API and multiplatform support\n- Introduction of CopyableThreadContextElement, which gives coroutines a thread-safe write access to ThreadLocal variables\nLearn more in the changelog.\n","pageTitle":"Coroutines 1.6.0-RC","metaDescription":"","type":"Documentation","breadcrumbs":"What\u0027s new in Kotlin///Earlier versions","root":0,"depth":2}