{"objectID":"_whatsnew19.html#mark_and_measure_differences_in_time","parent":"_whatsnew19.html#ide_support","pageViews":0,"url":"https://kotlinlang.org/docs/whatsnew19.html#mark-and-measure-differences-in-time","mainTitle":"What\u0027s new in Kotlin 1.9.0","product":"","headings":"What\u0027s new in Kotlin 1.9.0,Mark and measure differences in time","content":"To mark a specific moment in time, use the TimeSource interface and the markNow() function to create a TimeMark. To measure differences between TimeMarks from the same time source, use the subtraction operator (-):\nimport kotlin.time.*\n\nfun main() {\n    val timeSource \u003d TimeSource.Monotonic\n    val mark1 \u003d timeSource.markNow()\n    Thread.sleep(500) // Sleep 0.5 seconds.\n    val mark2 \u003d timeSource.markNow()\n\n    repeat(4) { n -\u0026gt;\n        val mark3 \u003d timeSource.markNow()\n        val elapsed1 \u003d mark3 - mark1\n        val elapsed2 \u003d mark3 - mark2\n\n        println(\"Measurement 1.${n + 1}: elapsed1\u003d$elapsed1, elapsed2\u003d$elapsed2, diff\u003d${elapsed1 - elapsed2}\")\n    }\n    // It\u0027s also possible to compare time marks with each other.\n    println(mark2 \u0026gt; mark1) // This is true, as mark2 was captured later than mark1.\n}\nTo check if a deadline has passed or a timeout has been reached, use the hasPassedNow() and hasNotPassedNow() extension functions:\nimport kotlin.time.*\nimport kotlin.time.Duration.Companion.seconds\n\nfun main() {\n    val timeSource \u003d TimeSource.Monotonic\n    val mark1 \u003d timeSource.markNow()\n    val fiveSeconds: Duration \u003d 5.seconds\n    val mark2 \u003d mark1 + fiveSeconds\n\n    // It hasn\u0027t been 5 seconds yet\n    println(mark2.hasPassedNow())\n    // false\n\n    // Wait six seconds\n    Thread.sleep(6000)\n    println(mark2.hasPassedNow())\n    // true\n}\n","pageTitle":"Mark and measure differences in time","metaDescription":"","type":"Documentation","breadcrumbs":"What\u0027s new in Kotlin///Earlier versions","root":0,"depth":2}