{"objectID":"_whatsnew20.html#stable_replacement_of_the_enum_class_values_generic_function","parent":"_whatsnew20.html#ide_support","pageViews":0,"url":"https://kotlinlang.org/docs/whatsnew20.html#stable-replacement-of-the-enum-class-values-generic-function","mainTitle":"What\u0027s new in Kotlin 2.0.0","product":"","headings":"What\u0027s new in Kotlin 2.0.0,Stable replacement of the enum class values generic function","content":"In Kotlin 2.0.0, the enumEntries\u0026lt;T\u0026gt;() function becomes Stable. The enumEntries\u0026lt;T\u0026gt;() function is a replacement for the generic enumValues\u0026lt;T\u0026gt;() function. The new function returns a list of all enum entries for the given enum type T. The entries property for enum classes was previously introduced and also stabilized to replace the synthetic values() function. For more information about the entries property, see What\u0027s new in Kotlin 1.8.20.\nThe enumValues\u0026lt;T\u0026gt;() function is still supported, but we recommend that you use the enumEntries\u0026lt;T\u0026gt;() function instead because it has less of a performance impact. Every time you call enumValues\u0026lt;T\u0026gt;(), a new array is created, whereas whenever you call enumEntries\u0026lt;T\u0026gt;(), the same list is returned each time, which is far more efficient.\nFor example:\nenum class RGB { RED, GREEN, BLUE }\n\ninline fun \u0026lt;reified T : Enum\u0026lt;T\u0026gt;\u0026gt; printAllValues() {\n    print(enumEntries\u0026lt;T\u0026gt;().joinToString { it.name })\n}\n\nprintAllValues\u0026lt;RGB\u0026gt;()\n// RED, GREEN, BLUE\n","pageTitle":"Stable replacement of the enum class values generic function","metaDescription":"","type":"Documentation","breadcrumbs":"What\u0027s new in Kotlin///Earlier versions","root":0,"depth":2}