{"objectID":"_whatsnew11.html#scope_control_for_implicit_receivers_in_dsls","parent":"_whatsnew11.html#table_of_contents","pageViews":0,"url":"https://kotlinlang.org/docs/whatsnew11.html#scope-control-for-implicit-receivers-in-dsls","mainTitle":"What\u0027s new in Kotlin 1.1","product":"","headings":"What\u0027s new in Kotlin 1.1,Scope control for implicit receivers in DSLs","content":"The @DslMarker annotation allows to restrict the use of receivers from outer scopes in a DSL context. Consider the canonical HTML builder example:\ntable {\n    tr {\n        td { + \"Text\" }\n    }\n}\nIn Kotlin 1.0, code in the lambda passed to td has access to three implicit receivers: the one passed to table, to tr and to td. This allows you to call methods that make no sense in the context - for example to call tr inside td and thus to put a \u0026lt;tr\u0026gt; tag in a \u0026lt;td\u0026gt;.\nIn Kotlin 1.1, you can restrict that, so that only methods defined on the implicit receiver of td will be available inside the lambda passed to td. You do that by defining your annotation marked with the @DslMarker meta-annotation and applying it to the base class of the tag classes.\nRead the type safe builders documentation and KEEP for more details.\n","pageTitle":"Scope control for implicit receivers in DSLs","metaDescription":"","type":"Documentation","breadcrumbs":"What\u0027s new in Kotlin///Earlier versions","root":0,"depth":2}