{"objectID":"_whatsnew21.html#api_references","parent":"_whatsnew21.html#ide_support","pageViews":0,"url":"https://kotlinlang.org/docs/whatsnew21.html#api-references","mainTitle":"What\u0027s new in Kotlin 2.1.0","product":"","headings":"What\u0027s new in Kotlin 2.1.0,API references","content":"- New Kotlin Gradle plugins API reference – Explore the API references for the Kotlin Gradle plugin and the Compose compiler Gradle plugin.\n","pageTitle":"API references","metaDescription":"","type":"Documentation","breadcrumbs":"What\u0027s new in Kotlin///Earlier versions","root":0,"depth":2}