{"objectID":"_whatsnew12.html#smart_cast_improvements","parent":"_whatsnew12.html#table_of_contents","pageViews":0,"url":"https://kotlinlang.org/docs/whatsnew12.html#smart-cast-improvements","mainTitle":"What\u0027s new in Kotlin 1.2","product":"","headings":"What\u0027s new in Kotlin 1.2,Smart cast improvements","content":"When a variable is assigned from a safe call expression and checked for null, the smart cast is now applied to the safe call receiver as well:\nfun countFirst(s: Any): Int {\n//sampleStart\n    val firstChar \u003d (s as? CharSequence)?.firstOrNull()\n    if (firstChar !\u003d null)\n    return s.count { it \u003d\u003d firstChar } // s: Any is smart cast to CharSequence\n\n    val firstItem \u003d (s as? Iterable\u0026lt;*\u0026gt;)?.firstOrNull()\n    if (firstItem !\u003d null)\n    return s.count { it \u003d\u003d firstItem } // s: Any is smart cast to Iterable\u0026lt;*\u0026gt;\n//sampleEnd\n    return -1\n}\n\nfun main(args: Array\u0026lt;String\u0026gt;) {\n  val string \u003d \"abacaba\"\n  val countInString \u003d countFirst(string)\n  println(\"called on \\\"$string\\\": $countInString\")\n\n  val list \u003d listOf(1, 2, 3, 1, 2)\n  val countInList \u003d countFirst(list)\n  println(\"called on $list: $countInList\")\n}\nAlso, smart casts in a lambda are now allowed for local variables that are only modified before the lambda:\nfun main(args: Array\u0026lt;String\u0026gt;) {\n//sampleStart\n    val flag \u003d args.size \u003d\u003d 0\n    var x: String? \u003d null\n    if (flag) x \u003d \"Yahoo!\"\n\n    run {\n        if (x !\u003d null) {\n            println(x.length) // x is smart cast to String\n        }\n    }\n//sampleEnd\n}\n","pageTitle":"Smart cast improvements","metaDescription":"","type":"Documentation","breadcrumbs":"What\u0027s new in Kotlin///Earlier versions","root":0,"depth":2}