{"objectID":"_whatsnew1920.html#ide_support","parent":"_whatsnew1920.html#ide_support","pageViews":0,"url":"https://kotlinlang.org/docs/whatsnew1920.html#ide-support","mainTitle":"What\u0027s new in Kotlin 1.9.20","product":"","headings":"What\u0027s new in Kotlin 1.9.20,IDE support","content":"The Kotlin plugins that support 1.9.20 are available for:\nIDE Supported versions\nIntelliJ IDEA 2023.1.x, 2023.2.x, 2023.x\nAndroid Studio Hedgehog (2023.1.1), Iguana (2023.2.1)\nStarting from IntelliJ IDEA 2023.3.x and Android Studio Iguana (2023.2.1) Canary 15, the Kotlin plugin is automatically included and updated. All you need to do is update the Kotlin version in your projects.\n","pageTitle":"IDE support","metaDescription":"","type":"Documentation","breadcrumbs":"What\u0027s new in Kotlin///Earlier versions","root":0,"depth":2}