{"objectID":"_whatsnew1820.html#leave_feedback","parent":"_whatsnew1820.html#ide_support","pageViews":0,"url":"https://kotlinlang.org/docs/whatsnew1820.html#leave-feedback","mainTitle":"What\u0027s new in Kotlin 1.8.20","product":"","headings":"What\u0027s new in Kotlin 1.8.20,Leave feedback","content":"This is a significant change to multiplatform projects. We would appreciate your feedback to help make it even better.\n","pageTitle":"Leave feedback","metaDescription":"","type":"Documentation","breadcrumbs":"What\u0027s new in Kotlin///Earlier versions","root":0,"depth":2}