{"objectID":"_whatsnew_eap.html#restrictions","parent":"_whatsnew_eap.html#ide_support","pageViews":0,"url":"https://kotlinlang.org/docs/whatsnew-eap.html#restrictions","mainTitle":"What\u0027s new in Kotlin 2.2.0-RC3","product":"","headings":"What\u0027s new in Kotlin 2.2.0-RC3,Restrictions","content":"Context parameters are in continuous improvement; some of the current restrictions are:\n- Constructors cannot declare context parameters\n- Properties with context parameters can\u0027t have backing fields or initializers\n- Properties with context parameters can\u0027t use delegation\nHowever, context parameters in Kotlin represent a significant improvement in managing dependencies through simplified dependency injection, improved DSL design, and scoped operations. For more information, see the feature\u0027s KEEP.\n","pageTitle":"Restrictions","metaDescription":"","type":"Documentation","breadcrumbs":"What\u0027s new in Kotlin","root":0,"depth":1}