{"objectID":"_whatsnew11.html#oneach","parent":"_whatsnew11.html#table_of_contents","pageViews":0,"url":"https://kotlinlang.org/docs/whatsnew11.html#oneach","mainTitle":"What\u0027s new in Kotlin 1.1","product":"","headings":"What\u0027s new in Kotlin 1.1,onEach()","content":"onEach is a small, but useful extension function for collections and sequences, which allows to perform some action, possibly with side-effects, on each element of the collection/sequence in a chain of operations. On iterables it behaves like forEach but also returns the iterable instance further. And on sequences it returns a wrapping sequence, which applies the given action lazily as the elements are being iterated.\ninputDir.walk()\n        .filter { it.isFile \u0026\u0026 it.name.endsWith(\".txt\") }\n        .onEach { println(\"Moving $it to $outputDir\") }\n        .forEach { moveFile(it, File(outputDir, it.toRelativeString(inputDir))) }\n","pageTitle":"onEach()","metaDescription":"","type":"Documentation","breadcrumbs":"What\u0027s new in Kotlin///Earlier versions","root":0,"depth":2}