{"objectID":"_whatsnew14.html#functions_for_string_manipulations","parent":"_whatsnew14.html#language_features_and_improvements","pageViews":0,"url":"https://kotlinlang.org/docs/whatsnew14.html#functions-for-string-manipulations","mainTitle":"What\u0027s new in Kotlin 1.4.0","product":"","headings":"What\u0027s new in Kotlin 1.4.0,Functions for string manipulations","content":"The standard library in 1.4.0 includes a number of improvements in the API for string manipulation:\n- StringBuilder has useful new extension functions: set(), setRange(), deleteAt(), deleteRange(), appendRange(), and others.\nfun main() {\n//sampleStart\n    val sb \u003d StringBuilder(\"Bye Kotlin 1.3.72\")\n    sb.deleteRange(0, 3)\n    sb.insertRange(0, \"Hello\", 0 ,5)\n    sb.set(15, \u00274\u0027)\n    sb.setRange(17, 19, \"0\")\n    print(sb.toString())\n//sampleEnd\n}\n- Some existing functions of StringBuilder are available in the common library. Among them are append(), insert(), substring(), setLength(), and more.\n- New functions Appendable.appendLine() and StringBuilder.appendLine() have been added to the common library. They replace the JVM-only appendln() functions of these classes.\nfun main() {\n//sampleStart\n    println(buildString {\n        appendLine(\"Hello,\")\n        appendLine(\"world\")\n    })\n//sampleEnd\n}\n","pageTitle":"Functions for string manipulations","metaDescription":"","type":"Documentation","breadcrumbs":"What\u0027s new in Kotlin///Earlier versions","root":0,"depth":2}