{"objectID":"_whatsnew2020.html#support_for_using_kotlin_static_members_in_javascript","parent":"_whatsnew2020.html#ide_support","pageViews":0,"url":"https://kotlinlang.org/docs/whatsnew2020.html#support-for-using-kotlin-static-members-in-javascript","mainTitle":"What\u0027s new in Kotlin 2.0.20","product":"","headings":"What\u0027s new in Kotlin 2.0.20,Support for using Kotlin static members in JavaScript","content":"This feature is Experimental. It may be dropped or changed at any time. Use it only for evaluation purposes. We would appreciate your feedback on it in YouTrack.\nStarting with Kotlin 2.0.20, you can use the @JsStatic annotation. It works similarly to @JvmStatic and instructs the compiler to generate additional static methods for the target declaration. This helps you use static members from your Kotlin code directly in JavaScript.\nYou can use the @JsStatic annotation for functions defined in named objects, as well as in companion objects declared inside classes and interfaces. The compiler generates both a static method of the object and an instance method in the object itself. For example:\nclass C {\n    companion object {\n        @JsStatic\n        fun callStatic() {}\n        fun callNonStatic() {}\n    }\n}\nNow, callStatic() is static in JavaScript while callNonStatic() is not:\nC.callStatic();              // Works, accessing the static function\nC.callNonStatic();           // Error, not a static function in the generated JavaScript\nC.Companion.callStatic();    // Instance method remains\nC.Companion.callNonStatic(); // The only way it works\nIt\u0027s also possible to apply the @JsStatic annotation to a property of an object or a companion object, making its getter and setter methods static members in that object or the class containing the companion object.\n","pageTitle":"Support for using Kotlin static members in JavaScript","metaDescription":"","type":"Documentation","breadcrumbs":"What\u0027s new in Kotlin///Earlier versions","root":0,"depth":2}