{"objectID":"_whatsnew1920.html#use_completion_for_source_sets","parent":"_whatsnew1920.html#ide_support","pageViews":0,"url":"https://kotlinlang.org/docs/whatsnew1920.html#use-completion-for-source-sets","mainTitle":"What\u0027s new in Kotlin 1.9.20","product":"","headings":"What\u0027s new in Kotlin 1.9.20,Use completion for source sets","content":"To make it easier to work with the created project structure, IntelliJ IDEA now provides completion for source sets created with the default hierarchy template:\nIDE completion for source set names Kotlin also warns you if you attempt to access a source set that doesn\u0027t exist because you haven\u0027t declared the respective target. In the example below, there is no JVM target (only androidTarget, which is not the same). But let\u0027s try to use the jvmMain source set and see what happens:\nkotlin {\n    androidTarget()\n    iosArm64()\n    iosSimulatorArm64()\n\n    sourceSets {\n        jvmMain {\n        }\n    }\n}\nIn this case, Kotlin reports a warning in the build log:\nw: Accessed \u0027source set jvmMain\u0027 without registering the jvm target:\n  kotlin {\n      jvm() /* \u0026lt;- register the \u0027jvm\u0027 target */\n\n      sourceSets.jvmMain.dependencies {\n\n      }\n  }\n","pageTitle":"Use completion for source sets","metaDescription":"","type":"Documentation","breadcrumbs":"What\u0027s new in Kotlin///Earlier versions","root":0,"depth":2}