{"objectID":"_whatsnew15.html#stable_unsigned_integer_types","parent":"_whatsnew15.html#language_features","pageViews":0,"url":"https://kotlinlang.org/docs/whatsnew15.html#stable-unsigned-integer-types","mainTitle":"What\u0027s new in Kotlin 1.5.0","product":"","headings":"What\u0027s new in Kotlin 1.5.0,Stable unsigned integer types","content":"The UInt, ULong, UByte, UShort unsigned integer types are now Stable. The same goes for operations on these types, ranges, and progressions of them. Unsigned arrays and operations on them remain in Beta.\nLearn more about unsigned integer types.\n","pageTitle":"Stable unsigned integer types","metaDescription":"","type":"Documentation","breadcrumbs":"What\u0027s new in Kotlin///Earlier versions","root":0,"depth":2}