{"objectID":"_whatsnew_eap.html#how_to_enable_swift_export","parent":"_whatsnew_eap.html#ide_support","pageViews":0,"url":"https://kotlinlang.org/docs/whatsnew-eap.html#how-to-enable-swift-export","mainTitle":"What\u0027s new in Kotlin 2.2.20-Beta2","product":"","headings":"What\u0027s new in Kotlin 2.2.20-Beta2,How to enable Swift export","content":"The feature is currently Experimental and works only in projects that use direct integration to connect the iOS framework to the Xcode project. This is a standard configuration for Kotlin Multiplatform projects created with Kotlin Multiplatform plugin in IntelliJ IDEA or through the web wizard.\nTo try out Swift export, configure your Xcode project:\n2. In Xcode, open the project settings.\n4. On the Build Phases tab, locate the Run Script phase with the embedAndSignAppleFrameworkForXcode task.\n6. Adjust the script to feature the embedSwiftExportForXcode task instead in the run script phase:\n./gradlew :\u0026lt;Shared module name\u0026gt;:embedSwiftExportForXcode\nAdd the Swift export script 2. Build the project. Swift modules are generated in the build output directory.\nThe feature is available by default. If you have already enabled it in previous releases, you can now remove kotlin.experimental.swift-export.enabled from your gradle.properties file.\nTo save time, clone our public sample with Swift export already set up.\nFor more information about Swift export, see its README.\n","pageTitle":"How to enable Swift export","metaDescription":"","type":"Documentation","breadcrumbs":"What\u0027s new in Kotlin","root":0,"depth":1}