{"objectID":"_whatsnew16.html#language","parent":"_whatsnew16.html#language","pageViews":0,"url":"https://kotlinlang.org/docs/whatsnew16.html#language","mainTitle":"What\u0027s new in Kotlin 1.6.0","product":"","headings":"What\u0027s new in Kotlin 1.6.0,Language","content":"Kotlin 1.6.0 brings stabilization to several language features introduced for preview in the previous 1.5.30 release:\n- Stable exhaustive when statements for enum, sealed and Boolean subjects\n- Stable suspending functions as supertypes\n- Stable suspend conversions\n- Stable instantiation of annotation classes\nIt also includes various type inference improvements and support for annotations on class type parameters:\n- Improved type inference for recursive generic types\n- Changes to builder inference\n- Support for annotations on class type parameters\n","pageTitle":"Language","metaDescription":"","type":"Documentation","breadcrumbs":"What\u0027s new in Kotlin///Earlier versions","root":0,"depth":2}