{"objectID":"_whatsnew2020.html#phased_replacement_of_context_receivers_with_context_parameters","parent":"_whatsnew2020.html#ide_support","pageViews":0,"url":"https://kotlinlang.org/docs/whatsnew2020.html#phased-replacement-of-context-receivers-with-context-parameters","mainTitle":"What\u0027s new in Kotlin 2.0.20","product":"","headings":"What\u0027s new in Kotlin 2.0.20,Phased replacement of context receivers with context parameters","content":"In Kotlin 1.6.20, we introduced context receivers as an Experimental feature. After listening to community feedback, we\u0027ve decided not to continue with this approach and will take a different direction.\nIn future Kotlin releases, context receivers will be replaced by context parameters. Context parameters are still in the design phase, and you can find the proposal in the KEEP.\nSince the implementation of context parameters requires significant changes to the compiler, we\u0027ve decided not to support context receivers and context parameters simultaneously. This decision greatly simplifies the implementation and minimizes the risk of unstable behavior.\nWe understand that context receivers are already being used by a large number of developers. Therefore, we will begin gradually removing support for context receivers. Our migration plan starts with Kotlin 2.0.20, where warnings are issued in your code when context receivers are used with the -Xcontext-receivers compiler option. For example:\nclass MyContext\n\ncontext(MyContext)\n// Warning: Experimental context receivers are deprecated and will be superseded by context parameters. \n// Please don\u0027t use context receivers. You can either pass parameters explicitly or use members with extensions.\nfun someFunction() {\n}\nThis warning will become an error in future Kotlin releases.\nIf you use context receivers in your code, we recommend that you migrate your code to use either of the following:\n- Explicit parameters.\nBefore After\ncontext(ContextReceiverType)\nfun someFunction() {\n    contextReceiverMember()\n}\nfun someFunction(explicitContext: ContextReceiverType) {\n    explicitContext.contextReceiverMember()\n}\n- Extension member functions (if possible).\nBefore After\ncontext(ContextReceiverType)\nfun contextReceiverMember() \u003d TODO()\n\ncontext(ContextReceiverType)\nfun someFunction() {\n    contextReceiverMember()\n}\nclass ContextReceiverType {\n    fun contextReceiverMember() \u003d TODO()\n}\n\nfun ContextReceiverType.someFunction() {\n    contextReceiverMember()\n}\nAlternatively, you can wait until the Kotlin release where context parameters are supported in the compiler. Note that context parameters will initially be introduced as an Experimental feature.\n","pageTitle":"Phased replacement of context receivers with context parameters","metaDescription":"","type":"Documentation","breadcrumbs":"What\u0027s new in Kotlin///Earlier versions","root":0,"depth":2}