{"objectID":"_whatsnew20.html#new_gradle_property_for_trying_the_latest_language_version","parent":"_whatsnew20.html#ide_support","pageViews":0,"url":"https://kotlinlang.org/docs/whatsnew20.html#new-gradle-property-for-trying-the-latest-language-version","mainTitle":"What\u0027s new in Kotlin 2.0.0","product":"","headings":"What\u0027s new in Kotlin 2.0.0,New Gradle property for trying the latest language version","content":"Prior to Kotlin 2.0.0, we had the following Gradle property to try out the new K2 compiler: kotlin.experimental.tryK2. Now that the K2 compiler is enabled by default in Kotlin 2.0.0, we decided to evolve this property into a new form that you can use to try the latest language version in your projects: kotlin.experimental.tryNext. When you use this property in your gradle.properties file, the Kotlin Gradle plugin increments the language version to one above the default value for your Kotlin version. For example, in Kotlin 2.0.0, the default language version is 2.0, so the property configures language version 2.1.\nThis new Gradle property produces similar metrics in build reports as before with kotlin.experimental.tryK2. The language version configured is included in the output. For example:\n##### \u0027kotlin.experimental.tryNext\u0027 results #####\n:app:compileKotlin: 2.1 language version\n:lib:compileKotlin: 2.1 language version\n##### 100% (2/2) tasks have been compiled with Kotlin 2.1 #####\nTo learn more about how to enable build reports and their content, see Build reports.\n","pageTitle":"New Gradle property for trying the latest language version","metaDescription":"","type":"Documentation","breadcrumbs":"What\u0027s new in Kotlin///Earlier versions","root":0,"depth":2}