{"objectID":"_whatsnew1820.html#no_copy_and_componentn_functions_for_data_objects","parent":"_whatsnew1820.html#ide_support","pageViews":0,"url":"https://kotlinlang.org/docs/whatsnew1820.html#no-copy-and-componentn-functions-for-data-objects","mainTitle":"What\u0027s new in Kotlin 1.8.20","product":"","headings":"What\u0027s new in Kotlin 1.8.20,No copy and componentN functions for data objects","content":"While data object and data class declarations are often used together and have some similarities, there are some functions that are not generated for a data object:\nBecause a data object declaration is intended to be used as a singleton object, no copy() function is generated. The singleton pattern restricts the instantiation of a class to a single instance, and allowing copies of the instance to be created would violate that restriction.\nAlso, unlike a data class, a data object does not have any data properties. Since attempting to destructure such an object would not make sense, no componentN() functions are generated.\nWe would appreciate your feedback on this feature in YouTrack.\n","pageTitle":"No copy and componentN functions for data objects","metaDescription":"","type":"Documentation","breadcrumbs":"What\u0027s new in Kotlin///Earlier versions","root":0,"depth":2}