{"objectID":"_whatsnew_eap.html#support_for_stack_canaries_in_binaries","parent":"_whatsnew_eap.html#ide_support","pageViews":0,"url":"https://kotlinlang.org/docs/whatsnew-eap.html#support-for-stack-canaries-in-binaries","mainTitle":"What\u0027s new in Kotlin 2.2.20-Beta2","product":"","headings":"What\u0027s new in Kotlin 2.2.20-Beta2,Support for stack canaries in binaries","content":"Starting with 2.2.20-Beta2, Kotlin adds support for stack canaries in the resulting Kotlin/Native binaries. As part of stack protection, this security feature protects against stack smashing, mitigating some common application vulnerabilities. Already available in Swift and Objective-C, it\u0027s now supported in Kotlin as well.\n","pageTitle":"Support for stack canaries in binaries","metaDescription":"","type":"Documentation","breadcrumbs":"What\u0027s new in Kotlin","root":0,"depth":1}