{"title":"Kotlin docs","subtitle":"Latest stable version: 2.2.0","tips":[{"title":"Get started with Kotlin","description":"Create your first Kotlin project for a platform of your choice in an IDE: IntelliJ IDEA or Android Studio","url":"getting-started.html","type":"start"},{"title":"Try Kotlin online","description":"Write, edit, run, and share Kotlin code right in the browser","url":"https://play.kotlinlang.org/","type":"install"}],"main":{"title":"First steps","data":[{"title":"Basic syntax","description":"A quick introduction to Kotlin syntax: keywords, operators, program structure","url":"basic-syntax.html"},{"title":"Kotlin tour","description":"Take a tour of the fundamentals of the Kotlin programming language","url":"kotlin-tour-welcome.html"}]},"highlighted":{"title":"Kotlin Multiplatform","data":[{"title":"Kotlin Multiplatform overview","description":"Explore the Kotlin Multiplatform technology to share code between your applications","url":"https://www.jetbrains.com/help/kotlin-multiplatform-dev/get-started.html"},{"title":"Kotlin Multiplatform Wizard","description":"Quickly create and download a multiplatform project template","url":"https://kmp.jetbrains.com/"},{"title":"Get started with Kotlin Multiplatform","description":"Create a mobile app that works on both Android and iOS","url":"https://www.jetbrains.com/help/kotlin-multiplatform-dev/multiplatform-create-first-app.html"},{"title":"Get started with Compose Multiplatform","description":"Use Compose Multiplatform to implement one user interface across mobile, desktop, and web","url":"https://www.jetbrains.com/help/kotlin-multiplatform-dev/compose-multiplatform-create-first-app.html"}]},"groups":[{"title":"Featured topics","type":"cards","display":"wide","data":[{"title":"What\u0027s new in Kotlin 2.2.0","description":"New experimental and stable features, performance improvements, and bug fixes","url":"whatsnew22.html"},{"title":"Kotlin releases","description":"The latest Kotlin releases and instructions on how to update to them","url":"releases.html"},{"title":"Standard library API reference","description":"Living essentials for everyday work with Kotlin: IO, files, threading, collections, and much more","url":"https://kotlinlang.org/api/latest/jvm/stdlib/"},{"title":"Basic types","description":"Kotlin type system: numbers, strings, arrays, and other built-in types","url":"basic-types.html"},{"title":"Collections","description":"Collections: lists, sets, and maps","url":"collections-overview.html"},{"title":"Coroutines","description":"Concurrency: coroutines, flows, channels","url":"coroutines-overview.html"}]}],"prevNextLinks":{"nextPageUrl":"getting-started.html","nextPageTitle":"Get started with Kotlin"}}