{"title":"Kotlin Multiplatform","subtitle":"Simplify the development of cross-platform projects and reduce the time spent writing and maintaining the same code for different platforms.","tips":[{"title":"Kotlin Multiplatform quickstart","description":"Set up and run your first KMP project","url":"https://www.jetbrains.com/help/kotlin-multiplatform-dev/quickstart.html","type":"cross-platform"},{"title":"Compose Multiplatform","description":"Discover Kotlin-based declarative multiplatform UI framework developed by JetBrains","url":"https://www.jetbrains.com/help/kotlin-multiplatform-dev/compose-multiplatform.html","type":"creative"}],"main":{"title":"Popular use cases","data":[{"title":"Share logic but keep UI native","description":"Get to know Kotlin Multiplatform and create a mobile app in Android Studio that works on both Android and iOS","url":"https://www.jetbrains.com/help/kotlin-multiplatform-dev/multiplatform-create-first-app.html"},{"title":"Share both logic and UI","description":"Create an application with UI shared among Android, iOS, and desktop using Compose Multiplatform","url":"https://www.jetbrains.com/help/kotlin-multiplatform-dev/compose-multiplatform-create-first-app.html"},{"title":"Share a piece of logic","description":"Create a multiplatform app that has a shared data access layer between Android and iOS","url":"https://www.jetbrains.com/help/kotlin-multiplatform-dev/multiplatform-ktor-sqldelight.html"},{"title":"Make your app multiplatform","description":"Make your Android application work on iOS","url":"https://www.jetbrains.com/help/kotlin-multiplatform-dev/multiplatform-integrate-in-existing-app.html"}]},"highlighted":{"title":"Kotlin Multiplatform technology","data":[{"title":"Key concepts of project structure","description":"Learn the basics: common and platform-specific code, targets, and source sets","url":"https://www.jetbrains.com/help/kotlin-multiplatform-dev/multiplatform-discover-project.html"},{"title":"Expected and actual declarations","description":"Use expected and actual declarations to access platform-specific APIs","url":"https://www.jetbrains.com/help/kotlin-multiplatform-dev/multiplatform-expect-actual.html"},{"title":"Hierarchical project structure","description":"Arrange a hierarchy of source sets for sharing common code","url":"https://www.jetbrains.com/help/kotlin-multiplatform-dev/multiplatform-hierarchy.html"},{"title":"Set up iOS integration","description":"Integrate a Kotlin Multiplatform shared module into your iOS app","url":"https://www.jetbrains.com/help/kotlin-multiplatform-dev/multiplatform-ios-integration-overview.html"}]},"groups":[{"type":"links","display":"normal","data":[{"title":"Tutorials \u0026 samples","data":[{"title":"Set up and run your first KMP project","description":"Setup and run your first KMP project","url":"https://www.jetbrains.com/help/kotlin-multiplatform-dev/quickstart.html"},{"title":"Make your app multiplatform","description":"Make your Android application work on iOS","url":"https://www.jetbrains.com/help/kotlin-multiplatform-dev/multiplatform-integrate-in-existing-app.html"},{"title":"Test your multiplatform app","description":"Learn how to create and test Kotlin Multiplatform applications","url":"https://www.jetbrains.com/help/kotlin-multiplatform-dev/multiplatform-run-tests.html"},{"title":"See curated list of projects","description":"Kotlin Multiplatform samples","url":"https://www.jetbrains.com/help/kotlin-multiplatform-dev/multiplatform-samples.html"},{"title":"Find more projects on GitHub","description":"GitHub \"kotlin-multiplatform\" topic","url":"https://github.com/topics/kotlin-multiplatform-sample"}]},{"title":"Tools","data":[{"title":"Kotlin Multiplatform IDE plugin","description":"Kotlin Multiplatform plugin for IntelliJ IDEA and Android Studio","url":"https://plugins.jetbrains.com/plugin/14936-kotlin-multiplatform"},{"title":"Compose Hot Reload","description":"Quickly iterate on your UI with Compose Hot Reload","url":"https://www.jetbrains.com/help/kotlin-multiplatform-dev/compose-hot-reload.html"},{"title":"Gradle DSL reference","description":"Configure Gradle build scripts for Kotlin Multiplatform projects","url":"https://www.jetbrains.com/help/kotlin-multiplatform-dev/multiplatform-dsl-reference.html"},{"title":"Search platform for libraries","description":"Experimental search platform for Kotlin Multiplatform libraries developed by JetBrains","url":"https://klibs.io/"},{"title":"New project wizard","description":"Quickly generate and download a multiplatform project template","url":"https://kmp.jetbrains.com/"},{"title":"Amper configuration tool","description":"Project configuration with Amper","url":"https://www.jetbrains.com/help/kotlin-multiplatform-dev/amper.html"}]},{"title":"Community \u0026 help","data":[{"title":"Join our Slack channel","description":"Kotlin Slack","url":"https://kotlinlang.slack.com/archives/C3PQML5NU"},{"title":"Subscribe to our tag on StackOverflow","description":"Subscribe to the kotlin-multiplatform tag","url":"https://stackoverflow.com/questions/tagged/kotlin-multiplatform"},{"title":"Report an issue in YouTrack","description":"Kotlin issue tracker","url":"https://youtrack.jetbrains.com/newIssue?project\u003dKT"}]}]}],"prevNextLinks":{"prevPageTitle":"Intermediate: Libraries and APIs","nextPageUrl":"server-overview.html","nextPageTitle":"Kotlin for server side","prevPageUrl":"kotlin-tour-intermediate-libraries-and-apis.html"}}