{"objectID":"_ant.html#targeting_javascript_with_single_source_folder_and_metainfo_option","parent":"_ant.html#getting_the_ant_tasks","pageViews":0,"url":"https://kotlinlang.org/docs/ant.html#targeting-javascript-with-single-source-folder-and-metainfo-option","mainTitle":"Ant","product":"","headings":"Ant,Targeting JavaScript with single source folder and metaInfo option","content":"The metaInfo option is useful, if you want to distribute the result of translation as a Kotlin/JavaScript library. If metaInfo was set to true, then during compilation additional JS file with binary metadata will be created. This file should be distributed together with the result of translation:\n\u0026lt;project name\u003d\"Ant Task Test\" default\u003d\"build\"\u0026gt;\n    \u0026lt;typedef resource\u003d\"org/jetbrains/kotlin/ant/antlib.xml\" classpath\u003d\"${kotlin.lib}/kotlin-ant.jar\"/\u0026gt;\n\n    \u0026lt;target name\u003d\"build\"\u0026gt;\n        \u0026lt;!-- out.meta.js will be created, which contains binary metadata --\u0026gt;\n        \u0026lt;kotlin2js src\u003d\"root1\" output\u003d\"out.js\" metaInfo\u003d\"true\"/\u0026gt;\n    \u0026lt;/target\u0026gt;\n\u0026lt;/project\u0026gt;\n","pageTitle":"Targeting JavaScript with single source folder and metaInfo option","metaDescription":"","type":"Documentation","breadcrumbs":"Tools///Build tools","root":0,"depth":2}