{"objectID":"_apple_framework.html#what_s_next","parent":"_apple_framework.html#create_a_kotlin_library","pageViews":0,"url":"https://kotlinlang.org/docs/apple-framework.html#what-s-next","mainTitle":"Kotlin/Native as an Apple framework – tutorial","product":"","headings":"Kotlin/Native as an Apple framework – tutorial,What\u0027s next","content":"- Learn more about interoperability with Objective-C\n- See how interoperability with C is implemented in Kotlin\n- Check out the Kotlin/Native as a dynamic library tutorial\n","pageTitle":"What\u0027s next","metaDescription":"","type":"Documentation","breadcrumbs":"Platforms///Native///Objective-C interop","root":0,"depth":3}