{"objectID":"_apple_framework.html#garbage_collection_and_reference_counting","parent":"_apple_framework.html#create_a_kotlin_library","pageViews":0,"url":"https://kotlinlang.org/docs/apple-framework.html#garbage-collection-and-reference-counting","mainTitle":"Kotlin/Native as an Apple framework – tutorial","product":"","headings":"Kotlin/Native as an Apple framework – tutorial,Garbage collection and reference counting","content":"Swift and Objective-C use automatic reference counting (ARC). Kotlin/Native has its own garbage collector, which is also integrated with Swift/Objective-C ARC.\nUnused Kotlin objects are automatically removed. You don\u0027t need to take additional steps to control the lifetime of Kotlin/Native instances from Swift or Objective-C.\n","pageTitle":"Garbage collection and reference counting","metaDescription":"","type":"Documentation","breadcrumbs":"Platforms///Native///Objective-C interop","root":0,"depth":3}