{"objectID":"_code_style_migration_guide.html#in_gradle","parent":"_code_style_migration_guide.html#kotlin_coding_conventions_and_intellij_idea_formatter","pageViews":0,"url":"https://kotlinlang.org/docs/code-style-migration-guide.html#in-gradle","mainTitle":"Migrate to Kotlin code style","product":"","headings":"Migrate to Kotlin code style,In Gradle","content":"Add kotlin.code.style\u003dofficial property to the gradle.properties file at the project root and commit the file to VCS.\n","pageTitle":"In Gradle","metaDescription":"","type":"Documentation","breadcrumbs":"Tools","root":0,"depth":1}