{"objectID":"_coding_conventions.html#class_headers","parent":"_coding_conventions.html#configure_style_in_ide","pageViews":0,"url":"https://kotlinlang.org/docs/coding-conventions.html#class-headers","mainTitle":"Coding conventions","product":"","headings":"Coding conventions,Class headers","content":"Classes with a few primary constructor parameters can be written in a single line:\nclass Person(id: Int, name: String)\nClasses with longer headers should be formatted so that each primary constructor parameter is in a separate line with indentation. Also, the closing parenthesis should be on a new line. If you use inheritance, the superclass constructor call, or the list of implemented interfaces should be located on the same line as the parenthesis:\nclass Person(\n    id: Int,\n    name: String,\n    surname: String\n) : Human(id, name) { /*...*/ }\nFor multiple interfaces, the superclass constructor call should be located first and then each interface should be located in a different line:\nclass Person(\n    id: Int,\n    name: String,\n    surname: String\n) : Human(id, name),\n    KotlinMaker { /*...*/ }\nFor classes with a long supertype list, put a line break after the colon and align all supertype names horizontally:\nclass MyFavouriteVeryLongClassHolder :\n    MyLongHolder\u0026lt;MyFavouriteVeryLongClass\u0026gt;(),\n    SomeOtherInterface,\n    AndAnotherOne {\n\n    fun foo() { /*...*/ }\n}\nTo clearly separate the class header and body when the class header is long, either put a blank line following the class header (as in the example above), or put the opening curly brace on a separate line:\nclass MyFavouriteVeryLongClassHolder :\n    MyLongHolder\u0026lt;MyFavouriteVeryLongClass\u0026gt;(),\n    SomeOtherInterface,\n    AndAnotherOne \n{\n    fun foo() { /*...*/ }\n}\nUse regular indent (four spaces) for constructor parameters. This ensures that properties declared in the primary constructor have the same indentation as properties declared in the body of a class.\n","pageTitle":"Class headers","metaDescription":"","type":"Documentation","breadcrumbs":"Basics","root":0,"depth":1}