{"objectID":"_coding_conventions.html#strings","parent":"_coding_conventions.html#configure_style_in_ide","pageViews":0,"url":"https://kotlinlang.org/docs/coding-conventions.html#strings","mainTitle":"Coding conventions","product":"","headings":"Coding conventions,Strings","content":"Prefer string templates to string concatenation.\nPrefer multiline strings to embedding \\n escape sequences into regular string literals.\nTo maintain indentation in multiline strings, use trimIndent when the resulting string does not require any internal indentation, or trimMargin when internal indentation is required:\nfun main() {\n//sampleStart\n   println(\"\"\"\n    Not\n    trimmed\n    text\n    \"\"\"\n   )\n\n   println(\"\"\"\n    Trimmed\n    text\n    \"\"\".trimIndent()\n   )\n\n   println()\n\n   val a \u003d \"\"\"Trimmed to margin text:\n          |if(a \u0026gt; 1) {\n          |    return a\n          |}\"\"\".trimMargin()\n\n   println(a)\n//sampleEnd\n}\nLearn the difference between Java and Kotlin multiline strings.\n","pageTitle":"Strings","metaDescription":"","type":"Documentation","breadcrumbs":"Basics","root":0,"depth":1}