{"objectID":"_collection_filtering.html#partition","parent":"_collection_filtering.html#filter_by_predicate","pageViews":0,"url":"https://kotlinlang.org/docs/collection-filtering.html#partition","mainTitle":"Filtering collections","product":"","headings":"Filtering collections,Partition","content":"Another filtering function – partition() – filters a collection by a predicate and keeps the elements that don\u0027t match it in a separate list. So, you have a Pair of Lists as a return value: the first list containing elements that match the predicate and the second one containing everything else from the original collection.\nfun main() {\n//sampleStart\n    val numbers \u003d listOf(\"one\", \"two\", \"three\", \"four\")\n    val (match, rest) \u003d numbers.partition { it.length \u0026gt; 3 }\n\n    println(match)\n    println(rest)\n//sampleEnd\n}\n","pageTitle":"Partition","metaDescription":"","type":"Documentation","breadcrumbs":"Standard library///Collections","root":0,"depth":2}