{"objectID":"_command_line.html#","parent":"_command_line.html#install_the_compiler","pageViews":0,"url":"https://kotlinlang.org/docs/command-line.html","mainTitle":"Kotlin command-line compiler","product":"","headings":"Kotlin command-line compiler","content":"Every Kotlin release ships with a standalone version of the compiler. You can download the latest version manually or via a package manager.\nInstalling the command-line compiler is not an essential step to use Kotlin. The common approach is to write Kotlin applications using IDEs or code editors with official Kotlin support, such as IntelliJ IDEA or Android Studio. They provide full Kotlin support right out of the box.\nLearn how to get started with Kotlin in an IDE.\n","pageTitle":"Kotlin command-line compiler","metaDescription":"","type":"Documentation","breadcrumbs":"Compiler and plugins///Kotlin compiler","root":0,"depth":2}