{"objectID":"_compatibility_guide_18.html#prohibit_using_captured_type_parameters_in_inner_classes_against_their_variance","parent":"_compatibility_guide_18.html#basic_terms","pageViews":0,"url":"https://kotlinlang.org/docs/compatibility-guide-18.html#prohibit-using-captured-type-parameters-in-inner-classes-against-their-variance","mainTitle":"Compatibility guide for Kotlin 1.8","product":"","headings":"Compatibility guide for Kotlin 1.8,Prohibit using captured type parameters in inner classes against their variance","content":"Issue: KT-50947\nComponent: Core language\nIncompatible change type: source\nShort summary: Kotlin 1.9 will prohibit using type parameters of an outer class having in or out variance in an inner class of that class in positions violating that type parameters\u0027 declared variance\nDeprecation cycle:\n- 1.7.0: report a warning (or an error in the progressive mode) when an outer class\u0027 type parameter usage position violates the variance rules of that parameter\n- 1.9.0: raise the warning to an error, -XXLanguage:-ReportTypeVarianceConflictOnQualifierArguments can be used to temporarily revert to the pre-1.9 behavior\n","pageTitle":"Prohibit using captured type parameters in inner classes against their variance","metaDescription":"","type":"Documentation","breadcrumbs":"Other resources///Kotlin compatibility guides","root":0,"depth":2}