{"objectID":"_compatibility_guide_17.html#remove_useir_compiler_option","parent":"_compatibility_guide_17.html#basic_terms","pageViews":0,"url":"https://kotlinlang.org/docs/compatibility-guide-17.html#remove-useir-compiler-option","mainTitle":"Compatibility guide for Kotlin 1.7","product":"","headings":"Compatibility guide for Kotlin 1.7,Remove useIR compiler option","content":"Issue: KT-48847\nComponent: Gradle\nIncompatible change type: source\nShort summary: remove the deprecated and hidden useIR compiler option\nDeprecation cycle:\n- 1.5.0: raise the deprecation level to a warning\n- 1.6.0: hide the option\n- 1.7.0: remove the deprecated option\n","pageTitle":"Remove useIR compiler option","metaDescription":"","type":"Documentation","breadcrumbs":"Other resources///Kotlin compatibility guides","root":0,"depth":2}