{"objectID":"_compatibility_guide_17.html#remove_kotlinoptions_jdkhome_compiler_option","parent":"_compatibility_guide_17.html#basic_terms","pageViews":0,"url":"https://kotlinlang.org/docs/compatibility-guide-17.html#remove-kotlinoptions-jdkhome-compiler-option","mainTitle":"Compatibility guide for Kotlin 1.7","product":"","headings":"Compatibility guide for Kotlin 1.7,Remove kotlinOptions.jdkHome compiler option","content":"Issue: KT-46541\nComponent: Gradle\nIncompatible change type: source\nShort summary: remove the kotlinOptions.jdkHome compiler option used to include a custom JDK from the specified location into the classpath instead of the default JAVA_HOME. Use Java toolchains instead\nDeprecation cycle:\n- 1.5.30: raise the deprecation level to a warning\n- \u0026gt; 1.7.0: remove the option\n","pageTitle":"Remove kotlinOptions.jdkHome compiler option","metaDescription":"","type":"Documentation","breadcrumbs":"Other resources///Kotlin compatibility guides","root":0,"depth":2}