{"objectID":"_compiler_reference.html#jdk_home_path","parent":"_compiler_reference.html#compiler_options","pageViews":0,"url":"https://kotlinlang.org/docs/compiler-reference.html#jdk-home-path","mainTitle":"Kotlin compiler options","product":"","headings":"Kotlin compiler options,-jdk-home","content":"Use a custom JDK home directory to include into the classpath if it differs from the default JAVA_HOME.\n","pageTitle":"-jdk-home","metaDescription":"","type":"Documentation","breadcrumbs":"Compiler and plugins///Kotlin compiler","root":0,"depth":2}