{"objectID":"_compiler_reference.html#kotlin_home_path","parent":"_compiler_reference.html#compiler_options","pageViews":0,"url":"https://kotlinlang.org/docs/compiler-reference.html#kotlin-home-path","mainTitle":"Kotlin compiler options","product":"","headings":"Kotlin compiler options,-kotlin-home","content":"Specify a custom path to the Kotlin compiler used for the discovery of runtime libraries.\n","pageTitle":"-kotlin-home","metaDescription":"","type":"Documentation","breadcrumbs":"Compiler and plugins///Kotlin compiler","root":0,"depth":2}