{"objectID":"_compatibility_guide_18.html#deprecate_kotlin_internal_single_build_metrics_file_property","parent":"_compatibility_guide_18.html#basic_terms","pageViews":0,"url":"https://kotlinlang.org/docs/compatibility-guide-18.html#deprecate-kotlin-internal-single-build-metrics-file-property","mainTitle":"Compatibility guide for Kotlin 1.8","product":"","headings":"Compatibility guide for Kotlin 1.8,Deprecate kotlin.internal.single.build.metrics.file property","content":"Issue: KT-53357\nComponent: Gradle\nIncompatible change type: source\nShort summary: deprecate the kotlin.internal.single.build.metrics.file property used to define a single file for build reports. Use the property kotlin.build.report.single_file instead with kotlin.build.report.output\u003dsingle_file\nDeprecation cycle:\n- 1.8.0: raise the deprecation level to a warning \u0026gt;\u003d 1.9: delete the property\n","pageTitle":"Deprecate kotlin.internal.single.build.metrics.file property","metaDescription":"","type":"Documentation","breadcrumbs":"Other resources///Kotlin compatibility guides","root":0,"depth":2}