{"objectID":"_compatibility_guide_20.html#prevent_implicit_inference_of_type_parameters_into_upper_bounds_in_builder_inference_lambda_functions","parent":"_compatibility_guide_20.html#basic_terms","pageViews":0,"url":"https://kotlinlang.org/docs/compatibility-guide-20.html#prevent-implicit-inference-of-type-parameters-into-upper-bounds-in-builder-inference-lambda-functions","mainTitle":"Compatibility guide for Kotlin 2.0","product":"","headings":"Compatibility guide for Kotlin 2.0,Prevent implicit inference of type parameters into upper bounds in builder inference lambda functions","content":"Issue: KT-47986\nComponent: Core language\nIncompatible change type: source\nDeprecation cycle:\n- 1.7.20: report a warning (or an error in the progressive mode) when the type parameter for a type argument cannot be inferred into declared upper bounds\n- 2.0.0: raise the warning to an error\n","pageTitle":"Prevent implicit inference of type parameters into upper bounds in builder inference lambda functions","metaDescription":"","type":"Documentation","breadcrumbs":"Other resources///Kotlin compatibility guides","root":0,"depth":2}