{"objectID":"_compose_compiler_migration_guide.html#","parent":"_compose_compiler_migration_guide.html#migrating_a_jetpack_compose_project","pageViews":0,"url":"https://kotlinlang.org/docs/compose-compiler-migration-guide.html","mainTitle":"Compose compiler migration guide","product":"","headings":"Compose compiler migration guide","content":"The Compose compiler is supplemented by a Gradle plugin, which simplifies setup and offers easier access to compiler options. When applied with the Android Gradle plugin (AGP), this Compose compiler plugin will override the coordinates of the Compose compiler supplied automatically by AGP.\nThe Compose compiler has been merged into the Kotlin repository since Kotlin 2.0.0. This helps smooth the migration of your projects to Kotlin 2.0.0 and later, as the Compose compiler ships simultaneously with Kotlin and will always be compatible with Kotlin of the same version.\nTo use the new Compose compiler plugin in your project, apply it for each module that uses Compose. Read on for details on how to migrate a Jetpack Compose project. For a Compose Multiplatform project, refer to the multiplatform migration guide.\n","pageTitle":"Compose compiler migration guide","metaDescription":"","type":"Documentation","breadcrumbs":"Compiler and plugins///Compose compiler","root":0,"depth":2}