{"objectID":"_compiler_reference.html#target_es5_es2015","parent":"_compiler_reference.html#compiler_options","pageViews":0,"url":"https://kotlinlang.org/docs/compiler-reference.html#target-es5-es2015","mainTitle":"Kotlin compiler options","product":"","headings":"Kotlin compiler options,-target {es5|es2015}","content":"Generate JS files for the specified ECMA version.\n","pageTitle":"-target {es5|es2015}","metaDescription":"","type":"Documentation","breadcrumbs":"Compiler and plugins///Kotlin compiler","root":0,"depth":2}