{"objectID":"_compatibility_guide_20.html#approximate_anonymous_types_in_private_inline_functions_return_type","parent":"_compatibility_guide_20.html#basic_terms","pageViews":0,"url":"https://kotlinlang.org/docs/compatibility-guide-20.html#approximate-anonymous-types-in-private-inline-functions-return-type","mainTitle":"Compatibility guide for Kotlin 2.0","product":"","headings":"Compatibility guide for Kotlin 2.0,Approximate anonymous types in private inline functions return type","content":"Issue: KT-54862\nComponent: Core language\nIncompatible change type: source\nDeprecation cycle:\n- 1.9.0: report a warning on private inline functions if the inferred return type contains an anonymous type\n- 2.0.0: approximate return type of such private inline functions to a supertype\n","pageTitle":"Approximate anonymous types in private inline functions return type","metaDescription":"","type":"Documentation","breadcrumbs":"Other resources///Kotlin compatibility guides","root":0,"depth":2}