{"objectID":"_compatibility_guide_20.html#remove_kotlin_usek2_gradle_property","parent":"_compatibility_guide_20.html#basic_terms","pageViews":0,"url":"https://kotlinlang.org/docs/compatibility-guide-20.html#remove-kotlin-usek2-gradle-property","mainTitle":"Compatibility guide for Kotlin 2.0","product":"","headings":"Compatibility guide for Kotlin 2.0,Remove kotlin.useK2 Gradle property","content":"Issue: KT-64379\nComponent: Gradle\nIncompatible change type: behavioral\nShort summary: The kotlin.useK2 Gradle property has been removed. In Kotlin 1.9.*, it could be used to enable the K2 compiler. In Kotlin 2.0.0 and later, the K2 compiler is enabled by default, so the property has no effect and cannot be used to switch back to the previous compiler.\nDeprecation cycle:\n- 1.8.20: the kotlin.useK2 Gradle property is deprecated\n- 2.0.0: the kotlin.useK2 Gradle property is removed\n","pageTitle":"Remove kotlin.useK2 Gradle property","metaDescription":"","type":"Documentation","breadcrumbs":"Other resources///Kotlin compatibility guides","root":0,"depth":2}