{"objectID":"_compatibility_guide_20.html#ignore_unsafevariance_annotations_on_parameters_in_invariant_types","parent":"_compatibility_guide_20.html#basic_terms","pageViews":0,"url":"https://kotlinlang.org/docs/compatibility-guide-20.html#ignore-unsafevariance-annotations-on-parameters-in-invariant-types","mainTitle":"Compatibility guide for Kotlin 2.0","product":"","headings":"Compatibility guide for Kotlin 2.0,Ignore @UnsafeVariance annotations on parameters in invariant types","content":"Issue: KT-57609\nComponent: Core language\nIncompatible change type: source\nDeprecation cycle:\n- 2.0.0: implement new behavior; the @UnsafeVariance annotation is ignored when reporting errors about type mismatch in contravariant parameters\n","pageTitle":"Ignore @UnsafeVariance annotations on parameters in invariant types","metaDescription":"","type":"Documentation","breadcrumbs":"Other resources///Kotlin compatibility guides","root":0,"depth":2}