{"objectID":"_compatibility_guide_16.html#type_nullability_enhancement_improvements","parent":"_compatibility_guide_16.html#basic_terms","pageViews":0,"url":"https://kotlinlang.org/docs/compatibility-guide-16.html#type-nullability-enhancement-improvements","mainTitle":"Compatibility guide for Kotlin 1.6","product":"","headings":"Compatibility guide for Kotlin 1.6,Type nullability enhancement improvements","content":"Issue: KT-48623\nComponent: Kotlin/JVM\nIncompatible change type: source\nShort summary: Kotlin 1.7 will change how it loads and interprets type nullability annotations in Java code\nDeprecation cycle:\n- 1.4.30: introduce warnings for cases where more precise type nullability could lead to an error\n- 1.7.0: infer more precise nullability of Java types, -XXLanguage:-TypeEnhancementImprovementsInStrictMode can be used to temporarily revert to the pre-1.7 behavior\n","pageTitle":"Type nullability enhancement improvements","metaDescription":"","type":"Documentation","breadcrumbs":"Other resources///Kotlin compatibility guides","root":0,"depth":2}