{"objectID":"_compatibility_guide_15.html#change_implementation_strategy_of_sam_conversion_from_anonymous_class_based_to_invokedynamic","parent":"_compatibility_guide_15.html#basic_terms","pageViews":0,"url":"https://kotlinlang.org/docs/compatibility-guide-15.html#change-implementation-strategy-of-sam-conversion-from-anonymous-class-based-to-invokedynamic","mainTitle":"Compatibility guide for Kotlin 1.5","product":"","headings":"Compatibility guide for Kotlin 1.5,Change implementation strategy of SAM conversion from anonymous class-based to invokedynamic","content":"Issue: KT-44912\nComponent: Kotlin/JVM\nIncompatible change type: behavioral\nShort summary: Since Kotlin 1.5, implementation strategy of SAM (single abstract method) conversion will be changed from generating an anonymous class to using the invokedynamic JVM instruction\nDeprecation cycle:\n- 1.5: change implementation strategy of SAM conversion, -Xsam-conversions\u003dclass can be used to revert implementation scheme to the one that used before\n","pageTitle":"Change implementation strategy of SAM conversion from anonymous class-based to invokedynamic","metaDescription":"","type":"Documentation","breadcrumbs":"Other resources///Kotlin compatibility guides","root":0,"depth":2}