{"objectID":"_components_stability.html#language_features_and_design_proposals","parent":"_components_stability.html#stability_levels_explained","pageViews":0,"url":"https://kotlinlang.org/docs/components-stability.html#language-features-and-design-proposals","mainTitle":"Stability of Kotlin components","product":"","headings":"Stability of Kotlin components,Language features and design proposals","content":"For language features and new design proposals, see .\n","pageTitle":"Language features and design proposals","metaDescription":"","type":"Documentation","breadcrumbs":"Kotlin evolution and roadmap","root":0,"depth":1}