{"objectID":"_components_stability.html#kotlin_compiler","parent":"_components_stability.html#stability_levels_explained","pageViews":0,"url":"https://kotlinlang.org/docs/components-stability.html#kotlin-compiler","mainTitle":"Stability of Kotlin components","product":"","headings":"Stability of Kotlin components,Kotlin compiler","content":"Component Status Status since version Comments\nKotlin/JVM Stable 1.0.0\nKotlin/Native Stable 1.9.0\nKotlin/JS Stable 1.3.0\nKotlin/Wasm Alpha 1.9.20\nAnalysis API Stable\n","pageTitle":"Kotlin compiler","metaDescription":"","type":"Documentation","breadcrumbs":"Kotlin evolution and roadmap","root":0,"depth":1}