{"objectID":"_compatibility_guide_20.html#change_qualifier_resolution_behavior_to_prefer_companion_property_over_enum_entry","parent":"_compatibility_guide_20.html#basic_terms","pageViews":0,"url":"https://kotlinlang.org/docs/compatibility-guide-20.html#change-qualifier-resolution-behavior-to-prefer-companion-property-over-enum-entry","mainTitle":"Compatibility guide for Kotlin 2.0","product":"","headings":"Compatibility guide for Kotlin 2.0,Change qualifier resolution behavior to prefer companion property over enum entry","content":"Issue: KT-47310\nComponent: Core language\nIncompatible change type: source\nDeprecation cycle:\n- 2.0.0: implement new resolution behavior; companion property is preferred over enum entry\n","pageTitle":"Change qualifier resolution behavior to prefer companion property over enum entry","metaDescription":"","type":"Documentation","breadcrumbs":"Other resources///Kotlin compatibility guides","root":0,"depth":2}