{"objectID":"_compiler_reference.html#script","parent":"_compiler_reference.html#compiler_options","pageViews":0,"url":"https://kotlinlang.org/docs/compiler-reference.html#script","mainTitle":"Kotlin compiler options","product":"","headings":"Kotlin compiler options,-script","content":"Evaluate a Kotlin script file. When called with this option, the compiler executes the first Kotlin script (*.kts) file among the given arguments.\n","pageTitle":"-script","metaDescription":"","type":"Documentation","breadcrumbs":"Compiler and plugins///Kotlin compiler","root":0,"depth":2}