{"objectID":"_configure_build_for_eap.html#","parent":"_configure_build_for_eap.html#configure_in_gradle","pageViews":0,"url":"https://kotlinlang.org/docs/configure-build-for-eap.html","mainTitle":"Configure your build for EAP","product":"","headings":"Configure your build for EAP","content":"Latest Kotlin EAP release: 2.2.0-RC3\nExplore Kotlin EAP release details\n","pageTitle":"Configure your build for EAP","metaDescription":"","type":"Documentation","breadcrumbs":"Early access preview (EAP)","root":0,"depth":1}