{"objectID":"_constructing_collections.html#empty_collections","parent":"_constructing_collections.html#construct_from_elements","pageViews":0,"url":"https://kotlinlang.org/docs/constructing-collections.html#empty-collections","mainTitle":"Constructing collections","product":"","headings":"Constructing collections,Empty collections","content":"There are also functions for creating collections without any elements: emptyList(), emptySet(), and emptyMap(). When creating empty collections, you should specify the type of elements that the collection will hold.\nval empty \u003d emptyList\u0026lt;String\u0026gt;()\n","pageTitle":"Empty collections","metaDescription":"","type":"Documentation","breadcrumbs":"Standard library///Collections","root":0,"depth":2}