{"objectID":"_constructing_collections.html#concrete_type_constructors","parent":"_constructing_collections.html#construct_from_elements","pageViews":0,"url":"https://kotlinlang.org/docs/constructing-collections.html#concrete-type-constructors","mainTitle":"Constructing collections","product":"","headings":"Constructing collections,Concrete type constructors","content":"To create a concrete type collection, such as an ArrayList or LinkedList, you can use the available constructors for these types. Similar constructors are available for implementations of Set and Map.\nval linkedList \u003d LinkedList\u0026lt;String\u0026gt;(listOf(\"one\", \"two\", \"three\"))\nval presizedSet \u003d HashSet\u0026lt;Int\u0026gt;(32)\n","pageTitle":"Concrete type constructors","metaDescription":"","type":"Documentation","breadcrumbs":"Standard library///Collections","root":0,"depth":2}