{"objectID":"_contribute.html#","parent":"_contribute.html#participate_in_early_access_preview","pageViews":0,"url":"https://kotlinlang.org/docs/contribute.html","mainTitle":"Contribution","product":"","headings":"Contribution","content":"Kotlin is an open-source project under the Apache 2.0 License. The source code, tooling, documentation, and even this website are maintained on GitHub. Kotlin is developed by JetBrains, but we are always on the lookout for more people to help us.\n","pageTitle":"Contribution","metaDescription":"","type":"Documentation","breadcrumbs":"Other resources///Community","root":0,"depth":2}