{"objectID":"_data_analysis_libraries.html#","parent":"_data_analysis_libraries.html#kotlin_libraries","pageViews":0,"url":"https://kotlinlang.org/docs/data-analysis-libraries.html","mainTitle":"Kotlin and Java libraries for data analysis","product":"","headings":"Kotlin and Java libraries for data analysis","content":"From data collection to model building, Kotlin offers robust libraries facilitating different tasks in the data pipeline.\nIn addition to its own libraries, Kotlin is 100% interoperable with Java. This interoperability helps to leverage the entire ecosystem of tried-and-true Java libraries with excellent performance. With this perk, you can easily use either Kotlin or Java libraries when working on Kotlin data projects.\n","pageTitle":"Kotlin and Java libraries for data analysis","metaDescription":"","type":"Documentation","breadcrumbs":"Data analysis","root":0,"depth":1}