{"objectID":"_delegated_properties.html#standard_delegates","parent":"_delegated_properties.html#standard_delegates","pageViews":0,"url":"https://kotlinlang.org/docs/delegated-properties.html#standard-delegates","mainTitle":"Delegated properties","product":"","headings":"Delegated properties,Standard delegates","content":"The Kotlin standard library provides factory methods for several useful kinds of delegates.\n","pageTitle":"Standard delegates","metaDescription":"","type":"Documentation","breadcrumbs":"Concepts///Classes and objects","root":0,"depth":2}