{"objectID":"_destructuring_declarations.html#","parent":"_destructuring_declarations.html#example_returning_two_values_from_a_function","pageViews":0,"url":"https://kotlinlang.org/docs/destructuring-declarations.html","mainTitle":"Destructuring declarations","product":"","headings":"Destructuring declarations","content":"Sometimes it is convenient to destructure an object into a number of variables, for example:\nval (name, age) \u003d person \nThis syntax is called a destructuring declaration. A destructuring declaration creates multiple variables at once. You have declared two new variables: name and age, and can use them independently:\nprintln(name)\nprintln(age)\nA destructuring declaration is compiled down to the following code:\nval name \u003d person.component1()\nval age \u003d person.component2()\nThe component1() and component2() functions are another example of the principle of conventions widely used in Kotlin (see operators like + and *, for-loops as an example). Anything can be on the right-hand side of a destructuring declaration, as long as the required number of component functions can be called on it. And, of course, there can be component3() and component4() and so on.\nThe componentN() functions need to be marked with the operator keyword to allow using them in a destructuring declaration.\nDestructuring declarations also work in for-loops:\nfor ((a, b) in collection) { ... }\nVariables a and b get the values returned by component1() and component2() called on elements of the collection.\n","pageTitle":"Destructuring declarations","metaDescription":"","type":"Documentation","breadcrumbs":"Concepts","root":0,"depth":1}