{"objectID":"_enum_classes.html#working_with_enum_constants","parent":"_enum_classes.html#anonymous_classes","pageViews":0,"url":"https://kotlinlang.org/docs/enum-classes.html#working-with-enum-constants","mainTitle":"Enum classes","product":"","headings":"Enum classes,Working with enum constants","content":"Enum classes in Kotlin have synthetic properties and methods for listing the defined enum constants and getting an enum constant by its name. The signatures of these methods are as follows (assuming the name of the enum class is EnumClass):\nEnumClass.valueOf(value: String): EnumClass\nEnumClass.entries: EnumEntries\u0026lt;EnumClass\u0026gt; // specialized List\u0026lt;EnumClass\u0026gt;\nBelow is an example of them in action:\nenum class RGB { RED, GREEN, BLUE }\n\nfun main() {\n    for (color in RGB.entries) println(color.toString()) // prints RED, GREEN, BLUE\n    println(\"The first color is: ${RGB.valueOf(\"RED\")}\") // prints \"The first color is: RED\"\n}\nThe valueOf() method throws an IllegalArgumentException if the specified name does not match any of the enum constants defined in the class.\nPrior to the introduction of entries in Kotlin 1.9.0, the values() function was used to retrieve an array of enum constants.\nEvery enum constant also has properties: name and ordinal, for obtaining its name and position (starting from 0) in the enum class declaration:\nenum class RGB { RED, GREEN, BLUE }\n\nfun main() {\n    //sampleStart\n    println(RGB.RED.name)    // prints RED\n    println(RGB.RED.ordinal) // prints 0\n    //sampleEnd\n}\nYou can access the constants in an enum class in a generic way using the enumValues\u0026lt;T\u0026gt;() and enumValueOf\u0026lt;T\u0026gt;() functions. In Kotlin 2.0.0, the enumEntries\u0026lt;T\u0026gt;() function is introduced as a replacement for the enumValues\u0026lt;T\u0026gt;() function. The enumEntries\u0026lt;T\u0026gt;() function returns a list of all enum entries for the given enum type T.\nThe enumValues\u0026lt;T\u0026gt;() function is still supported, but we recommend that you use the enumEntries\u0026lt;T\u0026gt;() function instead because it has less performance impact. Every time you call enumValues\u0026lt;T\u0026gt;() a new array is created, whereas whenever you call enumEntries\u0026lt;T\u0026gt;() the same list is returned each time, which is far more efficient.\nFor example:\nenum class RGB { RED, GREEN, BLUE }\n\ninline fun \u0026lt;reified T : Enum\u0026lt;T\u0026gt;\u0026gt; printAllValues() {\n    println(enumEntries\u0026lt;T\u0026gt;().joinToString { it.name })\n}\n\nprintAllValues\u0026lt;RGB\u0026gt;() \n// RED, GREEN, BLUE\nFor more information about inline functions and reified type parameters, see Inline functions.\n","pageTitle":"Working with enum constants","metaDescription":"","type":"Documentation","breadcrumbs":"Concepts///Classes and objects","root":0,"depth":2}