{"objectID":"_equality.html#floating_point_numbers_equality","parent":"_equality.html#structural_equality","pageViews":0,"url":"https://kotlinlang.org/docs/equality.html#floating-point-numbers-equality","mainTitle":"Equality","product":"","headings":"Equality,Floating-point numbers equality","content":"When the operands of an equality check are statically known to be Float or Double (nullable or not), the check follows the IEEE 754 Standard for Floating-Point Arithmetic.\nThe behavior is different for operands that are not statically typed as floating-point numbers. In these cases, structural equality is implemented. As a result, checks with operands not statically typed as floating-point numbers differ from the IEEE standard. In this scenario:\n- NaN is equal to itself\n- NaN is greater than any other element (including POSITIVE_INFINITY)\n- -0.0 is not equal to 0.0\nFor more information, see Floating-point numbers comparison.\n","pageTitle":"Floating-point numbers equality","metaDescription":"","type":"Documentation","breadcrumbs":"Concepts","root":0,"depth":1}