{"objectID":"_exceptions.html#throw_exceptions","parent":"_exceptions.html#throw_exceptions","pageViews":0,"url":"https://kotlinlang.org/docs/exceptions.html#throw-exceptions","mainTitle":"Exceptions","product":"","headings":"Exceptions,Throw exceptions","content":"You can manually throw exceptions with the throw keyword. Throwing an exception indicates that an unexpected runtime error has occurred in the code. Exceptions are objects, and throwing one creates an instance of an exception class.\nYou can throw an exception without any parameters:\nthrow IllegalArgumentException()\nTo better understand the source of the problem, include additional information, such as a custom message and the original cause:\nval cause \u003d IllegalStateException(\"Original cause: illegal state\")\n\n// Throws an IllegalArgumentException if userInput is negative \n// Additionally, it shows the original cause, represented by the cause IllegalStateException\nif (userInput \u0026lt; 0) {\n    throw IllegalArgumentException(\"Input must be non-negative\", cause)\n}\nIn this example, an IllegalArgumentException is thrown when the user inputs a negative value. You can create custom error messages and keep the original cause (cause) of the exception, which will be included in the stack trace.\n","pageTitle":"Throw exceptions","metaDescription":"","type":"Documentation","breadcrumbs":"Concepts///Control flow","root":0,"depth":2}