{"objectID":"_exceptions.html#throw_exceptions_with_precondition_functions","parent":"_exceptions.html#throw_exceptions","pageViews":0,"url":"https://kotlinlang.org/docs/exceptions.html#throw-exceptions-with-precondition-functions","mainTitle":"Exceptions","product":"","headings":"Exceptions,Throw exceptions with precondition functions","content":"Kotlin offers additional ways to automatically throw exceptions using precondition functions. Precondition functions include:\nPrecondition function Use case Exception thrown\nrequire() Checks user input validity IllegalArgumentException\ncheck() Checks object or variable state validity IllegalStateException\nerror() Indicates an illegal state or condition IllegalStateException\nThese functions are suitable for situations where the program\u0027s flow cannot continue if specific conditions aren\u0027t met. This streamlines your code and makes handling these checks efficient.\n","pageTitle":"Throw exceptions with precondition functions","metaDescription":"","type":"Documentation","breadcrumbs":"Concepts///Control flow","root":0,"depth":2}