{"objectID":"_faq.html#is_kotlin_compatible_with_the_java_programming_language","parent":"_faq.html#what_is_kotlin","pageViews":0,"url":"https://kotlinlang.org/docs/faq.html#is-kotlin-compatible-with-the-java-programming-language","mainTitle":"FAQ","product":"","headings":"FAQ,Is Kotlin compatible with the Java programming language?","content":"Yes. Kotlin is 100% interoperable with the Java programming language, and major emphasis has been placed on making sure that your existing codebase can interact properly with Kotlin. You can easily call Kotlin code from Java and Java code from Kotlin. This makes adoption much easier and lower-risk. There\u0027s also an automated Java-to-Kotlin converter built into the IDE that simplifies migration of existing code.\n","pageTitle":"Is Kotlin compatible with the Java programming language?","metaDescription":"","type":"Documentation","breadcrumbs":"Other resources","root":0,"depth":1}