{"objectID":"_generics.html#type_erasure","parent":"_generics.html#variance","pageViews":0,"url":"https://kotlinlang.org/docs/generics.html#type-erasure","mainTitle":"Generics: in, out, where","product":"","headings":"Generics: in, out, where,Type erasure","content":"The type safety checks that Kotlin performs for generic declaration usages are done at compile time. At runtime, the instances of generic types do not hold any information about their actual type arguments. The type information is said to be erased. For example, the instances of Foo\u0026lt;Bar\u0026gt; and Foo\u0026lt;Baz?\u0026gt; are erased to just Foo\u0026lt;*\u0026gt;.\n","pageTitle":"Type erasure","metaDescription":"","type":"Documentation","breadcrumbs":"Concepts///Classes and objects","root":0,"depth":2}