{"objectID":"_get_started_with_jvm_gradle_project.html#what_s_next","parent":"_get_started_with_jvm_gradle_project.html#create_a_project","pageViews":0,"url":"https://kotlinlang.org/docs/get-started-with-jvm-gradle-project.html#what-s-next","mainTitle":"Get started with Gradle and Kotlin/JVM","product":"","headings":"Get started with Gradle and Kotlin/JVM,What\u0027s next?","content":"Learn more about:\n- Gradle build file properties.\n- Targeting different platforms and setting library dependencies.\n- Compiler options and how to pass them.\n- Incremental compilation, caches support, build reports, and the Kotlin daemon.\n","pageTitle":"What\u0027s next?","metaDescription":"","type":"Documentation","breadcrumbs":"Tools///Build tools///Gradle","root":0,"depth":3}