{"objectID":"_getting_started.html#join_the_kotlin_community","parent":"_getting_started.html#install_kotlin","pageViews":0,"url":"https://kotlinlang.org/docs/getting-started.html#join-the-kotlin-community","mainTitle":"Get started with Kotlin","product":"","headings":"Get started with Kotlin,Join the Kotlin community","content":"Stay in the loop with the latest updates across the Kotlin ecosystem and share your experience.\n- Join us on:\n- Slack Slack: get an invite.\n- StackOverflow StackOverflow: subscribe to the \u0026quot;kotlin\u0026quot; tag.\n- Follow Kotlin on YouTube Youtube, Twitter Twitter, Bluesky Bluesky, and Reddit Reddit.\n- Subscribe to Kotlin news.\nIf you encounter any difficulties or problems, report an issue in our issue tracker.\n","pageTitle":"Join the Kotlin community","metaDescription":"","type":"Documentation","breadcrumbs":"","root":0,"depth":0}