{"objectID":"_gradle_compiler_options.html#","parent":"_gradle_compiler_options.html#how_to_define_options","pageViews":0,"url":"https://kotlinlang.org/docs/gradle-compiler-options.html","mainTitle":"Compiler options in the Kotlin Gradle plugin","product":"","headings":"Compiler options in the Kotlin Gradle plugin","content":"Each release of Kotlin includes compilers for the supported targets: JVM, JavaScript, and native binaries for supported platforms.\nThese compilers are used by:\n- The IDE, when you click the Compile or Run button for your Kotlin project.\n- Gradle, when you call gradle build in a console or in the IDE.\n- Maven, when you call mvn compile or mvn test-compile in a console or in the IDE.\nYou can also run Kotlin compilers manually from the command line as described in the Working with command-line compiler tutorial.\n","pageTitle":"Compiler options in the Kotlin Gradle plugin","metaDescription":"","type":"Documentation","breadcrumbs":"Tools///Build tools///Gradle","root":0,"depth":3}