{"objectID":"_gsoc_2023.html#kotlin_multiplatform_protobufs_hard_350_hrs","parent":"_gsoc_2023.html#project_ideas","pageViews":0,"url":"https://kotlinlang.org/docs/gsoc-2023.html#kotlin-multiplatform-protobufs-hard-350-hrs","mainTitle":"Google Summer of Code with Kotlin 2023","product":"","headings":"Google Summer of Code with Kotlin 2023,Kotlin Multiplatform protobufs [Hard, 350 hrs]","content":"Description\nAdd support for Kotlin/Common protos to protoc with Kotlin/Native (iOS) runtime and Objective-C interop.\nMotivation\nWhile protobufs have many platform implementations, there isn\u0027t a way to use them in Kotlin Multiplatform projects.\nExpected outcomes\nDesign and build Kotlin Multiplatform Protobuf support, culminating in contributions to:\n- GitHub – protocolbuffers/protobuf: Protocol Buffers – Google\u0027s data interchange format\n- GitHub – google/protobuf-gradle-plugin\n- Kotlin Multiplatform Gradle Plugin\nSkills required (preferred)\n- Kotlin\n- Objective-C\n- C++\n","pageTitle":"Kotlin Multiplatform protobufs [Hard, 350 hrs]","metaDescription":"","type":"Documentation","breadcrumbs":"Other resources///Google Summer of Code","root":0,"depth":2}