{"objectID":"_gsoc_2024.html#incremental_compilation_for_the_kotlin_to_webassembly_compiler_hard_350_hrs","parent":"_gsoc_2024.html#kotlin_contributor_guidelines_for_google_summer_of_code_gsoc","pageViews":0,"url":"https://kotlinlang.org/docs/gsoc-2024.html#incremental-compilation-for-the-kotlin-to-webassembly-compiler-hard-350-hrs","mainTitle":"Google Summer of Code with Kotlin 2024","product":"","headings":"Google Summer of Code with Kotlin 2024,Incremental compilation for the Kotlin-to-WebAssembly compiler [Hard, 350 hrs]","content":"Incremental compilation is a technique that helps increase compilation speed by recompiling only changed files instead of your whole program (also known as performing a clean build). The Kotlin-to-Wasm compiler currently supports only clean builds, but during this project, we will enhance it to support incremental compilation, too.\nExpected outcomes\nImplementation of the incremental compilation feature in the Kotlin-to-WebAssembly compiler, contributing to faster development workflows.\nSkills required (preferred)\nKotlin\nPossible mentor\nArtem Kobzar, JetBrains\n","pageTitle":"Incremental compilation for the Kotlin-to-WebAssembly compiler [Hard, 350 hrs]","metaDescription":"","type":"Documentation","breadcrumbs":"Other resources///Google Summer of Code","root":0,"depth":2}