{"objectID":"_home.html#","parent":"_home.html#","pageViews":0,"url":"https://kotlinlang.org/docs/home.html","mainTitle":"Kotlin Docs","product":"","headings":"Kotlin Docs,Featured topics","content":"Latest stable version: 2.1.21 Get started with Kotlin Try Kotlin online Basic syntax Kotlin tour Kotlin Multiplatform overview Kotlin Multiplatform Wizard Get started with Kotlin Multiplatform Get started with Compose Multiplatform What\u0027s new in Kotlin 2.1.20 Kotlin releases Standard library API reference Basic types Collections Coroutines ","pageTitle":"Featured topics","metaDescription":"","type":"Documentation","breadcrumbs":"","root":0,"depth":0}