{"objectID":"_java_to_kotlin_idioms_strings.html#replace_occurrences","parent":"_java_to_kotlin_idioms_strings.html#concatenate_strings","pageViews":0,"url":"https://kotlinlang.org/docs/java-to-kotlin-idioms-strings.html#replace-occurrences","mainTitle":"Strings in Java and Kotlin","product":"","headings":"Strings in Java and Kotlin,Replace occurrences","content":"In Java, you can use the Pattern and the Matcher classes, for example, to obfuscate some data:\n// Java\nString input \u003d \"login: Pokemon5, password: 1q2w3e4r5t\";\nPattern pattern \u003d Pattern.compile(\"\\\\w*\\\\d+\\\\w*\");\nMatcher matcher \u003d pattern.matcher(input);\nString replacementResult \u003d matcher.replaceAll(it -\u0026gt; \"xxx\");\nSystem.out.println(\"Initial input: \u0027\" + input + \"\u0027\");\nSystem.out.println(\"Anonymized input: \u0027\" + replacementResult + \"\u0027\");\nIn Kotlin, you use the Regex class that simplifies working with regular expressions. Additionally, use multiline strings to simplify a regex pattern by reducing the count of backslashes:\nfun main() {\n//sampleStart\n    // Kotlin\n    val regex \u003d Regex(\"\"\"\\w*\\d+\\w*\"\"\") // multiline string\n    val input \u003d \"login: Pokemon5, password: 1q2w3e4r5t\"\n    val replacementResult \u003d regex.replace(input, replacement \u003d \"xxx\")\n    println(\"Initial input: \u0027$input\u0027\")\n    println(\"Anonymized input: \u0027$replacementResult\u0027\")\n//sampleEnd\n}\n","pageTitle":"Replace occurrences","metaDescription":"","type":"Documentation","breadcrumbs":"Platforms///JVM///Java to Kotlin migration guides","root":0,"depth":3}