{"objectID":"_javascript_dce.html#disable_dce","parent":"_javascript_dce.html#dce_and_javascript_ir_compiler","pageViews":0,"url":"https://kotlinlang.org/docs/javascript-dce.html#disable-dce","mainTitle":"Kotlin/JS dead code elimination","product":"","headings":"Kotlin/JS dead code elimination,Disable DCE","content":"To turn off DCE completely, use the devMode option in the dceTask:\nkotlin {\n    js {\n        browser {\n            dceTask {\n                dceOptions.devMode \u003d true\n            }\n        }\n        binaries.executable()\n    }\n}\n","pageTitle":"Disable DCE","metaDescription":"","type":"Documentation","breadcrumbs":"Platforms///JavaScript","root":0,"depth":2}