{"objectID":"_java_interop.html#checked_exceptions","parent":"_java_interop.html#getters_and_setters","pageViews":0,"url":"https://kotlinlang.org/docs/java-interop.html#checked-exceptions","mainTitle":"Calling Java from Kotlin","product":"","headings":"Calling Java from Kotlin,Checked exceptions","content":"In Kotlin, all exceptions are unchecked, meaning that the compiler does not force you to catch any of them. So, when you call a Java method that declares a checked exception, Kotlin does not force you to do anything:\nfun render(list: List\u0026lt;*\u0026gt;, to: Appendable) {\n    for (item in list) {\n        to.append(item.toString()) // Java would require us to catch IOException here\n    }\n}\n","pageTitle":"Checked exceptions","metaDescription":"","type":"Documentation","breadcrumbs":"Platforms///JVM","root":0,"depth":2}