{"objectID":"_java_to_kotlin_collections_guide.html#filter_elements_by_type","parent":"_java_to_kotlin_collections_guide.html#operations_that_are_the_same_in_java_and_kotlin","pageViews":0,"url":"https://kotlinlang.org/docs/java-to-kotlin-collections-guide.html#filter-elements-by-type","mainTitle":"Collections in Java and Kotlin","product":"","headings":"Collections in Java and Kotlin,Filter elements by type","content":"In Java, to filter elements by type and perform actions on them, you need to check their types with the instanceof operator and then do the type cast:\n// Java\npublic void objectIsInstance() {\n    var numbers \u003d new ArrayList\u0026lt;\u0026gt;();\n    numbers.add(null);\n    numbers.add(1);\n    numbers.add(\"two\");\n    numbers.add(3.0);\n    numbers.add(\"four\");\n    System.out.println(\"All String elements in upper case:\");\n    numbers.stream().filter(it -\u0026gt; it instanceof String)\n        .forEach( it -\u0026gt; System.out.println(((String) it).toUpperCase()));\n}\nIn Kotlin, you just call filterIsInstance\u0026lt;NEEDED_TYPE\u0026gt;() on your collection, and the type cast is done by Smart casts:\n// Kotlin\nfun main() {\n//sampleStart\n    // Kotlin\n    val numbers \u003d listOf(null, 1, \"two\", 3.0, \"four\")\n    println(\"All String elements in upper case:\")\n    numbers.filterIsInstance\u0026lt;String\u0026gt;().forEach {\n        println(it.uppercase())\n    }\n//sampleEnd\n}\n","pageTitle":"Filter elements by type","metaDescription":"","type":"Documentation","breadcrumbs":"Platforms///JVM///Java to Kotlin migration guides","root":0,"depth":3}