{"objectID":"_java_to_kotlin_interop.html#","parent":"_java_to_kotlin_interop.html#properties","pageViews":0,"url":"https://kotlinlang.org/docs/java-to-kotlin-interop.html","mainTitle":"Calling Kotlin from Java","product":"","headings":"Calling Kotlin from Java","content":"Kotlin code can be easily called from Java. For example, instances of a Kotlin class can be seamlessly created and operated in Java methods. However, there are certain differences between Java and Kotlin that require attention when integrating Kotlin code into Java. On this page, we\u0027ll describe the ways to tailor the interop of your Kotlin code with its Java clients.\n","pageTitle":"Calling Kotlin from Java","metaDescription":"","type":"Documentation","breadcrumbs":"Platforms///JVM","root":0,"depth":2}