{"objectID":"_java_to_kotlin_interop.html#handling_signature_clashes_with_jvmname","parent":"_java_to_kotlin_interop.html#properties","pageViews":0,"url":"https://kotlinlang.org/docs/java-to-kotlin-interop.html#handling-signature-clashes-with-jvmname","mainTitle":"Calling Kotlin from Java","product":"","headings":"Calling Kotlin from Java,Handling signature clashes with @JvmName","content":"Sometimes we have a named function in Kotlin, for which we need a different JVM name in the bytecode. The most prominent example happens due to type erasure:\nfun List\u0026lt;String\u0026gt;.filterValid(): List\u0026lt;String\u0026gt;\nfun List\u0026lt;Int\u0026gt;.filterValid(): List\u0026lt;Int\u0026gt;\nThese two functions can not be defined side-by-side, because their JVM signatures are the same: filterValid(Ljava/util/List;)Ljava/util/List;. If we really want them to have the same name in Kotlin, we can annotate one (or both) of them with @JvmName and specify a different name as an argument:\nfun List\u0026lt;String\u0026gt;.filterValid(): List\u0026lt;String\u0026gt;\n\n@JvmName(\"filterValidInt\")\nfun List\u0026lt;Int\u0026gt;.filterValid(): List\u0026lt;Int\u0026gt;\nFrom Kotlin they will be accessible by the same name filterValid, but from Java it will be filterValid and filterValidInt.\nThe same trick applies when we need to have a property x alongside with a function getX():\nval x: Int\n    @JvmName(\"getX_prop\")\n    get() \u003d 15\n\nfun getX() \u003d 10\nTo change the names of generated accessor methods for properties without explicitly implemented getters and setters, you can use @get:JvmName and @set:JvmName:\n@get:JvmName(\"x\")\n@set:JvmName(\"changeX\")\nvar x: Int \u003d 23\n","pageTitle":"Handling signature clashes with @JvmName","metaDescription":"","type":"Documentation","breadcrumbs":"Platforms///JVM","root":0,"depth":2}