{"objectID":"_javascript_dce.html#dce_and_javascript_ir_compiler","parent":"_javascript_dce.html#dce_and_javascript_ir_compiler","pageViews":0,"url":"https://kotlinlang.org/docs/javascript-dce.html#dce-and-javascript-ir-compiler","mainTitle":"Kotlin/JS dead code elimination","product":"","headings":"Kotlin/JS dead code elimination,DCE and JavaScript IR compiler","content":"The application of DCE with the IR compiler is as follows:\n- DCE is disabled when compiling for development, which corresponds to the following Gradle tasks:\n- browserDevelopmentRun\n- browserDevelopmentWebpack\n- nodeDevelopmentRun\n- compileDevelopmentExecutableKotlinJs\n- compileDevelopmentLibraryKotlinJs\n- Other Gradle tasks including \u0026quot;development\u0026quot; in their name\n- DCE is enabled when compiling for production, which corresponds to the following Gradle tasks:\n- browserProductionRun\n- browserProductionWebpack\n- compileProductionExecutableKotlinJs\n- compileProductionLibraryKotlinJs\n- Other Gradle tasks including \u0026quot;production\u0026quot; in their name\nWith the @JsExport annotation, you can specify the declarations you want DCE to treat as roots.\n","pageTitle":"DCE and JavaScript IR compiler","metaDescription":"","type":"Documentation","breadcrumbs":"Platforms///JavaScript","root":0,"depth":2}