{"objectID":"_js_reflection.html#","parent":"_js_reflection.html#class_references","pageViews":0,"url":"https://kotlinlang.org/docs/js-reflection.html","mainTitle":"Kotlin/JS reflection","product":"","headings":"Kotlin/JS reflection","content":"Kotlin/JS provides a limited support for the Kotlin reflection API. The only supported parts of the API are:\n- Class references (::class)\n- KType and typeof()\n- KClass and createInstance()\n","pageTitle":"Kotlin/JS reflection","metaDescription":"","type":"Documentation","breadcrumbs":"Platforms///JavaScript///Kotlin for the JS platform","root":0,"depth":3}