{"objectID":"_js_react.html#join_the_community_and_get_help","parent":"_js_react.html#before_you_start","pageViews":0,"url":"https://kotlinlang.org/docs/js-react.html#join-the-community-and-get-help","mainTitle":"Build a web application with React and Kotlin/JS — tutorial","product":"","headings":"Build a web application with React and Kotlin/JS — tutorial,Join the community and get help","content":"The best way to report problems and get help is the kotlin-wrappers issue tracker. If you can\u0027t find a ticket for your issue, feel free to file a new one. You can also join the official Kotlin Slack. There are channels for #javascript and #react.\n","pageTitle":"Join the community and get help","metaDescription":"","type":"Documentation","breadcrumbs":"Platforms///JavaScript","root":0,"depth":2}