{"objectID":"_k2_compiler_migration_guide.html#backend_only_compiler_plugins","parent":"_k2_compiler_migration_guide.html#performance_improvements","pageViews":0,"url":"https://kotlinlang.org/docs/k2-compiler-migration-guide.html#backend-only-compiler-plugins","mainTitle":"K2 compiler migration guide","product":"","headings":"K2 compiler migration guide,Backend-only compiler plugins","content":"If your plugin implements only IrGenerationExtension extension points, the process is the same as for any other new compiler release. Check if there are any changes to the API that you use and make changes if necessary.\n","pageTitle":"Backend-only compiler plugins","metaDescription":"","type":"Documentation","breadcrumbs":"Compiler and plugins///Kotlin compiler","root":0,"depth":2}