{"objectID":"_k2_compiler_migration_guide.html#functional_sam_interfaces","parent":"_k2_compiler_migration_guide.html#performance_improvements","pageViews":0,"url":"https://kotlinlang.org/docs/k2-compiler-migration-guide.html#functional-sam-interfaces","mainTitle":"K2 compiler migration guide","product":"","headings":"K2 compiler migration guide,Functional (SAM) interfaces","content":"Issue ID Title\nKT-52628 Deprecate SAM constructor usages which require OptIn without annotation\nKT-57014 Prohibit returning values with incorrect nullability from lambda for SAM constructor of JDK function interfaces\nKT-64342 SAM conversion of parameter types of callable references leads to CCE\n","pageTitle":"Functional (SAM) interfaces","metaDescription":"","type":"Documentation","breadcrumbs":"Compiler and plugins///Kotlin compiler","root":0,"depth":2}