{"objectID":"_k2_compiler_migration_guide.html#forbidden_use_of_inaccessible_generic_types","parent":"_k2_compiler_migration_guide.html#performance_improvements","pageViews":0,"url":"https://kotlinlang.org/docs/k2-compiler-migration-guide.html#forbidden-use-of-inaccessible-generic-types","mainTitle":"K2 compiler migration guide","product":"","headings":"K2 compiler migration guide,Forbidden use of inaccessible generic types","content":"What\u0027s changed?\nDue to the new architecture of our K2 compiler, we\u0027ve changed how we handle inaccessible generic types. Generally, you should never rely on inaccessible generic types in your code because this indicates a misconfiguration in your project\u0027s build configuration, preventing the compiler from accessing the necessary information to compile. In Kotlin 2.0.0, you can\u0027t declare or call a function literal with an inaccessible generic type, nor use a generic type with inaccessible generic type arguments. This restriction helps you avoid compiler errors later in your code.\nFor example, let\u0027s say that you declared a generic class in one module:\n// Module one\nclass Node\u0026lt;V\u0026gt;(val value: V)\nIf you have another module (module two) with a dependency configured on module one, your code can access the Node\u0026lt;V\u0026gt; class and use it as a type in function types:\n// Module two\nfun execute(func: (Node\u0026lt;Int\u0026gt;) -\u0026gt; Unit) {}\n// Function compiles successfully\nHowever, if your project is misconfigured such that you have a third module (module three) that depends only on module two, the Kotlin compiler won\u0027t be able to access the Node\u0026lt;V\u0026gt; class in module one when compiling the third module. Now, any lambdas or anonymous functions in module three that use the Node\u0026lt;V\u0026gt; type trigger errors in Kotlin 2.0.0, thus preventing avoidable compiler errors, crashes, and run-time exceptions later in your code:\n// Module three\nfun test() {\n    // Triggers an error in Kotlin 2.0.0, as the type of the implicit \n    // lambda parameter (it) resolves to Node, which is inaccessible\n    execute {}\n\n    // Triggers an error in Kotlin 2.0.0, as the type of the unused \n    // lambda parameter (_) resolves to Node, which is inaccessible\n    execute { _ -\u0026gt; }\n\n    // Triggers an error in Kotlin 2.0.0, as the type of the unused\n    // anonymous function parameter (_) resolves to Node, which is inaccessible\n    execute(fun (_) {})\n}\nIn addition to function literals triggering errors when they contain value parameters of inaccessible generic types, errors also occur when a type has an inaccessible generic type argument.\nFor example, you have the same generic class declaration in module one. In module two, you declare another generic class: Container\u0026lt;C\u0026gt;. In addition, you declare functions in module two that use Container\u0026lt;C\u0026gt; with generic class Node\u0026lt;V\u0026gt; as a type argument:\nModule one Module two\n// Module one\nclass Node\u0026lt;V\u0026gt;(val value: V)\n// Module two\nclass Container\u0026lt;C\u0026gt;(vararg val content: C)\n\n// Functions with generic class type that\n// also have a generic class type argument\nfun produce(): Container\u0026lt;Node\u0026lt;Int\u0026gt;\u0026gt; \u003d Container(Node(42))\nfun consume(arg: Container\u0026lt;Node\u0026lt;Int\u0026gt;\u0026gt;) {}\nIf you try to call these functions in module three, an error is triggered in Kotlin 2.0.0 because the generic class Node\u0026lt;V\u0026gt; is inaccessible from module three:\n// Module three\nfun test() {\n    // Triggers an error in Kotlin 2.0.0, as generic class Node\u0026lt;V\u0026gt; is \n    // inaccessible\n    consume(produce())\n}\nIn future releases we will continue to deprecate the use of inaccessible types in general. We have already started in Kotlin 2.0.0 by adding warnings for some scenarios with inaccessible types, including non-generic ones.\nFor example, let\u0027s use the same module setup as the previous examples, but turn the generic class Node\u0026lt;V\u0026gt; into a non-generic class IntNode, with all functions declared in module two:\nModule one Module two\n// Module one\nclass IntNode(val value: Int)\n// Module two\n// A function that contains a lambda \n// parameter with `IntNode` type\nfun execute(func: (IntNode) -\u0026gt; Unit) {}\n\nclass Container\u0026lt;C\u0026gt;(vararg val content: C)\n\n// Functions with generic class type\n// that has `IntNode` as a type argument\nfun produce(): Container\u0026lt;IntNode\u0026gt; \u003d Container(IntNode(42))\nfun consume(arg: Container\u0026lt;IntNode\u0026gt;) {}\nIf you call these functions in module three, some warnings are triggered:\n// Module three\nfun test() {\n    // Triggers warnings in Kotlin 2.0.0, as class IntNode is \n    // inaccessible.\n\n    execute {}\n    // Class \u0027IntNode\u0027 of the parameter \u0027it\u0027 is inaccessible.\n\n    execute { _ -\u0026gt; }\n    execute(fun (_) {})\n    // Class \u0027IntNode\u0027 of the parameter \u0027_\u0027 is inaccessible.\n\n    // Will trigger a warning in future Kotlin releases, as IntNode is\n    // inaccessible.\n    consume(produce())\n}\nWhat\u0027s the best practice now?\nIf you encounter new warnings regarding inaccessible generic types, it\u0027s highly likely that there\u0027s an issue with your build system configuration. We recommend checking your build scripts and configuration.\nAs a last resort, you can configure a direct dependency for module three on module one. Alternatively, you can modify your code to make the types accessible within the same module.\nFor more information, see the corresponding issue in YouTrack.\n","pageTitle":"Forbidden use of inaccessible generic types","metaDescription":"","type":"Documentation","breadcrumbs":"Compiler and plugins///Kotlin compiler","root":0,"depth":2}