{"objectID":"_kotlin_tour_intermediate_lambdas_receiver.html#lambda_receivers_exercise_3","parent":"_kotlin_tour_intermediate_lambdas_receiver.html#lambda_expressions_with_receiver","pageViews":0,"url":"https://kotlinlang.org/docs/kotlin-tour-intermediate-lambdas-receiver.html#lambda-receivers-exercise-3","mainTitle":"Intermediate: Lambda expressions with receiver","product":"","headings":"Intermediate: Lambda expressions with receiver,Exercise 3","content":"Write a function that creates a copy of a list of integers where every element is incremented by 1. Use the provided function skeleton that extends List\u0026lt;Int\u0026gt; with an incremented function.\nfun List\u0026lt;Int\u0026gt;.incremented(): List\u0026lt;Int\u0026gt; {\n    val originalList \u003d this\n    return buildList {\n        // Write your code here\n    }\n}\n\nfun main() {\n    val originalList \u003d listOf(1, 2, 3)\n    val newList \u003d originalList.incremented()\n    println(newList)\n    // [2, 3, 4]\n}\nfun List\u0026lt;Int\u0026gt;.incremented(): List\u0026lt;Int\u0026gt; {\n    val originalList \u003d this\n    return buildList {\n        for (n in originalList) add(n + 1)\n    }\n}\n\nfun main() {\n    val originalList \u003d listOf(1, 2, 3)\n    val newList \u003d originalList.incremented()\n    println(newList)\n    // [2, 3, 4]\n}\n","pageTitle":"Exercise 3","metaDescription":"","type":"Documentation","breadcrumbs":"Take Kotlin tour","root":0,"depth":1}