{"objectID":"_kotlin_tour_intermediate_libraries_and_apis.html#opt_in_to_apis","parent":"_kotlin_tour_intermediate_libraries_and_apis.html#the_standard_library","pageViews":0,"url":"https://kotlinlang.org/docs/kotlin-tour-intermediate-libraries-and-apis.html#opt-in-to-apis","mainTitle":"Intermediate: Libraries and APIs","product":"","headings":"Intermediate: Libraries and APIs,Opt in to APIs","content":"Library authors may mark certain APIs as requiring opt-in before you can use them in your code. They usually do this when an API is still in development and may change in the future. If you don\u0027t opt in, you see warnings or errors like this:\nThis declaration needs opt-in. Its usage should be marked with \u0027@...\u0027 or \u0027@OptIn(...)\u0027\nTo opt in, write @OptIn followed by parentheses containing the class name that categorizes the API, appended by two colons :: and class.\nFor example, the uintArrayOf() function from the standard library falls under @ExperimentalUnsignedTypes, as shown in the API reference:\n@ExperimentalUnsignedTypes\ninline fun uintArrayOf(vararg elements: UInt): UIntArray\nIn your code, the opt-in looks like:\n@OptIn(ExperimentalUnsignedTypes::class)\nHere\u0027s an example that opts in to use the uintArrayOf() function to create an array of unsigned integers and modifies one of its elements:\n@OptIn(ExperimentalUnsignedTypes::class)\nfun main() {\n    // Create an unsigned integer array\n    val unsignedArray: UIntArray \u003d uintArrayOf(1u, 2u, 3u, 4u, 5u)\n\n    // Modify an element\n    unsignedArray[2] \u003d 42u\n    println(\"Updated array: ${unsignedArray.joinToString()}\")\n    // Updated array: 1, 2, 42, 4, 5\n}\nThis is the easiest way to opt in, but there are other ways. To learn more, see Opt-in requirements.\n","pageTitle":"Opt in to APIs","metaDescription":"","type":"Documentation","breadcrumbs":"Take Kotlin tour","root":0,"depth":1}