{"objectID":"_kotlin_tour_intermediate_classes_interfaces.html#","parent":"_kotlin_tour_intermediate_classes_interfaces.html#class_inheritance","pageViews":0,"url":"https://kotlinlang.org/docs/kotlin-tour-intermediate-classes-interfaces.html","mainTitle":"Intermediate: Classes and interfaces","product":"","headings":"Intermediate: Classes and interfaces","content":"In the beginner tour, you learned how to use classes and data classes to store data and maintain a collection of characteristics that can be shared in your code. Eventually, you will want to create a hierarchy to efficiently share code within your projects. This chapter explains the options Kotlin provides for sharing code and how they can make your code safer and easier to maintain.\n","pageTitle":"Intermediate: Classes and interfaces","metaDescription":"","type":"Documentation","breadcrumbs":"Take Kotlin tour","root":0,"depth":1}