{"objectID":"_kotlin_tour_hello_world.html#exercise","parent":"_kotlin_tour_hello_world.html#variables","pageViews":0,"url":"https://kotlinlang.org/docs/kotlin-tour-hello-world.html#exercise","mainTitle":"Hello world","product":"","headings":"Hello world,Exercise","content":"Complete the code to make the program print \u0026quot;Mary is 20 years old\u0026quot; to standard output:\nfun main() {\n    val name \u003d \"Mary\"\n    val age \u003d 20\n    // Write your code here\n}\nfun main() {\n    val name \u003d \"Mary\"\n    val age \u003d 20\n    println(\"$name is $age years old\")\n}\n","pageTitle":"Exercise","metaDescription":"","type":"Documentation","breadcrumbs":"Take Kotlin tour","root":0,"depth":1}