{"objectID":"_kotlin_tour_intermediate_properties.html#lazy_properties","parent":"_kotlin_tour_intermediate_properties.html#backing_fields","pageViews":0,"url":"https://kotlinlang.org/docs/kotlin-tour-intermediate-properties.html#lazy-properties","mainTitle":"Intermediate: Properties","product":"","headings":"Intermediate: Properties,Lazy properties","content":"To initialize a property only when it\u0027s first accessed, use a lazy property. The standard library provides the Lazy interface for delegation.\nTo create an instance of the Lazy interface, use the lazy() function by providing it with a lambda expression to execute when the get() function is called for the first time. Any further calls of the get() function return the same result that was provided on the first call. Lazy properties use the trailing lambda syntax to pass the lambda expression.\nFor example:\nclass Database {\n    fun connect() {\n        println(\"Connecting to the database...\")\n    }\n\n    fun query(sql: String): List\u0026lt;String\u0026gt; {\n        return listOf(\"Data1\", \"Data2\", \"Data3\")\n    }\n}\n\nval databaseConnection: Database by lazy {\n    val db \u003d Database()\n    db.connect()\n    db\n}\n\nfun fetchData() {\n    val data \u003d databaseConnection.query(\"SELECT * FROM data\")\n    println(\"Data: $data\")\n}\n\nfun main() {\n    // First time accessing databaseConnection\n    fetchData()\n    // Connecting to the database...\n    // Data: [Data1, Data2, Data3]\n\n    // Subsequent access uses the existing connection\n    fetchData()\n    // Data: [Data1, Data2, Data3]\n}\nIn this example:\n- There is a Database class with connect() and query() member functions.\n- The connect() function prints a string to the console, and the query() function accepts an SQL query and returns a list.\n- There is a databaseConnection property that is a lazy property.\n- The lambda expression provided to the lazy() function:\n- Creates an instance of the Database class.\n- Calls the connect() member function on this instance (db).\n- Returns the instance.\n- There is a fetchData() function that:\n- Creates an SQL query by calling the query() function on the databaseConnection property.\n- Assigns the SQL query to the data variable.\n- Prints the data variable to the console.\n- The main() function calls the fetchData() function. The first time it is called, the lazy property is initialized. The second time, the same result is returned as the first call.\nLazy properties are useful not only when initialization is resource-intensive but also when a property might not be used in your code. Additionally, lazy properties are thread-safe by default, which is particularly beneficial if you are working in a concurrent environment.\nFor more information, see Lazy properties.\n","pageTitle":"Lazy properties","metaDescription":"","type":"Documentation","breadcrumbs":"Take Kotlin tour","root":0,"depth":1}