{"objectID":"_kotlin_tour_control_flow.html#if","parent":"_kotlin_tour_control_flow.html#conditional_expressions","pageViews":0,"url":"https://kotlinlang.org/docs/kotlin-tour-control-flow.html#if","mainTitle":"Control flow","product":"","headings":"Control flow,If","content":"To use if, add the conditional expression within parentheses () and the action to take if the result is true within curly braces {}:\nfun main() {\n//sampleStart\n    val d: Int\n    val check \u003d true\n\n    if (check) {\n        d \u003d 1\n    } else {\n        d \u003d 2\n    }\n\n    println(d)\n    // 1\n//sampleEnd\n}\nThere is no ternary operator condition ? then : else in Kotlin. Instead, if can be used as an expression. If there is only one line of code per action, the curly braces {} are optional:\nfun main() { \n//sampleStart\n    val a \u003d 1\n    val b \u003d 2\n\n    println(if (a \u0026gt; b) a else b) // Returns a value: 2\n//sampleEnd\n}\n","pageTitle":"If","metaDescription":"","type":"Documentation","breadcrumbs":"Take Kotlin tour","root":0,"depth":1}