{"objectID":"_kotlin_brand_assets.html#branding_stickers","parent":"_kotlin_brand_assets.html#kotlin_logo","pageViews":0,"url":"https://kotlinlang.org/docs/kotlin-brand-assets.html#branding-stickers","mainTitle":"Kotlin brand assets","product":"","headings":"Kotlin brand assets,Branding stickers","content":"Stickers can be used to brand assets for a Kotlin Night. Just stick them on anything you can get your hands on. It is funny!\nStickers ","pageTitle":"Branding stickers","metaDescription":"","type":"Documentation","breadcrumbs":"Other resources","root":0,"depth":1}