{"objectID":"_kotlin_ai_apps_development_overview.html#multiplatform_user_interfaces_with_ai","parent":"_kotlin_ai_apps_development_overview.html#kotlin_ai_agentic_framework_koog","pageViews":0,"url":"https://kotlinlang.org/docs/kotlin-ai-apps-development-overview.html#multiplatform-user-interfaces-with-ai","mainTitle":"Kotlin for AI-powered app development","product":"","headings":"Kotlin for AI-powered app development,Multiplatform user interfaces with AI","content":"Use Compose Multiplatform to build interactive AI-powered UIs in Kotlin. For example:\n- mcp-demo: A desktop UI that connects to Claude and OpenAI, and presents responses using Compose Multiplatform.\n","pageTitle":"Multiplatform user interfaces with AI","metaDescription":"","type":"Documentation","breadcrumbs":"Kotlin overview","root":0,"depth":1}