{"objectID":"_kotlin_brand_assets.html#social_media","parent":"_kotlin_brand_assets.html#kotlin_logo","pageViews":0,"url":"https://kotlinlang.org/docs/kotlin-brand-assets.html#social-media","mainTitle":"Kotlin brand assets","product":"","headings":"Kotlin brand assets,Social media","content":"Stickers can be used to brand any media necessary for a Kotlin Night. Just stick them on anything you can get your hands on. It\u0027s fun!\nCover/LogoCover Social ","pageTitle":"Social media","metaDescription":"","type":"Documentation","breadcrumbs":"Other resources","root":0,"depth":1}