{"objectID":"_kotlin_ai_apps_development_overview.html#explore_examples","parent":"_kotlin_ai_apps_development_overview.html#kotlin_ai_agentic_framework_koog","pageViews":0,"url":"https://kotlinlang.org/docs/kotlin-ai-apps-development-overview.html#explore-examples","mainTitle":"Kotlin for AI-powered app development","product":"","headings":"Kotlin for AI-powered app development,Explore examples","content":"You can explore and run examples from the Kotlin-AI-Examples repository.Each project is self-contained. You can use each project as a reference or template for building Kotlin-based AI applications.\n","pageTitle":"Explore examples","metaDescription":"","type":"Documentation","breadcrumbs":"Kotlin overview","root":0,"depth":1}