{"objectID":"_kotlin_tour_intermediate_scope_functions.html#","parent":"_kotlin_tour_intermediate_scope_functions.html#scope_functions","pageViews":0,"url":"https://kotlinlang.org/docs/kotlin-tour-intermediate-scope-functions.html","mainTitle":"Intermediate: Scope functions","product":"","headings":"Intermediate: Scope functions","content":"First step Extension functions Second step Scope functions Third step Lambda expressions with receiver Fourth step Classes and interfaces Fifth step Objects Sixth step Open and special classes Seventh step Properties Eighth step Null safety Ninth step Libraries and APIs\n","pageTitle":"Intermediate: Scope functions","metaDescription":"","type":"Documentation","breadcrumbs":"Take Kotlin tour","root":0,"depth":1}