{"objectID":"_kotlin_tour_classes.html#print_as_string","parent":"_kotlin_tour_classes.html#properties","pageViews":0,"url":"https://kotlinlang.org/docs/kotlin-tour-classes.html#print-as-string","mainTitle":"Classes","product":"","headings":"Classes,Print as string","content":"To print a readable string of a class instance, you can explicitly call the toString() function, or use print functions (println() and print()) which automatically call toString() for you:\ndata class User(val name: String, val id: Int)\n\nfun main() {\n    //sampleStart\n    val user \u003d User(\"Alex\", 1)\n    \n    // Automatically uses toString() function so that output is easy to read\n    println(user)            \n    // User(name\u003dAlex, id\u003d1)\n    //sampleEnd\n}\nThis is particularly useful when debugging or creating logs.\n","pageTitle":"Print as string","metaDescription":"","type":"Documentation","breadcrumbs":"Take Kotlin tour","root":0,"depth":1}