{"objectID":"_kotlin_tour_classes.html#properties","parent":"_kotlin_tour_classes.html#properties","pageViews":0,"url":"https://kotlinlang.org/docs/kotlin-tour-classes.html#properties","mainTitle":"Classes","product":"","headings":"Classes,Properties","content":"Characteristics of a class\u0027s object can be declared in properties. You can declare properties for a class:\n- Within parentheses () after the class name.\nclass Contact(val id: Int, var email: String)\n- Within the class body defined by curly braces {}.\nclass Contact(val id: Int, var email: String) {\n    val category: String \u003d \"\"\n}\nWe recommend that you declare properties as read-only (val) unless they need to be changed after an instance of the class is created.\nYou can declare properties without val or var within parentheses but these properties are not accessible after an instance has been created.\n- The content contained within parentheses () is called the class header.\n- You can use a trailing comma when declaring class properties.\nJust like with function parameters, class properties can have default values:\nclass Contact(val id: Int, var email: String \u003d \"example@gmail.com\") {\n    val category: String \u003d \"work\"\n}\n","pageTitle":"Properties","metaDescription":"","type":"Documentation","breadcrumbs":"Take Kotlin tour","root":0,"depth":1}