{"objectID":"_ksp_multi_round.html#","parent":"_ksp_multi_round.html#changes_to_your_processor","pageViews":0,"url":"https://kotlinlang.org/docs/ksp-multi-round.html","mainTitle":"Multiple round processing","product":"","headings":"Multiple round processing","content":"KSP supports multiple round processing, or processing files over multiple rounds. It means that subsequent rounds use an output from previous rounds as additional input.\n","pageTitle":"Multiple round processing","metaDescription":"","type":"Documentation","breadcrumbs":"Compiler and plugins///Kotlin Symbol Processing API","root":0,"depth":2}