{"objectID":"_ksp_multi_round.html#multiple_round_behavior","parent":"_ksp_multi_round.html#changes_to_your_processor","pageViews":0,"url":"https://kotlinlang.org/docs/ksp-multi-round.html#multiple-round-behavior","mainTitle":"Multiple round processing","product":"","headings":"Multiple round processing,Multiple round behavior","content":"","pageTitle":"Multiple round behavior","metaDescription":"","type":"Documentation","breadcrumbs":"Compiler and plugins///Kotlin Symbol Processing API","root":0,"depth":2}