{"objectID":"_ksp_reference.html#misc","parent":"_ksp_reference.html#program_elements","pageViews":0,"url":"https://kotlinlang.org/docs/ksp-reference.html#misc","mainTitle":"Java annotation processing to KSP reference","product":"","headings":"Java annotation processing to KSP reference,Misc","content":"Java Closest facility in KSP Notes\nName KSName\nElementKind ClassKind / FunctionKind\nModifier Modifier\nNestingKind ClassKind / FunctionKind\nAnnotationValueVisitor\nElementVisitor KSVisitor\nAnnotatedConstruct KSAnnotated\nTypeVisitor\nTypeKind KSBuiltIns Some can be found in builtins, otherwise check KSClassDeclaration for DeclaredType\nElementFilter Collection.filterIsInstance\nElementKindVisitor KSVisitor\nElementScanner KSTopDownVisitor\nSimpleAnnotationValueVisitor Not needed in KSP\nSimpleElementVisitor KSVisitor\nSimpleTypeVisitor\nTypeKindVisitor\nTypes Resolver / utils Some of the utils are also integrated into symbol interfaces\nElements Resolver / utils\n","pageTitle":"Misc","metaDescription":"","type":"Documentation","breadcrumbs":"Compiler and plugins///Kotlin Symbol Processing API","root":0,"depth":2}