{"objectID":"_ksp_incremental.html#example_2","parent":"_ksp_incremental.html#aggregating_vs_isolating","pageViews":0,"url":"https://kotlinlang.org/docs/ksp-incremental.html#example-2","mainTitle":"Incremental processing","product":"","headings":"Incremental processing,Example 2","content":"Consider that a processor generates outputA after reading sourceA and outputB after reading sourceB.\nWhen sourceA is changed:\n- If outputB is aggregating, both sourceA and sourceB are reprocessed.\n- If outputB is isolating, only sourceA is reprocessed.\nWhen sourceC is added:\n- If outputB is aggregating, both sourceC and sourceB are reprocessed.\n- If outputB is isolating, only sourceC is reprocessed.\nWhen sourceA is removed, nothing needs to be reprocessed.\nWhen sourceB is removed, nothing needs to be reprocessed.\n","pageTitle":"Example 2","metaDescription":"","type":"Documentation","breadcrumbs":"Compiler and plugins///Kotlin Symbol Processing API","root":0,"depth":2}