{"objectID":"_lambdas.html#passing_trailing_lambdas","parent":"_lambdas.html#higher_order_functions","pageViews":0,"url":"https://kotlinlang.org/docs/lambdas.html#passing-trailing-lambdas","mainTitle":"Higher-order functions and lambdas","product":"","headings":"Higher-order functions and lambdas,Passing trailing lambdas","content":"According to Kotlin convention, if the last parameter of a function is a function, then a lambda expression passed as the corresponding argument can be placed outside the parentheses:\nval product \u003d items.fold(1) { acc, e -\u0026gt; acc * e }\nSuch syntax is also known as trailing lambda.\nIf the lambda is the only argument in that call, the parentheses can be omitted entirely:\nrun { println(\"...\") }\n","pageTitle":"Passing trailing lambdas","metaDescription":"","type":"Documentation","breadcrumbs":"Concepts///Functions","root":0,"depth":2}