{"objectID":"_lets_plot.html#create_a_2d_density_plot","parent":"_lets_plot.html#before_you_start","pageViews":0,"url":"https://kotlinlang.org/docs/lets-plot.html#create-a-2d-density-plot","mainTitle":"Data visualization with Lets-Plot for Kotlin","product":"","headings":"Data visualization with Lets-Plot for Kotlin,Create a 2D density plot","content":"Now, let\u0027s create a 2D density plot to visualize the distribution and concentration of some random data.\n","pageTitle":"Create a 2D density plot","metaDescription":"","type":"Documentation","breadcrumbs":"Tools","root":0,"depth":1}