{"objectID":"_list_operations.html#","parent":"_list_operations.html#retrieve_elements_by_index","pageViews":0,"url":"https://kotlinlang.org/docs/list-operations.html","mainTitle":"List-specific operations","product":"","headings":"List-specific operations","content":"List is the most popular type of built-in collection in Kotlin. Index access to the elements of lists provides a powerful set of operations for lists.\n","pageTitle":"List-specific operations","metaDescription":"","type":"Documentation","breadcrumbs":"Standard library///Collections","root":0,"depth":2}