{"objectID":"_lombok.html#gradle","parent":"_lombok.html#supported_annotations","pageViews":0,"url":"https://kotlinlang.org/docs/lombok.html#gradle","mainTitle":"Lombok compiler plugin","product":"","headings":"Lombok compiler plugin,Gradle","content":"Apply the kotlin-plugin-lombok Gradle plugin in the build.gradle(.kts) file:\n\u003cb\u003eKotlin\u003c/b\u003e plugins {\n    kotlin(\"plugin.lombok\") version \"2.1.21\"\n    id(\"io.freefair.lombok\") version \"8.13\"\n}\n\u003cb\u003eGroovy\u003c/b\u003e plugins {\n    id \u0027org.jetbrains.kotlin.plugin.lombok\u0027 version \u00272.1.21\u0027\n    id \u0027io.freefair.lombok\u0027 version \u00278.13\u0027\n}\nSee this test project with examples of the Lombok compiler plugin in use.\n","pageTitle":"Gradle","metaDescription":"","type":"Documentation","breadcrumbs":"Compiler and plugins///Kotlin compiler plugins","root":0,"depth":2}