{"objectID":"_mapping_strings_from_c.html#pass_kotlin_strings_to_c","parent":"_mapping_strings_from_c.html#working_with_c_strings","pageViews":0,"url":"https://kotlinlang.org/docs/mapping-strings-from-c.html#pass-kotlin-strings-to-c","mainTitle":"Mapping strings from C – tutorial","product":"","headings":"Mapping strings from C – tutorial,Pass Kotlin strings to C","content":"Let\u0027s try to use the API from Kotlin. Call the pass_string() function first:\nimport interop.*\nimport kotlinx.cinterop.ExperimentalForeignApi\nimport kotlinx.cinterop.cstr\n\n@OptIn(ExperimentalForeignApi::class)\nfun passStringToC() {\n    val str \u003d \"This is a Kotlin string\"\n    pass_string(str.cstr)\n}\nPassing a Kotlin string to C is straightforward, thanks to the String.cstr extension property. There is also the String.wcstr property for cases that involve UTF-16 characters.\n","pageTitle":"Pass Kotlin strings to C","metaDescription":"","type":"Documentation","breadcrumbs":"Platforms///Native///C interop","root":0,"depth":3}