{"objectID":"_mapping_function_pointers_from_c.html#update_kotlin_code","parent":"_mapping_function_pointers_from_c.html#mapping_function_pointer_types_from_c","pageViews":0,"url":"https://kotlinlang.org/docs/mapping-function-pointers-from-c.html#update-kotlin-code","mainTitle":"Mapping function pointers from C – tutorial","product":"","headings":"Mapping function pointers from C – tutorial,Update Kotlin code","content":"Now that you\u0027ve seen all the definitions, try to use them in your project. The code in the hello.kt file may look like this:\nimport interop.*\nimport kotlinx.cinterop.ExperimentalForeignApi\nimport kotlinx.cinterop.invoke\nimport kotlinx.cinterop.staticCFunction\n\n@OptIn(ExperimentalForeignApi::class)\nfun main() {\n    println(\"Hello Kotlin/Native!\")\n\n    val cFunctionPointer \u003d staticCFunction\u0026lt;Int, Int\u0026gt; { it + 1 }\n    accept_fun(cFunctionPointer)\n\n    val funFromC \u003d supply_fun() ?: error(\"No function is returned\")\n    funFromC(42)\n}\nTo verify that everything works as expected, run the runDebugExecutableNative Gradle task in your IDE or use the following command to run the code:\n./gradlew runDebugExecutableNative\n","pageTitle":"Update Kotlin code","metaDescription":"","type":"Documentation","breadcrumbs":"Platforms///Native///C interop","root":0,"depth":3}