{"objectID":"_mapping_primitive_data_types_from_c.html#","parent":"_mapping_primitive_data_types_from_c.html#types_in_c_language","pageViews":0,"url":"https://kotlinlang.org/docs/mapping-primitive-data-types-from-c.html","mainTitle":"Mapping primitive data types from C – tutorial","product":"","headings":"Mapping primitive data types from C – tutorial","content":"The C libraries import is Experimental. All Kotlin declarations generated by the cinterop tool from C libraries should have the @ExperimentalForeignApi annotation.\nNative platform libraries shipped with Kotlin/Native (like Foundation, UIKit, and POSIX) require opt-in only for some APIs.\nLet\u0027s explore which C data types are visible in Kotlin/Native and vice versa and examine advanced C interop-related use cases of Kotlin/Native and multiplatform Gradle builds.\nIn this tutorial, you\u0027ll:\n- Learn about data types in the C language\n- Create a C Library that uses those types in exports\n- Inspect generated Kotlin APIs from a C library\nYou can use the command line to generate a Kotlin library, either directly or with a script file (such as .sh or .bat file). However, this approach doesn\u0027t scale well for larger projects that have hundreds of files and libraries. Using a build system simplifies the process by downloading and caching the Kotlin/Native compiler binaries and libraries with transitive dependencies, as well as by running the compiler and tests. Kotlin/Native can use the Gradle build system through the Kotlin Multiplatform plugin.\n","pageTitle":"Mapping primitive data types from C – tutorial","metaDescription":"","type":"Documentation","breadcrumbs":"Platforms///Native///C interop","root":0,"depth":3}