{"objectID":"_mapping_struct_union_types_from_c.html#mapping_struct_and_union_c_types","parent":"_mapping_struct_union_types_from_c.html#mapping_struct_and_union_c_types","pageViews":0,"url":"https://kotlinlang.org/docs/mapping-struct-union-types-from-c.html#mapping-struct-and-union-c-types","mainTitle":"Mapping struct and union types from C – tutorial","product":"","headings":"Mapping struct and union types from C – tutorial,Mapping struct and union C types","content":"To understand how Kotlin maps struct and union types, let\u0027s declare them in C and examine how they are represented in Kotlin.\nIn the previous tutorial, you\u0027ve already created a C library with the necessary files. For this step, update the declarations in the interop.def file after the --- separator:\n\n---\n\ntypedef struct {\n  int a;\n  double b;\n} MyStruct;\n\nvoid struct_by_value(MyStruct s) {}\nvoid struct_by_pointer(MyStruct* s) {}\n\ntypedef union {\n  int a;\n  MyStruct b;\n  float c;\n} MyUnion;\n\nvoid union_by_value(MyUnion u) {}\nvoid union_by_pointer(MyUnion* u) {}\nThe interop.def file provides everything necessary to compile, run, or open the application in an IDE.\n","pageTitle":"Mapping struct and union C types","metaDescription":"","type":"Documentation","breadcrumbs":"Platforms///Native///C interop","root":0,"depth":3}