{"objectID":"_native_get_started.html#what_s_next","parent":"_native_get_started.html#in_ide","pageViews":0,"url":"https://kotlinlang.org/docs/native-get-started.html#what-s-next","mainTitle":"Get started with Kotlin/Native","product":"","headings":"Get started with Kotlin/Native,What\u0027s next?","content":"- Complete the Create an app using C interop and libcurl tutorial that explains how to create a native HTTP client and interoperate with C libraries.\n- Learn how to write Gradle build scripts for real-life Kotlin/Native projects.\n- Read more about the Gradle build system in the documentation.\n","pageTitle":"What\u0027s next?","metaDescription":"","type":"Documentation","breadcrumbs":"Platforms///Native","root":0,"depth":2}