{"objectID":"_native_target_support.html#","parent":"_native_target_support.html#tier_1","pageViews":0,"url":"https://kotlinlang.org/docs/native-target-support.html","mainTitle":"Kotlin/Native target support","product":"","headings":"Kotlin/Native target support","content":"The Kotlin/Native compiler supports a great number of different targets, though it is hard to provide the same level of support for all of them. This document describes which targets Kotlin/Native supports and breaks them into several tiers depending on how well the compiler supports them.\nWe can adjust the number of tiers, the list of supported targets, and their features as we go.\nMind the following terms used in tier tables:\n- Gradle target name is a target name that is used in the Kotlin Multiplatform Gradle plugin to enable the target.\n- Target triple is a target name according to the \u0026lt;architecture\u0026gt;-\u0026lt;vendor\u0026gt;-\u0026lt;system\u0026gt;-\u0026lt;abi\u0026gt; structure that is commonly used by compilers.\n- Running tests indicates out of the box support for running tests in Gradle and IDE.\nThis is only available on a native host for the specific target. For example, you can run macosX64 and iosX64 tests only on macOS x86-64 host.\n","pageTitle":"Kotlin/Native target support","metaDescription":"","type":"Documentation","breadcrumbs":"Platforms///Native///Reference and tips","root":0,"depth":3}