{"objectID":"_native_arc_integration.html#garbage_collection_of_swift_and_kotlin_objects_chains","parent":"_native_arc_integration.html#threads","pageViews":0,"url":"https://kotlinlang.org/docs/native-arc-integration.html#garbage-collection-of-swift-and-kotlin-objects-chains","mainTitle":"Integration with Swift/Objective-C ARC","product":"","headings":"Integration with Swift/Objective-C ARC,Garbage collection of Swift and Kotlin objects\u0027 chains","content":"Consider the following example:\n// Kotlin\ninterface Storage {\n    fun store(arg: Any)\n}\n\nclass KotlinStorage(var field: Any? \u003d null) : Storage {\n    override fun store(arg: Any) {\n        field \u003d arg\n    }\n}\n\nclass KotlinExample {\n    fun action(firstSwiftStorage: Storage, secondSwiftStorage: Storage) {\n        // Here, we create the following chain:\n        // firstKotlinStorage -\u0026gt; firstSwiftStorage -\u0026gt; secondKotlinStorage -\u0026gt; secondSwiftStorage.\n        val firstKotlinStorage \u003d KotlinStorage()\n        firstKotlinStorage.store(firstSwiftStorage)\n        val secondKotlinStorage \u003d KotlinStorage()\n        firstSwiftStorage.store(secondKotlinStorage)\n        secondKotlinStorage.store(secondSwiftStorage)\n    }\n}\n// Swift\nclass SwiftStorage : Storage {\n\n    let name: String\n\n    var field: Any? \u003d nil\n\n    init(_ name: String) {\n        self.name \u003d name\n    }\n\n    func store(arg: Any) {\n        field \u003d arg\n    }\n\n    deinit {\n        print(\"deinit SwiftStorage \\(name)\")\n    }\n}\n\nfunc test() {\n    KotlinExample().action(\n        firstSwiftStorage: SwiftStorage(\"first\"),\n        secondSwiftStorage: SwiftStorage(\"second\")\n    )\n}\nIt takes some time between \u0026quot;deinit SwiftStorage first\u0026quot; and \u0026quot;deinit SwiftStorage second\u0026quot; messages to appear in the log. The reason is that firstKotlinStorage and secondKotlinStorage are collected in different GC cycles. Here\u0027s the sequence of events:\n2. KotlinExample.action finishes. firstKotlinStorage is considered \u0026quot;dead\u0026quot; because nothing references it, while secondKotlinStorage is not because it is referenced by firstSwiftStorage.\n4. First GC cycle starts, and firstKotlinStorage is collected.\n6. There are no references to firstSwiftStorage, so it is \u0026quot;dead\u0026quot; as well, and deinit is called.\n8. Second GC cycle starts. secondKotlinStorage is collected because firstSwiftStorage is no longer referencing it.\n10. secondSwiftStorage is finally reclaimed.\nIt requires two GC cycles to collect these four objects because deinitialization of Swift and Objective-C objects happens after the GC cycle. The limitation stems from deinit, which can call arbitrary code, including the Kotlin code that cannot be run during the GC pause.\n","pageTitle":"Garbage collection of Swift and Kotlin objects\u0027 chains","metaDescription":"","type":"Documentation","breadcrumbs":"Platforms///Native///Memory manager","root":0,"depth":3}