{"objectID":"_null_safety.html#nullable_receiver","parent":"_null_safety.html#nullable_types_and_non_nullable_types","pageViews":0,"url":"https://kotlinlang.org/docs/null-safety.html#nullable-receiver","mainTitle":"Null safety","product":"","headings":"Null safety,Nullable receiver","content":"You can use extension functions with a nullable receiver type, allowing these functions to be called on variables that might be null.\nBy defining an extension function on a nullable receiver type, you can handle null values within the function itself instead of checking for null at every place where you call the function.\nFor example, the .toString() extension function can be called on a nullable receiver. When invoked on a null value, it safely returns the string \u0026quot;null\u0026quot; without throwing an exception:\n//sampleStart\nfun main() {\n    // Assigns null to a nullable Person object stored in the person variable\n    val person: Person? \u003d null\n\n    // Applies .toString to the nullable person variable and prints a string\n    println(person.toString())\n    // null\n}\n\n// Defines a simple Person class\ndata class Person(val name: String)\n//sampleEnd\nIn the example above, even though person is null, the .toString() function safely returns the string \u0026quot;null\u0026quot;. This can be helpful for debugging and logging.\nIf you expect the .toString() function to return a nullable string (either a string representation or null), use the safe-call operator ?.. The ?. operator calls .toString() only if the object is not null, otherwise it returns null:\n//sampleStart\nfun main() {\n    // Assigns a nullable Person object to a variable\n    val person1: Person? \u003d null\n    val person2: Person? \u003d Person(\"Alice\")\n\n    // Prints \"null\" if person is null; otherwise prints the result of person.toString()\n    println(person1?.toString())\n    // null\n    println(person2?.toString())\n    // Person(name\u003dAlice)\n}\n\n// Defines a Person class\ndata class Person(val name: String)\n//sampleEnd\nThe ?. operator allows you to safely handle potential null values while still accessing properties or functions of objects that might be null.\n","pageTitle":"Nullable receiver","metaDescription":"","type":"Documentation","breadcrumbs":"Concepts","root":0,"depth":1}