{"objectID":"_numbers.html#operations_on_numbers","parent":"_numbers.html#integer_types","pageViews":0,"url":"https://kotlinlang.org/docs/numbers.html#operations-on-numbers","mainTitle":"Numbers","product":"","headings":"Numbers,Operations on numbers","content":"Kotlin supports the standard set of arithmetical operations over numbers: +, -, *, /, %. They are declared as members of appropriate classes:\nfun main() {\n//sampleStart\n    println(1 + 2)\n    println(2_500_000_000L - 1L)\n    println(3.14 * 2.71)\n    println(10.0 / 3)\n//sampleEnd\n}\nYou can override these operators in custom number classes. See Operator overloading for details.\n","pageTitle":"Operations on numbers","metaDescription":"","type":"Documentation","breadcrumbs":"Concepts///Types///Basic types","root":0,"depth":3}