{"objectID":"_packages.html#imports","parent":"_packages.html#default_imports","pageViews":0,"url":"https://kotlinlang.org/docs/packages.html#imports","mainTitle":"Packages and imports","product":"","headings":"Packages and imports,Imports","content":"Apart from the default imports, each file may contain its own import directives.\nYou can import either a single name:\nimport org.example.Message // Message is now accessible without qualification\nor all the accessible contents of a scope: package, class, object, and so on:\nimport org.example.* // everything in \u0027org.example\u0027 becomes accessible\nIf there is a name clash, you can disambiguate by using as keyword to locally rename the clashing entity:\nimport org.example.Message // Message is accessible\nimport org.test.Message as TestMessage // TestMessage stands for \u0027org.test.Message\u0027\nThe import keyword is not restricted to importing classes; you can also use it to import other declarations:\n- top-level functions and properties\n- functions and properties declared in object declarations\n- enum constants\n","pageTitle":"Imports","metaDescription":"","type":"Documentation","breadcrumbs":"Concepts","root":0,"depth":1}