{"objectID":"_run_code_snippets.html#load_code","parent":"_run_code_snippets.html#ide_scratches_and_worksheets","pageViews":0,"url":"https://kotlinlang.org/docs/run-code-snippets.html#load-code","mainTitle":"Run code snippets","product":"","headings":"Run code snippets,Load code","content":"If the code you need is stored somewhere else, there are two ways to load it and use it in the ki shell:\n- Load a source file with the :load (or :l) command.\n- Copy and paste the code snippet in paste mode with the :paste (or :p) command.\nki shell load file The ls command shows available symbols (variables and functions).\n","pageTitle":"Load code","metaDescription":"","type":"Documentation","breadcrumbs":"Tools","root":0,"depth":1}