{"objectID":"_run_code_snippets.html#share_code_online","parent":"_run_code_snippets.html#ide_scratches_and_worksheets","pageViews":0,"url":"https://kotlinlang.org/docs/run-code-snippets.html#share-code-online","mainTitle":"Run code snippets","product":"","headings":"Run code snippets,Share code online","content":"Use the Playground to share your code with others – click Copy link and send it to anyone you want to show the code to.\nYou can also embed code snippets from the Playground into other websites and even make them runnable. Click Share code to embed your sample into any web page or into a Medium article.\nPlayground: share code ","pageTitle":"Share code online","metaDescription":"","type":"Documentation","breadcrumbs":"Tools","root":0,"depth":1}