{"objectID":"_scope_functions.html#apply","parent":"_scope_functions.html#function_selection","pageViews":0,"url":"https://kotlinlang.org/docs/scope-functions.html#apply","mainTitle":"Scope functions","product":"","headings":"Scope functions,apply","content":"- The context object is available as a receiver (this).\n- The return value is the object itself.\nAs apply returns the context object itself, we recommend that you use it for code blocks that don\u0027t return a value and that mainly operate on the members of the receiver object. The most common use case for apply is for object configuration. Such calls can be read as \u0026quot;apply the following assignments to the object.\u0026quot;\ndata class Person(var name: String, var age: Int \u003d 0, var city: String \u003d \"\")\n\nfun main() {\n//sampleStart\n    val adam \u003d Person(\"Adam\").apply {\n        age \u003d 32\n        city \u003d \"London\"        \n    }\n    println(adam)\n//sampleEnd\n}\nAnother use case for apply is to include apply in multiple call chains for more complex processing.\n","pageTitle":"apply","metaDescription":"","type":"Documentation","breadcrumbs":"Standard library","root":0,"depth":1}