{"objectID":"_sealed_classes.html#inheritance_in_multiplatform_projects","parent":"_sealed_classes.html#declare_a_sealed_class_or_interface","pageViews":0,"url":"https://kotlinlang.org/docs/sealed-classes.html#inheritance-in-multiplatform-projects","mainTitle":"Sealed classes and interfaces","product":"","headings":"Sealed classes and interfaces,Inheritance in multiplatform projects","content":"There is one more inheritance restriction in multiplatform projects: direct subclasses of sealed classes must reside in the same source set. It applies to sealed classes without the expected and actual modifiers.\nIf a sealed class is declared as expect in a common source set and have actual implementations in platform source sets, both expect and actual versions can have subclasses in their source sets. Moreover, if you use a hierarchical structure, you can create subclasses in any source set between the expect and actual declarations.\nLearn more about the hierarchical structure of multiplatform projects.\n","pageTitle":"Inheritance in multiplatform projects","metaDescription":"","type":"Documentation","breadcrumbs":"Concepts///Classes and objects","root":0,"depth":2}