{"objectID":"_sequences.html#sequence_operations","parent":"_sequences.html#construct","pageViews":0,"url":"https://kotlinlang.org/docs/sequences.html#sequence-operations","mainTitle":"Sequences","product":"","headings":"Sequences,Sequence operations","content":"The sequence operations can be classified into the following groups regarding their state requirements:\n- Stateless operations require no state and process each element independently, for example, map() or filter(). Stateless operations can also require a small constant amount of state to process an element, for example, take() or drop().\n- Stateful operations require a significant amount of state, usually proportional to the number of elements in a sequence.\nIf a sequence operation returns another sequence, which is produced lazily, it\u0027s called intermediate. Otherwise, the operation is terminal. Examples of terminal operations are toList() or sum(). Sequence elements can be retrieved only with terminal operations.\nSequences can be iterated multiple times; however some sequence implementations might constrain themselves to be iterated only once. That is mentioned specifically in their documentation.\n","pageTitle":"Sequence operations","metaDescription":"","type":"Documentation","breadcrumbs":"Standard library///Collections","root":0,"depth":2}