{"objectID":"_server_overview.html#frameworks_for_server_side_development_with_kotlin","parent":"_server_overview.html#frameworks_for_server_side_development_with_kotlin","pageViews":0,"url":"https://kotlinlang.org/docs/server-overview.html#frameworks-for-server-side-development-with-kotlin","mainTitle":"Kotlin for server side","product":"","headings":"Kotlin for server side,Frameworks for server-side development with Kotlin","content":"Here are some examples of the server-side frameworks for Kotlin:\n- Spring makes use of Kotlin\u0027s language features to offer more concise APIs, starting with version 5.0. The online project generator allows you to quickly generate a new project in Kotlin.\n- Ktor is a framework built by JetBrains for creating Web applications in Kotlin, making use of coroutines for high scalability and offering an easy-to-use and idiomatic API.\n- Quarkus provides first class support for using Kotlin. The framework is open source and maintained by Red Hat. Quarkus was built from the ground up for Kubernetes and provides a cohesive full-stack framework by leveraging a growing list of hundreds of best-of-breed libraries.\n- Vert.x, a framework for building reactive Web applications on the JVM, offers dedicated support for Kotlin, including full documentation.\n- kotlinx.html is a DSL that can be used to build HTML in Web applications. It serves as an alternative to traditional templating systems such as JSP and FreeMarker.\n- Micronaut is a modern JVM-based full-stack framework for building modular, easily testable microservices and serverless applications. It comes with a lot of useful built-in features.\n- http4k is the functional toolkit with a tiny footprint for Kotlin HTTP applications, written in pure Kotlin. The library is based on the \u0026quot;Your Server as a Function\u0026quot; paper from Twitter and represents modeling both HTTP servers and clients as simple Kotlin functions that can be composed together.\n- Javalin is a very lightweight web framework for Kotlin and Java which supports WebSockets, HTTP2, and async requests.\n- The available options for persistence include direct JDBC access, JPA, and using NoSQL databases through their Java drivers. For JPA, the kotlin-jpa compiler plugin adapts Kotlin-compiled classes to the requirements of the framework.\nYou can find more frameworks at https://kotlin.link/.\n","pageTitle":"Frameworks for server-side development with Kotlin","metaDescription":"","type":"Documentation","breadcrumbs":"Kotlin overview","root":0,"depth":1}