{"objectID":"_time_measurement.html#time_sources","parent":"_time_measurement.html#calculate_duration","pageViews":0,"url":"https://kotlinlang.org/docs/time-measurement.html#time-sources","mainTitle":"Time measurement","product":"","headings":"Time measurement,Time sources","content":"By default, time is measured using a monotonic time source. Monotonic time sources only move forward and are not affected by variations like timezones. An alternative to monotonic time is elapsed real time which is also known as wall-clock time. Elapsed real time is measured relative to another point in time.\n","pageTitle":"Time sources","metaDescription":"","type":"Documentation","breadcrumbs":"Standard library","root":0,"depth":1}