{"objectID":"_unsigned_integer_types.html#non_goals","parent":"_unsigned_integer_types.html#unsigned_arrays_and_ranges","pageViews":0,"url":"https://kotlinlang.org/docs/unsigned-integer-types.html#non-goals","mainTitle":"Unsigned integer types","product":"","headings":"Unsigned integer types,Non-goals","content":"While unsigned integers can only represent positive numbers and zero, it\u0027s not a goal to use them where application domain requires non-negative integers. For example, as a type of collection size or collection index value.\nThere are a couple of reasons:\n- Using signed integers can help to detect accidental overflows and signal error conditions, such as List.lastIndex being -1 for an empty list.\n- Unsigned integers cannot be treated as a range-limited version of signed ones because their range of values is not a subset of the signed integers range. Neither signed, nor unsigned integers are subtypes of each other.\n","pageTitle":"Non-goals","metaDescription":"","type":"Documentation","breadcrumbs":"Concepts///Types///Basic types","root":0,"depth":3}