{"objectID":"_wasm_js_interop.html#type_correspondence","parent":"_wasm_js_interop.html#use_javascript_code_in_kotlin","pageViews":0,"url":"https://kotlinlang.org/docs/wasm-js-interop.html#type-correspondence","mainTitle":"Interoperability with JavaScript","product":"","headings":"Interoperability with JavaScript,Type correspondence","content":"Kotlin/Wasm allows only certain types in signatures of JavaScript interop declarations. These limitations apply uniformly to declarations with external, \u003d js(\u0026quot;code\u0026quot;) or @JsExport.\nSee how Kotlin types correspond to Javascript types:\nKotlin JavaScript\nByte, Short, Int, Char, UByte, UShort, UInt, Number\nFloat, Double, Number\nLong, ULong, BigInt\nBoolean, Boolean\nString, String\nUnit in return position undefined\nFunction type, for example (String) -\u0026gt; Int Function\nJsAny and subtypes Any JavaScript value\nJsReference Opaque reference to Kotlin object\nOther types Not supported\nYou can use nullable versions of these types as well.\n","pageTitle":"Type correspondence","metaDescription":"","type":"Documentation","breadcrumbs":"Platforms///WebAssembly (Wasm)","root":0,"depth":2}