{"objectID":"_wasm_js_interop.html#kotlin_wasm_and_kotlin_js_interoperability_differences","parent":"_wasm_js_interop.html#use_javascript_code_in_kotlin","pageViews":0,"url":"https://kotlinlang.org/docs/wasm-js-interop.html#kotlin-wasm-and-kotlin-js-interoperability-differences","mainTitle":"Interoperability with JavaScript","product":"","headings":"Interoperability with JavaScript,Kotlin/Wasm and Kotlin/JS interoperability differences","content":"Although Kotlin/Wasm interoperability shares similarities with Kotlin/JS interoperability, there are key differences to consider:\nKotlin/Wasm Kotlin/JS\nExternal enums Doesn\u0027t support external enum classes. Supports external enum classes.\nType extensions Doesn\u0027t support non-external types to extend external types. Supports non-external types.\nJsName annotation Only has an effect when annotating external declarations. Can be used to change names of regular non-external declarations.\njs() function js(\u0026quot;code\u0026quot;) function calls are allowed as a single expression body of package-level functions. The js(\u0026quot;code\u0026quot;) function can be called in any context and returns a dynamic value.\nModule systems Supports ES modules only. There is no analog of the @JsNonModule annotation. Provides its exports as properties on the default object. Allows exporting package-level functions only. Supports ES modules and legacy module systems. Provides named ESM exports. Allows exporting classes and objects.\nTypes Applies stricter type restrictions uniformly to all interop declarations external, \u003d js(\u0026quot;code\u0026quot;), and @JsExport. Allows a select number of built-in Kotlin types and JsAny subtypes. Allows all types in external declarations. Restricts types that can be used in @JsExport.\nLong Type corresponds to JavaScript BigInt. Visible as a custom class in JavaScript.\nArrays Not supported in interop directly yet. You can use the new JsArray type instead. Implemented as JavaScript arrays.\nOther types Requires JsReference\u0026lt;\u0026gt; to pass Kotlin objects to JavaScript. Allows the use of non-external Kotlin class types in external declarations.\nException handling You can catch any JavaScript exception with the JsException and Throwable types. Can catch JavaScript Error using the Throwable type. It can catch any JavaScript exception using the dynamic type.\nDynamic types Does not support the dynamic type. Use JsAny instead (see sample code below). Supports the dynamic type.\nKotlin/JS dynamic type for interoperability with untyped or loosely typed objects is not supported in Kotlin/Wasm. Instead of dynamic type, you can use JsAny type:\n// Kotlin/JS\nfun processUser(user: dynamic, age: Int) {\n    // ...\n    user.profile.updateAge(age)\n    // ...\n}\n\n// Kotlin/Wasm\nprivate fun updateUserAge(user: JsAny, age: Int): Unit \u003d\n    js(\"{ user.profile.updateAge(age); }\")\n\nfun processUser(user: JsAny, age: Int) {\n    // ...\n    updateUserAge(user, age)\n    // ...\n}\n","pageTitle":"Kotlin/Wasm and Kotlin/JS interoperability differences","metaDescription":"","type":"Documentation","breadcrumbs":"Platforms///WebAssembly (Wasm)","root":0,"depth":2}