{"objectID":"_whatsnew19.html#restriction_of_non_external_types","parent":"_whatsnew19.html#ide_support","pageViews":0,"url":"https://kotlinlang.org/docs/whatsnew19.html#restriction-of-non-external-types","mainTitle":"What\u0027s new in Kotlin 1.9.0","product":"","headings":"What\u0027s new in Kotlin 1.9.0,Restriction of non-external types","content":"Kotlin/Wasm supports conversions for specific Kotlin static types when passing values to and from JavaScript. These supported types include:\n- Primitives, such as signed numbers, Boolean, and Char.\n- String.\n- Function types.\nOther types were passed without conversion as opaque references, leading to inconsistencies between JavaScript and Kotlin subtyping.\nTo address this, Kotlin restricts JavaScript interop to a well-supported set of types. Starting from Kotlin 1.9.0, only external, primitive, string, and function types are supported in Kotlin/Wasm JavaScript interop. Furthermore, a separate explicit type called JsReference has been introduced to represent handles to Kotlin/Wasm objects that can be used in JavaScript interop.\nFor more details, refer to the Kotlin/Wasm interoperability with JavaScript documentation.\n","pageTitle":"Restriction of non-external types","metaDescription":"","type":"Documentation","breadcrumbs":"What\u0027s new in Kotlin///Earlier versions","root":0,"depth":2}