{"objectID":"_whatsnew1520.html#improved_performance_of_array_copyinto_inside_one_array","parent":"_whatsnew1520.html#kotlin_jvm","pageViews":0,"url":"https://kotlinlang.org/docs/whatsnew1520.html#improved-performance-of-array-copyinto-inside-one-array","mainTitle":"What\u0027s new in Kotlin 1.5.20","product":"","headings":"What\u0027s new in Kotlin 1.5.20,Improved performance of Array.copyInto() inside one array","content":"We\u0027ve improved the way Array.copyInto() works when its source and destination are the same array. Now such operations finish up to 20 times faster (depending on the number of objects being copied) due to memory management optimizations for this use case.\n","pageTitle":"Improved performance of Array.copyInto() inside one array","metaDescription":"","type":"Documentation","breadcrumbs":"What\u0027s new in Kotlin///Earlier versions","root":0,"depth":2}