{"objectID":"_whatsnew15.html#serialization_1_2_1","parent":"_whatsnew15.html#language_features","pageViews":0,"url":"https://kotlinlang.org/docs/whatsnew15.html#serialization-1-2-1","mainTitle":"What\u0027s new in Kotlin 1.5.0","product":"","headings":"What\u0027s new in Kotlin 1.5.0,Serialization 1.2.1","content":"kotlinx.serialization 1.2.1 is here with:\n- Improvements to JSON serialization performance\n- Support for multiple names in JSON serialization\n- Experimental .proto schema generation from @Serializable classes\n- And more\nLearn more in the changelog and the kotlinx.serialization 1.2.1 release blog post.\n","pageTitle":"Serialization 1.2.1","metaDescription":"","type":"Documentation","breadcrumbs":"What\u0027s new in Kotlin///Earlier versions","root":0,"depth":2}