{"objectID":"_whatsnew15.html#strict_version_of_string_toboolean","parent":"_whatsnew15.html#language_features","pageViews":0,"url":"https://kotlinlang.org/docs/whatsnew15.html#strict-version-of-string-toboolean","mainTitle":"What\u0027s new in Kotlin 1.5.0","product":"","headings":"What\u0027s new in Kotlin 1.5.0,Strict version of String?.toBoolean()","content":"Two new functions introduce case-sensitive strict versions of the existing String?.toBoolean():\n- String.toBooleanStrict() throws an exception for all inputs except the literals true and false.\n- String.toBooleanStrictOrNull() returns null for all inputs except the literals true and false.\nfun main() {\n//sampleStart\n    println(\"true\".toBooleanStrict())\n    println(\"1\".toBooleanStrictOrNull())\n    // println(\"1\".toBooleanStrict()) // Exception\n//sampleEnd    \n}\n","pageTitle":"Strict version of String?.toBoolean()","metaDescription":"","type":"Documentation","breadcrumbs":"What\u0027s new in Kotlin///Earlier versions","root":0,"depth":2}