{"objectID":"_whatsnew1520.html#string_concatenation_via_invokedynamic","parent":"_whatsnew1520.html#kotlin_jvm","pageViews":0,"url":"https://kotlinlang.org/docs/whatsnew1520.html#string-concatenation-via-invokedynamic","mainTitle":"What\u0027s new in Kotlin 1.5.20","product":"","headings":"What\u0027s new in Kotlin 1.5.20,String concatenation via invokedynamic","content":"Kotlin 1.5.20 compiles string concatenations into dynamic invocations (invokedynamic) on JVM 9+ targets, thereby keeping up with modern Java versions. More precisely, it uses StringConcatFactory.makeConcatWithConstants() for string concatenation.\nTo switch back to concatenation via StringBuilder.append() used in previous versions, add the compiler option -Xstring-concat\u003dinline.\nLearn how to add compiler options in Gradle, Maven, and the command-line compiler.\n","pageTitle":"String concatenation via invokedynamic","metaDescription":"","type":"Documentation","breadcrumbs":"What\u0027s new in Kotlin///Earlier versions","root":0,"depth":2}