{"objectID":"_whatsnew1820.html#","parent":"_whatsnew1820.html#ide_support","pageViews":0,"url":"https://kotlinlang.org/docs/whatsnew1820.html","mainTitle":"What\u0027s new in Kotlin 1.8.20","product":"","headings":"What\u0027s new in Kotlin 1.8.20","content":"Released: 25 April 2023\nThe Kotlin 1.8.20 release is out and here are some of its biggest highlights:\n- New Kotlin K2 compiler updates\n- New experimental Kotlin/Wasm target\n- New JVM incremental compilation by default in Gradle\n- Update for Kotlin/Native targets\n- Preview of Gradle composite builds in Kotlin Multiplatform\n- Improved output for Gradle errors in Xcode\n- Experimental support for the AutoCloseable interface in the standard library\n- Experimental support for Base64 encoding in the standard library\nYou can also find a short overview of the changes in this video:\n","pageTitle":"What\u0027s new in Kotlin 1.8.20","metaDescription":"","type":"Documentation","breadcrumbs":"What\u0027s new in Kotlin///Earlier versions","root":0,"depth":2}