{"objectID":"_whatsnew19.html#new_compiler_options","parent":"_whatsnew19.html#ide_support","pageViews":0,"url":"https://kotlinlang.org/docs/whatsnew19.html#new-compiler-options","mainTitle":"What\u0027s new in Kotlin 1.9.0","product":"","headings":"What\u0027s new in Kotlin 1.9.0,New compiler options","content":"The Kotlin Gradle plugin now provides new properties for opt-ins and the compiler\u0027s progressive mode.\n- To opt in to new APIs, you can now use the optIn property and pass a list of strings like: optIn.set(listOf(a, b, c)).\n- To enable progressive mode, use progressiveMode.set(true).\n","pageTitle":"New compiler options","metaDescription":"","type":"Documentation","breadcrumbs":"What\u0027s new in Kotlin///Earlier versions","root":0,"depth":2}