{"objectID":"_whatsnew1820.html#deprecation_of_the_legacy_memory_manager","parent":"_whatsnew1820.html#ide_support","pageViews":0,"url":"https://kotlinlang.org/docs/whatsnew1820.html#deprecation-of-the-legacy-memory-manager","mainTitle":"What\u0027s new in Kotlin 1.8.20","product":"","headings":"What\u0027s new in Kotlin 1.8.20,Deprecation of the legacy memory manager","content":"Starting with 1.8.20, the legacy memory manager is deprecated and will be removed in 1.9.20. The new memory manager was enabled by default in 1.7.20 and has been receiving further stability updates and performance improvements.\nIf you\u0027re still using the legacy memory manager, remove the kotlin.native.binary.memoryModel\u003dstrict option from your gradle.properties and follow our Migration guide to make the necessary changes.\nThe new memory manager doesn\u0027t support the wasm32 target. This target is also deprecated starting with this release and will be removed in 1.9.20.\n","pageTitle":"Deprecation of the legacy memory manager","metaDescription":"","type":"Documentation","breadcrumbs":"What\u0027s new in Kotlin///Earlier versions","root":0,"depth":2}