{"objectID":"_whatsnew19.html#kotlin_wasm_in_kotlin_playground","parent":"_whatsnew19.html#ide_support","pageViews":0,"url":"https://kotlinlang.org/docs/whatsnew19.html#kotlin-wasm-in-kotlin-playground","mainTitle":"What\u0027s new in Kotlin 1.9.0","product":"","headings":"What\u0027s new in Kotlin 1.9.0,Kotlin/Wasm in Kotlin Playground","content":"Kotlin Playground supports the Kotlin/Wasm target. You can write, run, and share your Kotlin code that targets the Kotlin/Wasm. Check it out!\nUsing Kotlin/Wasm requires enabling experimental features in your browser.\nLearn more about how to enable these features.\nimport kotlin.time.*\nimport kotlin.time.measureTime\n\nfun main() {\n    println(\"Hello from Kotlin/Wasm!\")\n    computeAck(3, 10)\n}\n\ntailrec fun ack(m: Int, n: Int): Int \u003d when {\n    m \u003d\u003d 0 -\u0026gt; n + 1\n    n \u003d\u003d 0 -\u0026gt; ack(m - 1, 1)\n    else -\u0026gt; ack(m - 1, ack(m, n - 1))\n}\n\nfun computeAck(m: Int, n: Int) {\n    var res \u003d 0\n    val t \u003d measureTime {\n        res \u003d ack(m, n)\n    }\n    println()\n    println(\"ack($m, $n) \u003d ${res}\")\n    println(\"duration: ${t.inWholeNanoseconds / 1e6} ms\")\n}\n","pageTitle":"Kotlin/Wasm in Kotlin Playground","metaDescription":"","type":"Documentation","breadcrumbs":"What\u0027s new in Kotlin///Earlier versions","root":0,"depth":2}