{"objectID":"_whatsnew21.html#support_for_non_packed_klibs","parent":"_whatsnew21.html#ide_support","pageViews":0,"url":"https://kotlinlang.org/docs/whatsnew21.html#support-for-non-packed-klibs","mainTitle":"What\u0027s new in Kotlin 2.1.0","product":"","headings":"What\u0027s new in Kotlin 2.1.0,Support for non-packed klibs","content":"Kotlin 2.1.0 makes it possible to generate non-packed .klib file artifacts. This gives you the option to configure dependencies on klibs directly rather than unpack them first.\nThis change can also improve performance, decreasing compilation and linking time in your Kotlin/Wasm, Kotlin/JS, and Kotlin/Native projects.\nFor example, our benchmark shows a performance improvement of roughly 3% in total build time on the project with 1 linking and 10 compilation tasks (the project builds a single native executable binary that depends on 9 simplified projects). However, the actual impact on build time depends on both the number of subprojects and their respective sizes.\n","pageTitle":"Support for non-packed klibs","metaDescription":"","type":"Documentation","breadcrumbs":"What\u0027s new in Kotlin","root":0,"depth":1}