{"objectID":"_whatsnew20.html#new_compilation_target","parent":"_whatsnew20.html#ide_support","pageViews":0,"url":"https://kotlinlang.org/docs/whatsnew20.html#new-compilation-target","mainTitle":"What\u0027s new in Kotlin 2.0.0","product":"","headings":"What\u0027s new in Kotlin 2.0.0,New compilation target","content":"In Kotlin 2.0.0, we\u0027re adding a new compilation target to Kotlin/JS, es2015. This is a new way for you to enable all the ES2015 features supported in Kotlin at once.\nYou can set it up in your build.gradle(.kts) file like this:\nkotlin {\n    js {\n        compilerOptions {\n            target.set(\"es2015\")\n        }\n    }\n}\nThe new target automatically turns on ES classes and modules and the newly supported ES generators.\n","pageTitle":"New compilation target","metaDescription":"","type":"Documentation","breadcrumbs":"What\u0027s new in Kotlin///Earlier versions","root":0,"depth":2}