{"objectID":"_whatsnew15.html#duration_api_changes","parent":"_whatsnew15.html#language_features","pageViews":0,"url":"https://kotlinlang.org/docs/whatsnew15.html#duration-api-changes","mainTitle":"What\u0027s new in Kotlin 1.5.0","product":"","headings":"What\u0027s new in Kotlin 1.5.0,Duration API changes","content":"The Duration API is Experimental. It may be dropped or changed at any time. Use it only for evaluation purposes. We would appreciate hearing your feedback on it in YouTrack.\nThere is an experimental Duration class for representing duration amounts in different time units. In 1.5.0, the Duration API has received the following changes:\n- Internal value representation now uses Long instead of Double to provide better precision.\n- There is a new API for conversion to a particular time unit in Long. It comes to replace the old API, which operates with Double values and is now deprecated. For example, Duration.inWholeMinutes returns the value of the duration expressed as Long and replaces Duration.inMinutes.\n- There are new companion functions for constructing a Duration from a number. For example, Duration.seconds(Int) creates a Duration object representing an integer number of seconds. Old extension properties like Int.seconds are now deprecated.\nimport kotlin.time.Duration\nimport kotlin.time.ExperimentalTime\n\n@ExperimentalTime\nfun main() {\n//sampleStart\n    val duration \u003d Duration.milliseconds(120000)\n    println(\"There are ${duration.inWholeSeconds} seconds in ${duration.inWholeMinutes} minutes\")\n//sampleEnd\n}\n","pageTitle":"Duration API changes","metaDescription":"","type":"Documentation","breadcrumbs":"What\u0027s new in Kotlin///Earlier versions","root":0,"depth":2}