{"objectID":"_whatsnew20.html#new_attribute_to_distinguish_jvm_and_android_published_libraries","parent":"_whatsnew20.html#ide_support","pageViews":0,"url":"https://kotlinlang.org/docs/whatsnew20.html#new-attribute-to-distinguish-jvm-and-android-published-libraries","mainTitle":"What\u0027s new in Kotlin 2.0.0","product":"","headings":"What\u0027s new in Kotlin 2.0.0,New attribute to distinguish JVM and Android-published libraries","content":"Starting with Kotlin 2.0.0, the org.gradle.jvm.environment Gradle attribute is published by default with all Kotlin variants.\nThe attribute helps distinguish JVM and Android variants of Kotlin Multiplatform libraries. It indicates that a certain library variant is better suited for a certain JVM environment. The target environment could be \u0026quot;android\u0026quot;, \u0026quot;standard-jvm\u0026quot;, or \u0026quot;no-jvm\u0026quot;.\nPublishing this attribute should make consuming Kotlin Multiplatform libraries with JVM and Android targets more robust from non-multiplatform clients as well, such as Java-only projects.\nIf necessary, you can disable attribute publication. To do that, add the following Gradle option to your gradle.properties file:\nkotlin.publishJvmEnvironmentAttribute\u003dfalse\n","pageTitle":"New attribute to distinguish JVM and Android-published libraries","metaDescription":"","type":"Documentation","breadcrumbs":"What\u0027s new in Kotlin///Earlier versions","root":0,"depth":2}