{"objectID":"_whatsnew2120.html#support_for_dwarf_to_debug_kotlin_wasm_code","parent":"_whatsnew2120.html#ide_support","pageViews":0,"url":"https://kotlinlang.org/docs/whatsnew2120.html#support-for-dwarf-to-debug-kotlin-wasm-code","mainTitle":"What\u0027s new in Kotlin 2.1.20","product":"","headings":"What\u0027s new in Kotlin 2.1.20,Support for DWARF to debug Kotlin/Wasm code","content":"Kotlin 2.1.20 introduces support for DWARF (debugging with arbitrary record format) in Kotlin/Wasm.\nWith this change, the Kotlin/Wasm compiler is able to embed DWARF data into the generated WebAssembly (Wasm) binary. Many debuggers and virtual machines can read this data to provide insights into the compiled code.\nDWARF is mainly useful for debugging Kotlin/Wasm applications inside standalone Wasm virtual machines (VMs). To use this feature, the Wasm VM and debugger must support DWARF.\nWith DWARF support, you can step through Kotlin/Wasm applications, inspect variables, and gain code insights. To enable this feature, use the following compiler option:\n-Xwasm-generate-dwarf\n","pageTitle":"Support for DWARF to debug Kotlin/Wasm code","metaDescription":"","type":"Documentation","breadcrumbs":"What\u0027s new in Kotlin","root":0,"depth":1}