{"objectID":"_whatsnew14.html#converting_from_ktype_to_java_type","parent":"_whatsnew14.html#language_features_and_improvements","pageViews":0,"url":"https://kotlinlang.org/docs/whatsnew14.html#converting-from-ktype-to-java-type","mainTitle":"What\u0027s new in Kotlin 1.4.0","product":"","headings":"What\u0027s new in Kotlin 1.4.0,Converting from KType to Java Type","content":"A new extension property KType.javaType (currently experimental) in the stdlib helps you obtain a java.lang.reflect.Type from a Kotlin type without using the whole kotlin-reflect dependency.\nimport kotlin.reflect.javaType\nimport kotlin.reflect.typeOf\n\n@OptIn(ExperimentalStdlibApi::class)\ninline fun \u0026lt;reified T\u0026gt; accessReifiedTypeArg() {\n   val kType \u003d typeOf\u0026lt;T\u0026gt;()\n   println(\"Kotlin type: $kType\")\n   println(\"Java type: ${kType.javaType}\")\n}\n\n@OptIn(ExperimentalStdlibApi::class)\nfun main() {\n   accessReifiedTypeArg\u0026lt;String\u0026gt;()\n   // Kotlin type: kotlin.String\n   // Java type: class java.lang.String\n  \n   accessReifiedTypeArg\u0026lt;List\u0026lt;String\u0026gt;\u0026gt;()\n   // Kotlin type: kotlin.collections.List\u0026lt;kotlin.String\u0026gt;\n   // Java type: java.util.List\u0026lt;java.lang.String\u0026gt;\n}\n","pageTitle":"Converting from KType to Java Type","metaDescription":"","type":"Documentation","breadcrumbs":"What\u0027s new in Kotlin///Earlier versions","root":0,"depth":2}