{"objectID":"_whatsnew16.html#stable_typeof","parent":"_whatsnew16.html#language","pageViews":0,"url":"https://kotlinlang.org/docs/whatsnew16.html#stable-typeof","mainTitle":"What\u0027s new in Kotlin 1.6.0","product":"","headings":"What\u0027s new in Kotlin 1.6.0,Stable typeOf()","content":"Version 1.6.0 brings a Stable typeOf() function, closing one of the major roadmap items.\nSince 1.3.40, typeOf() was available on the JVM platform as an experimental API. Now you can use it in any Kotlin platform and get KType representation of any Kotlin type that the compiler can infer:\ninline fun \u0026lt;reified T\u0026gt; renderType(): String {\n    val type \u003d typeOf\u0026lt;T\u0026gt;()\n    return type.toString()\n}\n\nfun main() {\n    val fromExplicitType \u003d typeOf\u0026lt;Int\u0026gt;()\n    val fromReifiedType \u003d renderType\u0026lt;List\u0026lt;Int\u0026gt;\u0026gt;()\n}\n","pageTitle":"Stable typeOf()","metaDescription":"","type":"Documentation","breadcrumbs":"What\u0027s new in Kotlin///Earlier versions","root":0,"depth":2}