{"objectID":"_whatsnew2020.html#aligned_dependency_behavior_of_kotlin_gradle_plugin_with_java_test_fixtures_plugin","parent":"_whatsnew2020.html#ide_support","pageViews":0,"url":"https://kotlinlang.org/docs/whatsnew2020.html#aligned-dependency-behavior-of-kotlin-gradle-plugin-with-java-test-fixtures-plugin","mainTitle":"What\u0027s new in Kotlin 2.0.20","product":"","headings":"What\u0027s new in Kotlin 2.0.20,Aligned dependency behavior of Kotlin Gradle plugin with java-test-fixtures plugin","content":"Prior to Kotlin 2.0.20, if you used the java-test-fixtures plugin in your project, there was a difference between Gradle and the Kotlin Gradle plugin in how dependencies were propagated.\nThe Kotlin Gradle plugin propagated dependencies:\n- From the java-test-fixtures plugin\u0027s implementation and api dependency types to the test source set compilation classpath.\n- From the main source set\u0027s implementation and api dependency types to the java-test-fixtures plugin\u0027s source set compilation classpath.\nHowever, Gradle only propagated dependencies in the api dependency types.\nThis difference in behavior led to some projects finding resource files multiple times in the classpath.\nAs of Kotlin 2.0.20, the Kotlin Gradle plugin\u0027s behavior is aligned with Gradle\u0027s java-test-fixtures plugin so this problem no longer occurs for this or other Gradle plugins.\nAs a result of this change, some dependencies in the test and testFixtures source sets may no longer be accessible. If this happens, either change the dependency declaration type from implementation to api or add a new dependency declaration on the affected source set.\n","pageTitle":"Aligned dependency behavior of Kotlin Gradle plugin with java-test-fixtures plugin","metaDescription":"","type":"Documentation","breadcrumbs":"What\u0027s new in Kotlin///Earlier versions","root":0,"depth":2}