{"objectID":"_whatsnew2020.html#static_accessors_for_source_sets_from_the_default_target_hierarchy","parent":"_whatsnew2020.html#ide_support","pageViews":0,"url":"https://kotlinlang.org/docs/whatsnew2020.html#static-accessors-for-source-sets-from-the-default-target-hierarchy","mainTitle":"What\u0027s new in Kotlin 2.0.20","product":"","headings":"What\u0027s new in Kotlin 2.0.20,Static accessors for source sets from the default target hierarchy","content":"Since Kotlin 1.9.20, the default hierarchy template is automatically applied to all Kotlin Multiplatform projects. And for all of the source sets from the default hierarchy template, the Kotlin Gradle plugin provided type-safe accessors. That way, you could finally access source sets for all the specified targets without having to use by getting or by creating constructs.\nKotlin 2.0.20 aims to improve your IDE experience even further. It now provides static accessors in the sourceSets {} block for all the source sets from the default hierarchy template. We believe this change will make accessing source sets by name easier and more predictable.\nEach such source set now has a detailed KDoc comment with a sample and a diagnostic message with a warning in case you try to access the source set without declaring the corresponding target first:\nkotlin {\n    jvm()\n    linuxX64()\n    linuxArm64()\n    mingwX64()\n  \n    sourceSets {\n        commonMain.languageSettings {\n            progressiveMode \u003d true\n        }\n\n\n        jvmMain { }\n        linuxX64Main { }\n        linuxArm64Main { }\n        // Warning: accessing source set without registering the target\n        iosX64Main { }\n    }\n}\nAccessing the source sets by name Learn more about the hierarchical project structure in Kotlin Multiplatform.\n","pageTitle":"Static accessors for source sets from the default target hierarchy","metaDescription":"","type":"Documentation","breadcrumbs":"What\u0027s new in Kotlin///Earlier versions","root":0,"depth":2}