{"objectID":"_whatsnew14.html#new_dependencies_resolution_api","parent":"_whatsnew14.html#language_features_and_improvements","pageViews":0,"url":"https://kotlinlang.org/docs/whatsnew14.html#new-dependencies-resolution-api","mainTitle":"What\u0027s new in Kotlin 1.4.0","product":"","headings":"What\u0027s new in Kotlin 1.4.0,New dependencies resolution API","content":"In 1.4.0, we\u0027ve introduced a new API for resolving external dependencies (such as Maven artifacts), along with implementations for it. This API is published in the new artifacts kotlin-scripting-dependencies and kotlin-scripting-dependencies-maven. The previous dependency resolution functionality in kotlin-script-util library is now deprecated.\n","pageTitle":"New dependencies resolution API","metaDescription":"","type":"Documentation","breadcrumbs":"What\u0027s new in Kotlin///Earlier versions","root":0,"depth":2}