{"objectID":"_whatsnew1720.html#implementing_openendrange_in_the_existing_iterable_ranges","parent":"_whatsnew1720.html#support_for_kotlin_k2_compiler_plugins","pageViews":0,"url":"https://kotlinlang.org/docs/whatsnew1720.html#implementing-openendrange-in-the-existing-iterable-ranges","mainTitle":"What\u0027s new in Kotlin 1.7.20","product":"","headings":"What\u0027s new in Kotlin 1.7.20,Implementing OpenEndRange in the existing iterable ranges","content":"When developers need to get a range with an excluded upper bound, they currently use the until function to effectively produce a closed iterable range with the same values. To make these ranges acceptable in the new API that takes OpenEndRange\u0026lt;T\u0026gt;, we want to implement that interface in the existing iterable ranges: IntRange, LongRange, CharRange, UIntRange, and ULongRange. So they will simultaneously implement both the ClosedRange\u0026lt;T\u0026gt; and OpenEndRange\u0026lt;T\u0026gt; interfaces.\nclass IntRange : IntProgression(...), ClosedRange\u0026lt;Int\u0026gt;, OpenEndRange\u0026lt;Int\u0026gt; {\n    override val start: Int\n    override val endInclusive: Int\n    override val endExclusive: Int\n}\n","pageTitle":"Implementing OpenEndRange in the existing iterable ranges","metaDescription":"","type":"Documentation","breadcrumbs":"What\u0027s new in Kotlin///Earlier versions","root":0,"depth":2}