{"objectID":"_whatsnew1720.html#support_for_the_jvm_ir_backend_in_kapt_stub_generating_task","parent":"_whatsnew1720.html#support_for_kotlin_k2_compiler_plugins","pageViews":0,"url":"https://kotlinlang.org/docs/whatsnew1720.html#support-for-the-jvm-ir-backend-in-kapt-stub-generating-task","mainTitle":"What\u0027s new in Kotlin 1.7.20","product":"","headings":"What\u0027s new in Kotlin 1.7.20,Support for the JVM IR backend in kapt stub generating task","content":"Support for the JVM IR backend in the kapt stub generating task is an Experimental feature. It may be changed at any time. Opt-in is required (see details below), and you should use it only for evaluation purposes.\nBefore 1.7.20, the kapt stub generating task used the old backend, and repeatable annotations didn\u0027t work with kapt. With Kotlin 1.7.20, we\u0027ve added support for the JVM IR backend in the kapt stub generating task. This makes it possible to use all the newest Kotlin features with kapt, including repeatable annotations.\nTo use the IR backend in kapt, add the following option to your gradle.properties file:\nkapt.use.jvm.ir\u003dtrue\nWe would appreciate your feedback on this feature in YouTrack.\n","pageTitle":"Support for the JVM IR backend in kapt stub generating task","metaDescription":"","type":"Documentation","breadcrumbs":"What\u0027s new in Kotlin///Earlier versions","root":0,"depth":2}