{"objectID":"_whatsnew19.html#deprecation_of_the_kotlin_js_gradle_plugin","parent":"_whatsnew19.html#ide_support","pageViews":0,"url":"https://kotlinlang.org/docs/whatsnew19.html#deprecation-of-the-kotlin-js-gradle-plugin","mainTitle":"What\u0027s new in Kotlin 1.9.0","product":"","headings":"What\u0027s new in Kotlin 1.9.0,Deprecation of the Kotlin/JS Gradle plugin","content":"Starting with Kotlin 1.9.0, the kotlin-js Gradle plugin is deprecated. We encourage you to use the kotlin-multiplatform Gradle plugin with the js() target instead.\nThe functionality of the Kotlin/JS Gradle plugin essentially duplicated the kotlin-multiplatform plugin and shared the same implementation under the hood. This overlap created confusion and increased maintenance load on the Kotlin team.\nRefer to our Compatibility guide for Kotlin Multiplatform for migration instructions. If you find any issues that aren\u0027t covered in the guide, please report them to our issue tracker.\n","pageTitle":"Deprecation of the Kotlin/JS Gradle plugin","metaDescription":"","type":"Documentation","breadcrumbs":"What\u0027s new in Kotlin///Earlier versions","root":0,"depth":2}