{"objectID":"_whatsnew14.html#new_gradle_dsl","parent":"_whatsnew14.html#language_features_and_improvements","pageViews":0,"url":"https://kotlinlang.org/docs/whatsnew14.html#new-gradle-dsl","mainTitle":"What\u0027s new in Kotlin 1.4.0","product":"","headings":"What\u0027s new in Kotlin 1.4.0,New Gradle DSL","content":"The kotlin.js Gradle plugin comes with an adjusted Gradle DSL, which provides a number of new configuration options and is more closely aligned to the DSL used by the kotlin-multiplatform plugin. Some of the most impactful changes include:\n- Explicit toggles for the creation of executable files via binaries.executable(). Read more about the executing Kotlin/JS and its environment here.\n- Configuration of webpack\u0027s CSS and style loaders from within the Gradle configuration via cssSupport. Read more about using CSS and style loaders here.\n- Improved management for npm dependencies, with mandatory version numbers or semver version ranges, as well as support for development, peer, and optional npm dependencies using devNpm, optionalNpm and peerNpm. Read more about dependency management for npm packages directly from Gradle here.\n- Stronger integrations for Dukat, the generator for Kotlin external declarations. External declarations can now be generated at build time, or can be manually generated via a Gradle task.\n","pageTitle":"New Gradle DSL","metaDescription":"","type":"Documentation","breadcrumbs":"What\u0027s new in Kotlin///Earlier versions","root":0,"depth":2}