{"objectID":"_whatsnew21.html#kotlin_multiplatform","parent":"_whatsnew21.html#ide_support","pageViews":0,"url":"https://kotlinlang.org/docs/whatsnew21.html#kotlin-multiplatform","mainTitle":"What\u0027s new in Kotlin 2.1.0","product":"","headings":"What\u0027s new in Kotlin 2.1.0,Kotlin Multiplatform","content":"Kotlin 2.1.0 introduces basic support for Swift export and makes publishing Kotlin Multiplatform libraries easier. It also focuses on improvements around Gradle that stabilize the new DSL for configuring compiler options and bring a preview of the Isolated Projects feature.\n","pageTitle":"Kotlin Multiplatform","metaDescription":"","type":"Documentation","breadcrumbs":"What\u0027s new in Kotlin","root":0,"depth":1}