{"objectID":"_whatsnew15.html#deactivation_of_the_memory_leak_checker","parent":"_whatsnew15.html#language_features","pageViews":0,"url":"https://kotlinlang.org/docs/whatsnew15.html#deactivation-of-the-memory-leak-checker","mainTitle":"What\u0027s new in Kotlin 1.5.0","product":"","headings":"What\u0027s new in Kotlin 1.5.0,Deactivation of the memory leak checker","content":"The built-in Kotlin/Native memory leak checker has been disabled by default.\nIt was initially designed for internal use, and it is able to find leaks only in a limited number of cases, not all of them. Moreover, it later turned out to have issues that can cause application crashes. So we\u0027ve decided to turn off the memory leak checker.\nThe memory leak checker can still be useful for certain cases, for example, unit testing. For these cases, you can enable it by adding the following line of code:\nPlatform.isMemoryLeakCheckerActive \u003d true\nNote that enabling the checker for the application runtime is not recommended.\n","pageTitle":"Deactivation of the memory leak checker","metaDescription":"","type":"Documentation","breadcrumbs":"What\u0027s new in Kotlin///Earlier versions","root":0,"depth":2}