{"objectID":"_whatsnew1920.html#full_support_for_the_gradle_configuration_cache_in_kotlin_multiplatform","parent":"_whatsnew1920.html#ide_support","pageViews":0,"url":"https://kotlinlang.org/docs/whatsnew1920.html#full-support-for-the-gradle-configuration-cache-in-kotlin-multiplatform","mainTitle":"What\u0027s new in Kotlin 1.9.20","product":"","headings":"What\u0027s new in Kotlin 1.9.20,Full support for the Gradle configuration cache in Kotlin Multiplatform","content":"Previously, we introduced a preview of the Gradle configuration cache, which was available for Kotlin multiplatform libraries. With 1.9.20, the Kotlin Multiplatform plugin takes a step further.\nIt now supports the Gradle configuration cache in the Kotlin CocoaPods Gradle plugin, as well as in the integration tasks that are necessary for Xcode builds, like embedAndSignAppleFrameworkForXcode.\nNow all multiplatform projects can take advantage of the improved build time. The Gradle configuration cache speeds up the build process by reusing the results of the configuration phase for subsequent builds. For more details and setup instructions, see the Gradle documentation.\n","pageTitle":"Full support for the Gradle configuration cache in Kotlin Multiplatform","metaDescription":"","type":"Documentation","breadcrumbs":"What\u0027s new in Kotlin///Earlier versions","root":0,"depth":2}