{"objectID":"_whatsnew1430.html#locale_agnostic_api_for_upper_lowercasing_text","parent":"_whatsnew1430.html#language_features","pageViews":0,"url":"https://kotlinlang.org/docs/whatsnew1430.html#locale-agnostic-api-for-upper-lowercasing-text","mainTitle":"What\u0027s new in Kotlin 1.4.30","product":"","headings":"What\u0027s new in Kotlin 1.4.30,Locale-agnostic API for upper/lowercasing text","content":"The locale-agnostic API feature is Experimental. It may be dropped or changed at any time. Use it only for evaluation purposes. We would appreciate your feedback on it in YouTrack.\nThis release introduces the experimental locale-agnostic API for changing the case of strings and characters. The current toLowerCase(), toUpperCase(), capitalize(), decapitalize() API functions are locale-sensitive. This means that different platform locale settings can affect code behavior. For example, in the Turkish locale, when the string \u0026quot;kotlin\u0026quot; is converted using toUpperCase, the result is \u0026quot;KOTLİN\u0026quot;, not \u0026quot;KOTLIN\u0026quot;.\n// current API\nprintln(\"Needs to be capitalized\".toUpperCase()) // NEEDS TO BE CAPITALIZED\n\n// new API\nprintln(\"Needs to be capitalized\".uppercase()) // NEEDS TO BE CAPITALIZED\nKotlin 1.4.30 provides the following alternatives:\n- For String functions:\nEarlier versions 1.4.30 alternative\nString.toUpperCase() String.uppercase()\nString.toLowerCase() String.lowercase()\nString.capitalize() String.replaceFirstChar { it.uppercase() }\nString.decapitalize() String.replaceFirstChar { it.lowercase() }\n- For Char functions:\nEarlier versions 1.4.30 alternative\nChar.toUpperCase() Char.uppercaseChar(): CharChar.uppercase(): String\nChar.toLowerCase() Char.lowercaseChar(): CharChar.lowercase(): String\nChar.toTitleCase() Char.titlecaseChar(): CharChar.titlecase(): String\nFor Kotlin/JVM, there are also overloaded uppercase(), lowercase(), and titlecase() functions with an explicit Locale parameter.\nSee the full list of changes to the text processing functions in KEEP.\n","pageTitle":"Locale-agnostic API for upper/lowercasing text","metaDescription":"","type":"Documentation","breadcrumbs":"What\u0027s new in Kotlin///Earlier versions","root":0,"depth":2}