{"objectID":"_whatsnew1820.html#opt_in_for_generation_of_typescript_definition_files","parent":"_whatsnew1820.html#ide_support","pageViews":0,"url":"https://kotlinlang.org/docs/whatsnew1820.html#opt-in-for-generation-of-typescript-definition-files","mainTitle":"What\u0027s new in Kotlin 1.8.20","product":"","headings":"What\u0027s new in Kotlin 1.8.20,Opt in for generation of TypeScript definition files","content":"Previously, if you had a project that produced executable files (binaries.executable()), the Kotlin/JS IR compiler collected any top-level declarations marked with @JsExport and automatically generated TypeScript definitions in a .d.ts file.\nAs this isn\u0027t useful for every project, we\u0027ve changed the behavior in Kotlin 1.8.20. If you want to generate TypeScript definitions, you have to explicitly configure this in your Gradle build file. Add generateTypeScriptDefinitions() to your build.gradle.kts.file in the js section. For example:\nkotlin {\n    js {\n        binaries.executable()\n        browser {\n        }\n        generateTypeScriptDefinitions()\n    }\n}\nThe generation of TypeScript definitions (d.ts) is Experimental. It may be dropped or changed at any time.\n","pageTitle":"Opt in for generation of TypeScript definition files","metaDescription":"","type":"Documentation","breadcrumbs":"What\u0027s new in Kotlin///Earlier versions","root":0,"depth":2}