{"objectID":"_whatsnew14.html#mixing_named_and_positional_arguments","parent":"_whatsnew14.html#language_features_and_improvements","pageViews":0,"url":"https://kotlinlang.org/docs/whatsnew14.html#mixing-named-and-positional-arguments","mainTitle":"What\u0027s new in Kotlin 1.4.0","product":"","headings":"What\u0027s new in Kotlin 1.4.0,Mixing named and positional arguments","content":"In Kotlin 1.3, when you called a function with named arguments, you had to place all the arguments without names (positional arguments) before the first named argument. For example, you could call f(1, y \u003d 2), but you couldn\u0027t call f(x \u003d 1, 2).\nIt was really annoying when all the arguments were in their correct positions but you wanted to specify a name for one argument in the middle. It was especially helpful for making absolutely clear which attribute a boolean or null value belongs to.\nIn Kotlin 1.4, there is no such limitation – you can now specify a name for an argument in the middle of a set of positional arguments. Moreover, you can mix positional and named arguments any way you like, as long as they remain in the correct order.\nfun reformat(\n    str: String,\n    uppercaseFirstLetter: Boolean \u003d true,\n    wordSeparator: Char \u003d \u0027 \u0027\n) {\n    // ...\n}\n\n//Function call with a named argument in the middle\nreformat(\"This is a String!\", uppercaseFirstLetter \u003d false , \u0027-\u0027)\n","pageTitle":"Mixing named and positional arguments","metaDescription":"","type":"Documentation","breadcrumbs":"What\u0027s new in Kotlin///Earlier versions","root":0,"depth":2}