{"objectID":"_whatsnew21.html#support_for_accessing_javascript_exception_details_in_kotlin_wasm","parent":"_whatsnew21.html#ide_support","pageViews":0,"url":"https://kotlinlang.org/docs/whatsnew21.html#support-for-accessing-javascript-exception-details-in-kotlin-wasm","mainTitle":"What\u0027s new in Kotlin 2.1.0","product":"","headings":"What\u0027s new in Kotlin 2.1.0,Support for accessing JavaScript exception details in Kotlin/Wasm","content":"Previously, when a JavaScript exception occurred in Kotlin/Wasm, the JsException type provided only a generic message without details from the original JavaScript error.\nStarting from Kotlin 2.1.0, you can configure JsException to include the original error message and stack trace by enabling a specific compiler option. This provides more context to help diagnose issues originating from JavaScript.\nThis behavior depends on the WebAssembly.JSTag API, which is available only in certain browsers:\n- Chrome: Supported from version 115\n- Firefox: Supported from version 129\n- Safari: Not yet supported\nTo enable this feature, which is disabled by default, add the following compiler option to your build.gradle.kts file:\n// build.gradle.kts\nkotlin {\n    wasmJs {\n        compilerOptions {\n            freeCompilerArgs.add(\"-Xwasm-attach-js-exception\")\n        }\n    }\n}\nHere\u0027s an example demonstrating the new behavior:\nexternal object JSON {\n    fun \u0026lt;T: JsAny\u0026gt; parse(json: String): T\n}\n\nfun main() {\n    try {\n        JSON.parse(\"an invalid JSON\")\n    } catch (e: JsException) {\n        println(\"Thrown value is: ${e.thrownValue}\")\n        // SyntaxError: Unexpected token \u0027a\u0027, \"an invalid JSON\" is not valid JSON\n\n        println(\"Message: ${e.message}\")\n        // Message: Unexpected token \u0027a\u0027, \"an invalid JSON\" is not valid JSON\n\n        println(\"Stacktrace:\")\n        // Stacktrace:\n\n        // Prints the full JavaScript stack trace \n        e.printStackTrace()\n    }\n}\nWith the -Xwasm-attach-js-exception option enabled, JsException provides specific details from the JavaScript error. Without the option, JsException includes only a generic message stating that an exception was thrown while running JavaScript code.\n","pageTitle":"Support for accessing JavaScript exception details in Kotlin/Wasm","metaDescription":"","type":"Documentation","breadcrumbs":"What\u0027s new in Kotlin","root":0,"depth":1}