{"objectID":"_whatsnew1530.html#support_for_java_toolchains","parent":"_whatsnew1530.html#language_features","pageViews":0,"url":"https://kotlinlang.org/docs/whatsnew1530.html#support-for-java-toolchains","mainTitle":"What\u0027s new in Kotlin 1.5.30","product":"","headings":"What\u0027s new in Kotlin 1.5.30,Support for Java toolchains","content":"Gradle 6.7 introduced the \u0026quot;Java toolchains support\u0026quot; feature. Using this feature, you can:\n- Run compilations, tests, and executables using JDKs and JREs that are different from the Gradle ones.\n- Compile and test code with an unreleased language version.\nWith toolchains support, Gradle can autodetect local JDKs and install missing JDKs that Gradle requires for the build. Now Gradle itself can run on any JDK and still reuse the build cache feature.\nThe Kotlin Gradle plugin supports Java toolchains for Kotlin/JVM compilation tasks. A Java toolchain:\n- Sets the jdkHome option available for JVM targets.\nThe ability to set the jdkHome option directly has been deprecated.\n- Sets the kotlinOptions.jvmTarget to the toolchain\u0027s JDK version if the user didn\u0027t set the jvmTarget option explicitly. If the toolchain is not configured, the jvmTarget field uses the default value. Learn more about JVM target compatibility.\n- Affects which JDK kapt workers are running on.\nUse the following code to set a toolchain. Replace the placeholder \u0026lt;MAJOR_JDK_VERSION\u0026gt; with the JDK version you would like to use:\n\u003cb\u003eKotlin\u003c/b\u003e kotlin {\n    jvmToolchain {\n        (this as JavaToolchainSpec).languageVersion.set(JavaLanguageVersion.of(\u0026lt;MAJOR_JDK_VERSION\u0026gt;)) // \"8\"\n    }\n}\n\u003cb\u003eGroovy\u003c/b\u003e kotlin {\n    jvmToolchain {\n        languageVersion.set(JavaLanguageVersion.of(\u0026lt;MAJOR_JDK_VERSION\u0026gt;)) // \"8\"\n    }\n}\nNote that setting a toolchain via the kotlin extension will update the toolchain for Java compile tasks as well.\nYou can set a toolchain via the java extension, and Kotlin compilation tasks will use it:\njava {\n    toolchain {\n        languageVersion.set(JavaLanguageVersion.of(\u0026lt;MAJOR_JDK_VERSION\u0026gt;)) // \"8\"\n    }\n}\nFor information about setting any JDK version for KotlinCompile tasks, look through the docs about setting the JDK version with the Task DSL.\nFor Gradle versions from 6.1 to 6.6, use the UsesKotlinJavaToolchain interface to set the JDK home.\n","pageTitle":"Support for Java toolchains","metaDescription":"","type":"Documentation","breadcrumbs":"What\u0027s new in Kotlin///Earlier versions","root":0,"depth":2}