{"objectID":"_whatsnew20.html#explicitly_added_standard_library_and_platform_dependencies_to_kotlin_native","parent":"_whatsnew20.html#ide_support","pageViews":0,"url":"https://kotlinlang.org/docs/whatsnew20.html#explicitly-added-standard-library-and-platform-dependencies-to-kotlin-native","mainTitle":"What\u0027s new in Kotlin 2.0.0","product":"","headings":"What\u0027s new in Kotlin 2.0.0,Explicitly added standard library and platform dependencies to Kotlin/Native","content":"Previously, the Kotlin/Native compiler resolved standard library and platform dependencies implicitly, which caused inconsistencies in the way the Kotlin Gradle plugin worked across Kotlin targets.\nNow, each Kotlin/Native Gradle compilation explicitly includes standard library and platform dependencies in its compile-time library path via the compileDependencyFiles compilation parameter.\n","pageTitle":"Explicitly added standard library and platform dependencies to Kotlin/Native","metaDescription":"","type":"Documentation","breadcrumbs":"What\u0027s new in Kotlin///Earlier versions","root":0,"depth":2}