{"objectID":"_whatsnew1620.html#performance_improvements","parent":"_whatsnew1620.html#language","pageViews":0,"url":"https://kotlinlang.org/docs/whatsnew1620.html#performance-improvements","mainTitle":"What\u0027s new in Kotlin 1.6.20","product":"","headings":"What\u0027s new in Kotlin 1.6.20,Performance improvements","content":"We are working hard on Kotlin/Native to speed up the compilation process and improve your developing experience.\nKotlin 1.6.20 brings some performance updates and bug fixes that affect the LLVM IR that Kotlin generates. According to the benchmarks on our internal projects, we achieved the following performance boosts on average:\n- 15% reduction in execution time\n- 20% reduction in the code size of both release and debug binaries\n- 26% reduction in the compilation time of release binaries\nThese changes also provide a 10% reduction in compilation time for a debug binary on a large internal project.\nTo achieve this, we\u0027ve implemented static initialization for some of the compiler-generated synthetic objects, improved the way we structure LLVM IR for every function, and optimized the compiler caches.\n","pageTitle":"Performance improvements","metaDescription":"","type":"Documentation","breadcrumbs":"What\u0027s new in Kotlin///Earlier versions","root":0,"depth":2}