{"objectID":"_whatsnew1920.html#removal_of_the_legacy_memory_manager","parent":"_whatsnew1920.html#ide_support","pageViews":0,"url":"https://kotlinlang.org/docs/whatsnew1920.html#removal-of-the-legacy-memory-manager","mainTitle":"What\u0027s new in Kotlin 1.9.20","product":"","headings":"What\u0027s new in Kotlin 1.9.20,Removal of the legacy memory manager","content":"The new memory manager was introduced in Kotlin 1.6.20 and became the default in 1.7.20. Since then, it has been receiving further updates and performance improvements and has become Stable.\nThe time has come to complete the deprecation cycle and remove the legacy memory manager. If you\u0027re still using it, remove the kotlin.native.binary.memoryModel\u003dstrict option from your gradle.properties and follow our Migration guide to make the necessary changes.\n","pageTitle":"Removal of the legacy memory manager","metaDescription":"","type":"Documentation","breadcrumbs":"What\u0027s new in Kotlin///Earlier versions","root":0,"depth":2}