{"objectID":"_whatsnew1620.html#properties_for_defining_kotlin_compiler_execution_strategy","parent":"_whatsnew1620.html#language","pageViews":0,"url":"https://kotlinlang.org/docs/whatsnew1620.html#properties-for-defining-kotlin-compiler-execution-strategy","mainTitle":"What\u0027s new in Kotlin 1.6.20","product":"","headings":"What\u0027s new in Kotlin 1.6.20,Properties for defining Kotlin compiler execution strategy","content":"Before Kotlin 1.6.20, you used the system property -Dkotlin.compiler.execution.strategy to define a Kotlin compiler execution strategy. This property might have been inconvenient in some cases. Kotlin 1.6.20 introduces a Gradle property with the same name, kotlin.compiler.execution.strategy, and the compile task property compilerExecutionStrategy.\nThe system property still works, but it will be removed in future releases.\nThe current priority of properties is the following:\n- The task property compilerExecutionStrategy takes priority over the system property and the Gradle property kotlin.compiler.execution.strategy.\n- The Gradle property takes priority over the system property.\nThere are three compiler execution strategies that you can assign to these properties:\nStrategy Where Kotlin compiler is executed Incremental compilation Other characteristics\nDaemon Inside its own daemon process Yes The default strategy. Can be shared between different Gradle daemons\nIn process Inside the Gradle daemon process No May share the heap with the Gradle daemon\nOut of process In a separate process for each call No —\nAccordingly, the available values for kotlin.compiler.execution.strategy properties (both system and Gradle\u0027s) are:\n2. daemon (default)\n4. in-process\n6. out-of-process\nUse the Gradle property kotlin.compiler.execution.strategy in gradle.properties:\n# gradle.properties\nkotlin.compiler.execution.strategy\u003dout-of-process\nThe available values for the compilerExecutionStrategy task property are:\n2. org.jetbrains.kotlin.gradle.tasks.KotlinCompilerExecutionStrategy.DAEMON (default)\n4. org.jetbrains.kotlin.gradle.tasks.KotlinCompilerExecutionStrategy.IN_PROCESS\n6. org.jetbrains.kotlin.gradle.tasks.KotlinCompilerExecutionStrategy.OUT_OF_PROCESS\nUse the task property compilerExecutionStrategy in the build.gradle.kts build script:\nimport org.jetbrains.kotlin.gradle.dsl.KotlinCompile\nimport org.jetbrains.kotlin.gradle.tasks.KotlinCompilerExecutionStrategy\n\n// ...\n\ntasks.withType\u0026lt;KotlinCompile\u0026gt;().configureEach {\n    compilerExecutionStrategy.set(KotlinCompilerExecutionStrategy.IN_PROCESS)\n}\nPlease leave your feedback in this YouTrack task.\n","pageTitle":"Properties for defining Kotlin compiler execution strategy","metaDescription":"","type":"Documentation","breadcrumbs":"What\u0027s new in Kotlin///Earlier versions","root":0,"depth":2}