{"objectID":"_whatsnew1530.html#ability_to_specify_jdk_home_with_useskotlinjavatoolchain_interface","parent":"_whatsnew1530.html#language_features","pageViews":0,"url":"https://kotlinlang.org/docs/whatsnew1530.html#ability-to-specify-jdk-home-with-useskotlinjavatoolchain-interface","mainTitle":"What\u0027s new in Kotlin 1.5.30","product":"","headings":"What\u0027s new in Kotlin 1.5.30,Ability to specify JDK home with UsesKotlinJavaToolchain interface","content":"All Kotlin tasks that support setting the JDK via kotlinOptions now implement the UsesKotlinJavaToolchain interface. To set the JDK home, put a path to your JDK and replace the \u0026lt;JDK_VERSION\u0026gt; placeholder:\n\u003cb\u003eKotlin\u003c/b\u003e project.tasks\n    .withType\u0026lt;UsesKotlinJavaToolchain\u0026gt;()\n    .configureEach {\n        it.kotlinJavaToolchain.jdk.use(\n            \"/path/to/local/jdk\",\n            JavaVersion.\u0026lt;LOCAL_JDK_VERSION\u0026gt;\n        )\n    }\n\u003cb\u003eGroovy\u003c/b\u003e project.tasks\n    .withType(UsesKotlinJavaToolchain.class)\n    .configureEach {\n        it.kotlinJavaToolchain.jdk.use(\n            \u0027/path/to/local/jdk\u0027,\n            JavaVersion.\u0026lt;LOCAL_JDK_VERSION\u0026gt;\n        )\n    }\nUse the UsesKotlinJavaToolchain interface for Gradle versions from 6.1 to 6.6. Starting from Gradle 6.7, use the Java toolchains instead.\nWhen using this feature, note that kapt task workers will only use process isolation mode, and the kapt.workers.isolation property will be ignored.\n","pageTitle":"Ability to specify JDK home with UsesKotlinJavaToolchain interface","metaDescription":"","type":"Documentation","breadcrumbs":"What\u0027s new in Kotlin///Earlier versions","root":0,"depth":2}