{"objectID":"_whatsnew20.html#new_json_output_format_for_build_reports","parent":"_whatsnew20.html#ide_support","pageViews":0,"url":"https://kotlinlang.org/docs/whatsnew20.html#new-json-output-format-for-build-reports","mainTitle":"What\u0027s new in Kotlin 2.0.0","product":"","headings":"What\u0027s new in Kotlin 2.0.0,New JSON output format for build reports","content":"In Kotlin 1.7.0, we introduced build reports to help track compiler performance. Over time, we\u0027ve added more metrics to make these reports even more detailed and helpful when investigating performance issues. Previously, the only output format for a local file was the *.txt format. In Kotlin 2.0.0, we support the JSON output format to make it even easier to analyze using other tools.\nTo configure JSON output format for your build reports, declare the following properties in your gradle.properties file:\nkotlin.build.report.output\u003djson\n\n// The directory to store your build reports\nkotlin.build.report.json.directory\u003dmy/directory/path\nAlternatively, you can run the following command:\n./gradlew assemble -Pkotlin.build.report.output\u003djson -Pkotlin.build.report.json.directory\u003d\"my/directory/path\"\nOnce configured, Gradle generates your build reports in the directory that you specify with the name: ${project_name}-date-time-\u0026lt;sequence_number\u0026gt;.json.\nHere\u0027s an example snippet from a build report with JSON output format that contains build metrics and aggregated metrics:\n\"buildOperationRecord\": [\n    {\n     \"path\": \":lib:compileKotlin\",\n      \"classFqName\": \"org.jetbrains.kotlin.gradle.tasks.KotlinCompile_Decorated\",\n      \"startTimeMs\": 1714730820601,\n      \"totalTimeMs\": 2724,\n      \"buildMetrics\": {\n        \"buildTimes\": {\n          \"buildTimesNs\": {\n            \"CLEAR_OUTPUT\": 713417,\n            \"SHRINK_AND_SAVE_CURRENT_CLASSPATH_SNAPSHOT_AFTER_COMPILATION\": 19699333,\n            \"IR_TRANSLATION\": 281000000,\n            \"NON_INCREMENTAL_LOAD_CURRENT_CLASSPATH_SNAPSHOT\": 14088042,\n            \"CALCULATE_OUTPUT_SIZE\": 1301500,\n            \"GRADLE_TASK\": 2724000000,\n            \"COMPILER_INITIALIZATION\": 263000000,\n            \"IR_GENERATION\": 74000000,\n...\n          }\n        }\n...\n \"aggregatedMetrics\": {\n    \"buildTimes\": {\n      \"buildTimesNs\": {\n        \"CLEAR_OUTPUT\": 782667,\n        \"SHRINK_AND_SAVE_CURRENT_CLASSPATH_SNAPSHOT_AFTER_COMPILATION\": 22031833,\n        \"IR_TRANSLATION\": 333000000,\n        \"NON_INCREMENTAL_LOAD_CURRENT_CLASSPATH_SNAPSHOT\": 14890292,\n        \"CALCULATE_OUTPUT_SIZE\": 2370750,\n        \"GRADLE_TASK\": 3234000000,\n        \"COMPILER_INITIALIZATION\": 292000000,\n        \"IR_GENERATION\": 89000000,\n...\n      }\n    }\n","pageTitle":"New JSON output format for build reports","metaDescription":"","type":"Documentation","breadcrumbs":"What\u0027s new in Kotlin///Earlier versions","root":0,"depth":2}