{"objectID":"_whatsnew1720.html#how_to_enable_the_kotlin_k2_compiler","parent":"_whatsnew1720.html#support_for_kotlin_k2_compiler_plugins","pageViews":0,"url":"https://kotlinlang.org/docs/whatsnew1720.html#how-to-enable-the-kotlin-k2-compiler","mainTitle":"What\u0027s new in Kotlin 1.7.20","product":"","headings":"What\u0027s new in Kotlin 1.7.20,How to enable the Kotlin K2 compiler","content":"To enable the Kotlin K2 compiler and test it, use the following compiler option:\n-Xuse-k2\nYou can specify it in your build.gradle(.kts) file:\n\u003cb\u003eKotlin\u003c/b\u003e tasks.withType\u0026lt;KotlinCompile\u0026gt; {\n    kotlinOptions.useK2 \u003d true\n}\n\u003cb\u003eGroovy\u003c/b\u003e compileKotlin {\n    kotlinOptions.useK2 \u003d true\n}\nCheck out the performance boost on your JVM projects and compare it with the results of the old compiler.\n","pageTitle":"How to enable the Kotlin K2 compiler","metaDescription":"","type":"Documentation","breadcrumbs":"What\u0027s new in Kotlin///Earlier versions","root":0,"depth":2}