{"objectID":"_whatsnew1920.html#companion_object_initialization_on_class_constructor_calls","parent":"_whatsnew1920.html#ide_support","pageViews":0,"url":"https://kotlinlang.org/docs/whatsnew1920.html#companion-object-initialization-on-class-constructor-calls","mainTitle":"What\u0027s new in Kotlin 1.9.20","product":"","headings":"What\u0027s new in Kotlin 1.9.20,Companion object initialization on class constructor calls","content":"Starting with Kotlin 1.9.20, the Kotlin/Native backend calls static initializers for companion objects in class constructors:\nclass Greeting {\n    companion object {\n        init {\n            print(\"Hello, Kotlin!\") \n        }\n    }\n}\n\nfun main() {\n    val start \u003d Greeting() // Prints \"Hello, Kotlin!\"\n}\nThe behavior is now unified with Kotlin/JVM, where a companion object is initialized when the corresponding class matching the semantics of a Java static initializer is loaded (resolved).\nNow that the implementation of this feature is more consistent between platforms, it\u0027s easier to share code in Kotlin Multiplatform projects.\n","pageTitle":"Companion object initialization on class constructor calls","metaDescription":"","type":"Documentation","breadcrumbs":"What\u0027s new in Kotlin///Earlier versions","root":0,"depth":2}