{"objectID":"_whatsnew12.html#typedarrays_support_enabled_by_default","parent":"_whatsnew12.html#table_of_contents","pageViews":0,"url":"https://kotlinlang.org/docs/whatsnew12.html#typedarrays-support-enabled-by-default","mainTitle":"What\u0027s new in Kotlin 1.2","product":"","headings":"What\u0027s new in Kotlin 1.2,TypedArrays support enabled by default","content":"The JS typed arrays support that translates Kotlin primitive arrays, such as IntArray, DoubleArray, into JavaScript typed arrays, that was previously an opt-in feature, has been enabled by default.\n","pageTitle":"TypedArrays support enabled by default","metaDescription":"","type":"Documentation","breadcrumbs":"What\u0027s new in Kotlin///Earlier versions","root":0,"depth":2}